id,name,brewery_type,address_1,city,state_province,postal_code,country,longitude,latitude,phone,website_url,state,street
ae7b3174-8be8-4d53-a3a5-9b8240970eea,'s,brewpub,1 Friesener Straße,Kronach,Bayern,96317,Germany,11.327765,50.241246,+49 9261 628000,http://www.antla.de,Bayern,1 Friesener Straße
aa7cbe9b-3a0f-4888-9884-6186b0042b55,’t Drankorgel,micro,31a Geelsebaan,Mol,Vlaanderen,2400,Belgium,5.0569549,51.1762578,+32 496 76 40 63,http://tdrankorgel.be/,Vlaanderen,31a Geelsebaan
1034754f-abf9-4b42-bd6d-37e110ba4b1a,'T Kroontje,micro,62 Hogebrug,Lebbeke,Vlaanderen,9280,Belgium,4.0913928,51.0078878,+32 495 43 33 25,http://www.tkroontje.be/,Vlaanderen,62 Hogebrug
5128df48-79fc-4f0f-8b52-d06be54d0cec,(405) Brewing Co,micro,1716 Topeka St,Norman,Oklahoma,73069-8224,United States,-97.46818222,35.25738891,4058160490,http://www.405brewing.com,Oklahoma,1716 Topeka St
9c5a66c8-cc13-416f-a5d9-0a769c87d318,(512) Brewing Co,micro,407 Radam Ln Ste F200,Austin,Texas,78745-1197,United States,,,5129211545,http://www.512brewing.com,Texas,407 Radam Ln Ste F200
34e8c68b-6146-453f-a4b9-1f6cd99a5ada,1 of Us Brewing Company,micro,8100 Washington Ave,Mount Pleasant,Wisconsin,53406-3920,United States,-87.883363502094,42.720108268996,2624847553,https://www.1ofusbrewing.com,Wisconsin,8100 Washington Ave
21f21cc0-5b2f-4b79-be29-3bc625bcc4c8,1. Altenberger Brauhaus,brewpub,18 Zirndorfer Straße,Oberasbach,Bayern,90522,Germany,10.9685585,49.4369958,+49 911 604237,http://www.altenberger-brauhaus.de,Bayern,18 Zirndorfer Straße
6d14b220-8926-4521-8d19-b98a2d6ec3db,10 Barrel Brewing Co,large,62970 18th St,Bend,Oregon,97701-9847,United States,-121.281706,44.08683531,5415851007,http://www.10barrel.com,Oregon,62970 18th St
e2e78bd8-80ff-4a61-a65c-3bfbd9d76ce2,10 Barrel Brewing Co,large,1135 NW Galveston Ave Ste B,Bend,Oregon,97703-2465,United States,-121.3288021,44.0575649,5415851007,,Oregon,1135 NW Galveston Ave Ste B
e432899b-7f58-455f-9c7b-9a6e2130a1e0,10 Barrel Brewing Co,large,1411 NW Flanders St,Portland,Oregon,97209-2620,United States,-122.6855056,45.5259786,5032241700,http://www.10barrel.com,Oregon,1411 NW Flanders St
ef970757-fe42-416f-931d-722451f1f59c,10 Barrel Brewing Co,large,1501 E St,San Diego,California,92101-6618,United States,-117.129593,32.714813,6195782311,http://10barrel.com,California,1501 E St
9f1852da-c312-42da-9a31-097bac81c4c0,10 Barrel Brewing Co - Bend Pub,large,62950 NE 18th St,Bend,Oregon,97701,United States,-121.2809536,44.0912109,5415851007,,Oregon,62950 NE 18th St
ea4f30c0-bce6-416b-8904-fab4055a7362,10 Barrel Brewing Co - Boise,large,826 W Bannock St,Boise,Idaho,83702-5857,United States,-116.202929,43.618516,2083445870,http://www.10barrel.com,Idaho,826 W Bannock St
1988eb86-f0a2-4674-ba04-02454efa0d31,10 Barrel Brewing Co - Denver,large,2620 Walnut St,Denver,Colorado,80205-2231,United States,-104.9853655,39.7592508,7205738992,,Colorado,2620 Walnut St
1ecc330f-6275-42a5-b14e-00adbed62752,10 Torr Distilling and Brewing,micro,490 Mill St,Reno,Nevada,89502,United States,-119.7732015,39.5171702,7755307014,http://www.10torr.com,Nevada,490 Mill St
7531dbd8-afc9-4b5b-95bc-7ece7f2c0bf3,10-56 Brewing Company,micro,400 Brown Cir,Knox,Indiana,46534,United States,-86.627954,41.289715,6308165790,,Indiana,400 Brown Cir
49eaa1ab-5cee-40cd-a0dc-da14ba2b7dac,1000 Hills Brewing Company,brewpub,168 Old Main Road,Durban,KwaZulu-Natal,3610,South Africa,30.7063,-29.7711,+27 31 777 1566,https://1000hillsbrewingcompany.co.za/,KwaZulu-Natal,168 Old Main Road
5ae467af-66dc-4d7f-8839-44228f89b596,101 North Brewing Company,closed,1304 Scott St Ste D,Petaluma,California,94954-7100,United States,-122.665055,38.27029381,7077534934,http://www.101northbeer.com,California,1304 Scott St Ste D
4ffda196-dd59-44a5-9eeb-5f7fd4b58f5a,105 West Brewing Co,micro,1043 Park St,Castle Rock,Colorado,80109-1585,United States,-104.8667206,39.38269495,3033257321,http://www.105westbrewing.com,Colorado,1043 Park St
42aa37d5-8384-4ffe-8c81-7c982eff0384,10K Brewing,micro,2005 2nd Ave,Anoka,Minnesota,55303-2243,United States,-93.38952559,45.19812039,7633924753,http://10KBrew.com,Minnesota,2005 2nd Ave
232e8f62-9afc-45f5-b4bc-582c26b5c43b,10th District Brewing Company,micro,491 Washington St,Abington,Massachusetts,02351-2419,United States,-70.94594149,42.10591754,7813071554,http://www.10thdistrictbrewing.com,Massachusetts,491 Washington St
08f78223-24f8-4b71-b381-ea19a5bd82df,11 Below Brewing Company,micro,6820 Bourgeois Rd,Houston,Texas,77066-3107,United States,-95.5186591,29.9515464,2814442337,http://www.11belowbrewing.com,Texas,6820 Bourgeois Rd
58293321-14ae-49d7-9a7b-08436c9e63a6,1188 Brewing Co,brewpub,141 E Main St,John Day,Oregon,97845-1210,United States,-118.9218754,44.4146563,5415751188,http://www.1188brewing.com,Oregon,141 E Main St
e5f3e72a-fee2-4813-82cf-f2e53b439ae6,12 Acres Brewing Company,micro,Unnamed Street,Killeshin,Laois,R93 X3X8,Ireland,-6.979343891,52.84930763,353599107299,https://12acresbrewing.ie/,Laois,Unnamed Street
d81ff708-b5d2-478f-af6a-6d40f5beb9ac,12 Gates Brewing Company,brewpub,80 Earhart Dr Ste 20,Williamsville,New York,14221-7804,United States,,,7169066600,http://www.12gatesbrewing.com,New York,80 Earhart Dr Ste 20
fb94830f-6196-4f59-9189-c9060b778085,12 West Brewing Company,micro,3000 E Ray Rd Bldg 6,Gilbert,Arizona,85296-7832,United States,,,6023395014,http://www.12westbrewing.com,Arizona,3000 E Ray Rd Bldg 6
0faa0fb2-fffa-416d-9eab-46f67477c8ef,12 West Brewing Company - Production Facility,micro,,Mesa,Arizona,85207,United States,-111.5860662,33.436188,,,Arizona,
e54c2f02-acd6-4172-861d-fcfa54c8701a,122 West Brewing Co,closed,2416 Meridian St,Bellingham,Washington,98225-2405,United States,-122.485982,48.7621709,3603063285,https://www.122westbrew.com/,Washington,2416 Meridian St
d5cb896d-3e99-4e19-9693-5e06ce987e53,127 Brewing,micro,3090 Shirley Dr,Jackson,Michigan,49201-7010,United States,-84.43116792,42.28667212,5172581346,,Michigan,3090 Shirley Dr
06e9fffb-e820-45c9-b107-b52b51013e8f,12Degree Brewing,brewpub,820 Main St,Louisville,Colorado,80027-1865,United States,-105.1319826,39.9782443,3035791004,http://www.12degree.com,Colorado,820 Main St
50521ef7-f543-4c5d-98b1-0d0ee1a2be01,12welve Eyes Brewing,micro,141 E 4th St Ste LL2,Saint Paul,Minnesota,55101-1639,United States,,,6514938106,http://www.12welveEyes.com,Minnesota,141 E 4th St Ste LL2
950180bd-29c9-46b3-ad0c-e6f09799ec7f,13 Below Brewery,micro,7391 Forbes Rd,Cincinnati,Ohio,45233-1013,United States,-84.70634815,39.12639764,5139750613,http://www.13belowbrewery.com,Ohio,7391 Forbes Rd
45119c56-345b-4adc-b481-c5cf7bfe98c4,13 Stripes Brewery,brewpub,"250 Mill St, Suite PW3101",Taylors,South Carolina,29687,United States,,,8643491430,http://www.13StripesBrewery.com,South Carolina,"250 Mill St, Suite PW3101"
936c3d7e-5d54-4459-b72c-117cdda059b4,13 Virtues Brewing Co,brewpub,6410 SE Milwaukie Ave,Portland,Oregon,97202-5518,United States,-122.6487531,45.4762536,5032393831,http://www.13virtuesbrewing.com,Oregon,6410 SE Milwaukie Ave
5c53b314-ebab-4e3e-89be-e4139d9318ae,1323 R & D,micro,1323 Capital Blvd 1323 R and D,Raleigh,North Carolina,27603-1117,United States,,,9199775654,http://www.1323rnd.com,North Carolina,1323 Capital Blvd 1323 R and D
4788221a-a03b-458c-9084-4cadd69ade6d,14 Cannons Brewing Company,micro,31125 Via Colinas Ste 907,Westlake Village,California,91362-3974,United States,-118.802397,34.15334,8186996165,http://14cannons.com,California,31125 Via Colinas Ste 907
b7b68d22-5045-4501-b9bf-ec94946eaffc,14 Lakes Brewery,micro,,Crosslake,Minnesota,56442,United States,,,2186924129,,Minnesota,
4b677b60-fef1-42e2-90ef-dadc1bd7fb06,14er Brewing Company,proprietor,2801 Walnut St,Denver,Colorado,80205-2235,United States,-104.9839636,39.7614112,7207731437,http://www.14erBrewing.com,Colorado,2801 Walnut St
6c53984f-fac1-4ea7-9c44-44e25897c71a,14th Star Brewing,micro,133 N Main St Ste 7,Saint Albans,Vermont,05478-1735,United States,,,8025285988,http://www.14thstarbrewing.com,Vermont,133 N Main St Ste 7
c1dc2b15-1ad0-4af4-840b-13a5c204f19a,1516 Westparkbräu,brewpub,6 Am Westpark,Ingolstadt,Bayern,85057,Germany,11.3903278,48.7752587,+49 841 9568777,http://www.westparkbraeu.com,Bayern,6 Am Westpark
85192a9c-58a4-48c3-bd9d-496d09d22aa3,16 Lots Brewing,brewpub,753 Reading Rd,Mason,Ohio,45040-1303,United States,-84.3183801,39.3545967,5134863672,http://www.16lots.com,Ohio,753 Reading Rd
284b44f8-6ccb-4cd6-8d06-f2ad882a47c3,16 Mile Brewing Co,micro,413 S Bedford St,Georgetown,Delaware,19947-1849,United States,-75.37816436,38.6788938,3022538816,http://www.16milebrewery.com,Delaware,413 S Bedford St
ee6d39c6-092f-4623-8099-5b8643f70dbe,16 Stone Brewpub,brewpub,9542 Main St,Holland Patent,New York,13354,United States,-75.2565195,43.24211175,3158658500,http://www.16stonebrewpub.com,New York,9542 Main St
d35b40b0-a3ff-4878-a6ee-9caa2149b521,1623 Brewing Company,brewpub,5975 Exchange Dr Suite H-L,Eldersburg,Maryland,21784,United States,-76.9773575,39.4164017,4432181410,https://1623brewing.com,Maryland,5975 Exchange Dr Suite H-L
84bd3b3c-bd2d-4e07-bc31-b43a8c8ebf4c,1717 Brewing Co,micro,322 E Court Ave,Des Moines,Iowa,50309-2015,United States,-93.6120353,41.5872267,5152437868,http://1717brewing.com,Iowa,322 E Court Ave
f41a0c47-ba9b-4547-bfed-fcbefe0fc74b,1718 Ocracoke Brewing,brewpub,1129 Irvin Garrish Hwy,Ocracoke,North Carolina,27960,United States,-75.97176063,35.10715368,2529282337,http://www.ocracokebrewing.com,North Carolina,1129 Irvin Garrish Hwy
84d621c4-81a5-44e6-aca7-1566c2e67cc0,1781 Brewing Company,micro,11109 Plank Rd,Spotsylvania,Virginia,22553-4258,United States,,,5408412598,,Virginia,11109 Plank Rd
896f26a1-d80e-4790-9287-026a86c1799d,180 and Tapped,micro,2010 A State Ave,Coraopolis,Pennsylvania,15108,United States,-80.15020356,40.50984957,4127375273,http://www.180andtapped.com,Pennsylvania,2010 A State Ave
31935dfe-87ab-4b3c-b845-1347e78f3d98,1812 Brewery,micro,13006 Mason Road NE,Cumberland,Maryland,21502,United States,-78.7008528,39.7021475,3013382490,http://1812brewery.com/,Maryland,13006 Mason Road NE
46839a79-b7bf-4733-b91b-ce116d062a57,1817 Brewery,micro,100 B South Olive St,okolona,Mississippi,38860,United States,-88.750264,34.001703,6623055907,,Mississippi,100 B South Olive St
1a1b2165-73ed-40aa-b89b-56794d140f22,1840 Brewing Company,micro,342 E Ward St,Milwaukee,Wisconsin,53207-1348,United States,-87.90606942,43.00436242,4142364056,http://www.1840brewing.com,Wisconsin,342 E Ward St
fe6b9893-b93e-43d5-a9f6-3e0c89a3f13c,1850 Brewing Company,micro,,Mariposa,California,95338,United States,-119.9036592,37.570148,,http://www.1850restaurant.com,California,
b51f3cdf-60ff-4ae1-94a7-76906c7d62eb,18th Street Brewery,micro,5725 Miller Ave,Gary,Indiana,46403-2871,United States,-87.26887786,41.59928343,,http://www.18thstreetbrewery.com,Indiana,5725 Miller Ave
add7f978-942e-4d56-b209-c80837a51d69,18th Street Brewery,micro,5417 Oakley Ave,Hammond,Indiana,46320-1817,United States,-87.517422,41.61556796,,,Indiana,5417 Oakley Ave
dbde8235-2b55-4d8b-8b1c-438155abe104,1905 Brewing Company,micro,1301 S Chestnut St,Assumption,Illinois,62510-8504,United States,-89.0503635,39.5172564,2172549374,http://1905BrewingCompany.com,Illinois,1301 S Chestnut St
4f4b5b34-d572-4dff-a18f-47e507c073e6,1912 Brewing,micro,2045 N Forbes Blvd Ste 105,Tucson,Arizona,85745-1444,United States,-110.9927505,32.24673727,5202564851,http://www.1912brewing.com,Arizona,2045 N Forbes Blvd Ste 105
4ccad9b9-f9cf-4d21-b6d5-ab005ee1532d,192 Brewing,micro,7324 NE 175th St,Kenmore,Washington,98028-2500,United States,-122.2415652,47.75670075,4254242337,http://www.192brewing.com,Washington,7324 NE 175th St
4a09f017-db8f-42e1-a8ec-a0cd81c28761,1940's Brewing Company,micro,1337 Lincoln Ave Unit 1,Holbrook,New York,11741-2275,United States,,,6315334838,http://www.1940sbrewingcompany.com,New York,1337 Lincoln Ave Unit 1
4dcaeaa3-d7cc-4016-9392-5bde4e3a8f4d,1st Republic Brewing Co,micro,39 River Rd Ste 6,Essex Junction,Vermont,05452-3879,United States,,,8028575318,https://www.1strepublicbrewingco.com/,Vermont,39 River Rd Ste 6
9046adec-ed04-4c60-8043-4a02e9e2dabc,2 Basset Brewery,micro,202 E Main St,White Sulphur Springs,Montana,59645-9081,United States,-110.9004865,46.54807609,4065472337,http://www.2bassetbrewery.com,Montana,202 E Main St
8436b02b-9a06-474c-b5eb-8ff9aedf1f99,2 Dogz and A Guy Brewing,micro,228 Church St,Montrose,Pennsylvania,18801-1271,United States,-75.8800318,41.8336364,5704320069,http://2dogzandaguybrewing.com,Pennsylvania,228 Church St
2005a2bb-0f89-4520-8553-f79cf0b4c909,2 Feet Brewing Company,brewpub,80 Columbia St,Bangor,Maine,04401-6319,United States,-68.77283099,44.80012684,2075731979,http://www.2feetbrewing.com,Maine,80 Columbia St
d30841d8-0152-469f-9a19-1b97a5f965a6,2 HALFS Brewing Distilling,micro,2 Stokes Avenue,Alexandria,NSW,2015,Australia,151.1979,-33.902839,+61 2 8068 0915,https://2halfs.com.au/,NSW,2 Stokes Avenue
6948c755-a504-42f9-88e8-d04d027731e5,2 Row Brewing,micro,6856 S 300 W,Midvale,Utah,84047-1083,United States,-111.9007652,40.5950202,8019878663,http://www.2rowbrewing.com,Utah,6856 S 300 W
fb2460bb-d6bb-4690-a700-f0b5628cc7dd,2 Silos Brewing Company,micro,9925 Discovery Blvd,Manassas,Virginia,20109,United States,,,7034202257,http://www.2silosbrewing.com,Virginia,9925 Discovery Blvd
836cb05e-ee8f-4798-859e-fe0bedb0186a,2 Tones Brewing Co.,micro,4539 E Broad St,Whitehall,Ohio,43213-1308,United States,-82.9118174,40.0030689,,http://www.2tonesbrewingco.com,Ohio,4539 E Broad St
5ec3b488-48bd-49a7-9828-05bd90195cd5,2 Tread Brewing Co,brewpub,1018 Santa Rosa Plz,Santa Rosa,California,95401-6399,United States,-122.7167729,38.4387767,4152330857,http://www.2treadbrewing.com,California,1018 Santa Rosa Plz
8624d11b-8593-49a8-89b4-c46a0f111cd7,2 Way Brewing Company,brewpub,18 W Main St,Beacon,New York,12508-2512,United States,-73.9809868,41.5082102,8452027334,http://www.2waybrewingcompany.com,New York,18 W Main St
5cda93ce-6b16-4374-9d43-bb4383be0187,2 Witches Winery and Brewing Company,micro,209 Trade St,Danville,Virginia,24541-3545,United States,-79.42125553,36.58590349,4345492739,http://www.2witcheswinebrew.com,Virginia,209 Trade St
64a48d9e-08e9-45e3-83ca-f00d24bb7e49,20 Corners Brewing LLC,brewpub,14148 NE 190th St Ste A,Woodinville,Washington,98072-8437,United States,-122.1517007,47.76864301,4253755223,http://www.20cornersbrewing.com,Washington,14148 NE 190th St Ste A
c018299b-db2d-438b-b58c-ecaa0f07a0df,210 Brewing Co,brewpub,3438 Stoluckquamish Ln,Arlington,Washington,98223-9056,United States,-122.18421,48.215096,3604749740,http://www.angelofthewind.com,Washington,3438 Stoluckquamish Ln
00fdce16-e1dd-4678-87f2-45550f9083e1,212 Brewing Company,contract,21476 Route 23,Davenport,New York,13750,United States,,,2123779050,,New York,21476 Route 23
46a8ed58-5d1a-413e-871e-d2d29d6d43f0,217 Brew Works,micro,217 South St S,Wilson,North Carolina,27893-4911,United States,-77.9120318,35.7227625,2529916959,,North Carolina,217 South St S
63baab9a-b561-4eff-8619-f95290a61b77,21st Amendment Brewery,regional,2010 Williams St Unit A,San Leandro,California,94577-2334,United States,-122.1772928,37.71130036,5105952111,http://www.21st-Amendment.com,California,2010 Williams St Unit A
8f9621dc-da98-4ddb-82a1-039c9e2b3224,21st Amendment Brewery Cafe,brewpub,563 2nd St,San Francisco,California,94107-1411,United States,-122.3925769,37.782448,4153690900,http://www.21st-amendment.com,California,563 2nd St
84337872-75da-4cdd-9f8f-1e1691f21642,21st St Brewers Bar,brewpub,2017 Chouteau Ave,Saint Louis,Missouri,63103,United States,-90.213781,38.624291,3142416969,http://www.21stbrew.com,Missouri,2017 Chouteau Ave
2711c5ad-83cb-4917-932e-b8bbf1a25ffb,23 Brewing Company / Lizzie B's Cafe,brewpub,2010 KY Route 321,Prestonsburg,Kentucky,41653-9103,United States,,,6068862844,http://www.23brewingcompany.com,Kentucky,2010 KY Route 321
e05dc493-284f-4ece-995e-19899398f077,238 Brewing Company,closed,10321 E Day Mt Spokane Rd,Mead,Washington,99021,United States,,,5092382739,http://www.238brewing.com,Washington,10321 E Day Mt Spokane Rd
29c73154-9117-4f27-98e1-b5bb5f69c055,23rd Ave Brewery,closed,2313 S Jackson St,Seattle,Washington,98144-2340,United States,-122.301811,47.599163,2066792048,https://23rd-ave-brewery.square.site,Washington,2313 S Jackson St
c70c8ad5-4bfa-4b2a-a383-7e7d15e0baf9,23rd Street Brewery,brewpub,3512 Clinton Pkwy,Lawrence,Kansas,66047-2145,United States,-95.28093353,38.9429674,7858562337,http://www.brew23.com,Kansas,3512 Clinton Pkwy
6751228c-5373-4a54-8d68-72df6849a437,26 Degree Brewing Company,micro,2600 E Atlantic Blvd,Pompano Beach,Florida,33062-4940,United States,-80.1224169,26.2316338,9545326964,,Florida,2600 E Atlantic Blvd
e0444512-54a6-4a44-b5bb-0f9b88326454,27 South Brewing,micro,44 Milsom Street,Coorparoo,QLD,4151,Australia,153.0567537,-27.4869498,,http://www.27southbrewing.com.au/,QLD,44 Milsom Street
43cd61af-dd59-4a91-8e3f-fce26a141a9b,28 Brewery,micro,80 Boulevard Anspach,Bruxelles,Brussels Capital Region,1000,Belgium,4.3499006,50.8482035,+32 2 880 47 00,https://www.belgianbeerworld.be/,Brussels Capital Region,80 Boulevard Anspach
d6e77d51-2fa2-44cb-89b3-c94bf1dc77df,28th State Brewing,planning,,Houston,Texas,77095-6933,United States,,,,https://www.instagram.com/28thstatebrew/?hl=en,Texas,
7d13ee75-e7e3-4623-862a-43a18dd6a1ae,2C Family Brewing Co.,micro,1215 1st St S,Nampa,Idaho,83651-3957,United States,-116.559282,43.578989,2084753981,,Idaho,1215 1st St S
5fdcc498-f9df-4fa5-b35d-487a59f0fecc,2Kids Brewing Company,micro,8680 Miralani Dr Ste 123,San Diego,California,92126-6391,United States,-117.137429,32.896584,8584805437,http://www.2kidsBrewing.com,California,8680 Miralani Dr Ste 123
be0ec266-d637-42e4-94ba-4ce21e456054,2nd Shift Brewing Co,brewpub,1601 Sublette Ave,Saint Louis,Missouri,63110-1924,United States,-90.280526,38.621943,6187910728,http://www.2ndshiftbrewing.com,Missouri,1601 Sublette Ave
fb8eee34-da8a-42b2-bc4c-77020024a7f0,2nd Story Brewing Company,brewpub,117 Chestnut St Frnt,Philadelphia,Pennsylvania,19106-4700,United States,,,2673145770,http://www.2ndstorybrewing.com/,Pennsylvania,117 Chestnut St Frnt
3cf2698f-4193-4591-aab3-a8ef0fbedcab,2SP Brewing Company,micro,120 Concord Rd,Aston,Pennsylvania,19014-2909,United States,,,4844837860,http://www.2spbrewing.com,Pennsylvania,120 Concord Rd
e2923681-b2b4-443b-9f90-6d560992e85f,2T,micro,1 Bismarckstraße,Lindlar,Nordrhein-Westfalen,51789,Germany,7.375127,51.0241713,+49 2266 8058830,http://www.2t-brauerei.de,Nordrhein-Westfalen,1 Bismarckstraße
9fdb80f1-a96f-4dc4-80a2-5b0d9a246916,3 Beards Beer Company,contract,4 Main St,Williamsburg,Massachusetts,01096,United States,-72.7305059,42.3923659,6173837039,http://www.3beardsbeer.com,Massachusetts,4 Main St
58fd6094-aa06-487e-85fe-4376cd81f0ab,3 Brewers,brewpub,275 Yonge Street,Toronto,Ontario,M5B1N8,Canada,-79.3804435,43.6555221,(647) 347-6286,https://www.les3brasseurs.ca/en/find-a-3-brasseurs/,Ontario,275 Yonge Street
065200ec-51cf-4612-b1b9-61f7db489c3c,3 Daughters Brewing,micro,222 22nd St S,Saint Petersburg,Florida,33712-1240,United States,-82.6629721,27.76899022,7274956002,http://www.3dbrewing.com,Florida,222 22nd St S
60c00c0b-b797-4f6a-b442-3bfbaec156ca,3 Disciples Brewing,micro,,Sebastopol,California,95472-5937,United States,-122.8332502,38.3845125,7072287309,http://www.3disciplesbrewing.com/home,California,
ad9ec3c5-cd44-4fcb-a4d1-cbec897839b1,3 Fonteinen,micro,47 Molenstraat,Beersel,Vlaanderen,1651,Belgium,4.2736147,50.763105,+32 2 306 71 03,https://3fonteinen.be/nl/,Vlaanderen,47 Molenstraat
a1887b5a-0c21-43cf-9547-527b7c11dcf4,3 Freaks Brewing Co,micro,7140 E County Line Rd,Highlands Ranch,Colorado,80126-3926,United States,-104.9426656,39.5659575,7202990994,http://www.3freaksbrewery.com,Colorado,7140 E County Line Rd
a74744eb-ca98-43c5-9199-09df39f8b400,3 Iron Brewing Company,micro,898 Via Lata Ste A,Colton,California,92324-3920,United States,-117.3066993,34.05616889,9095334892,http://www.3ironbrewingco.com,California,898 Via Lata Ste A
1218736c-bfcf-4b95-b473-7399aaf60d1d,"3 Keys Brewing Company, LLC",brewpub,2505 Manatee Ave E,Bradenton,Florida,34208-2421,United States,-82.53393502,27.49645026,9412180396,http://www.3keysbrewing.com,Florida,2505 Manatee Ave E
ed387340-ea78-4f65-9de0-15e2da50371e,3 Nations Brewing,micro,2405 Squire Pl Ste 200,Farmers Branch,Texas,75234-4714,United States,-96.89883128,32.93044336,4696607184,http://www.threenationsbrewing.com,Texas,2405 Squire Pl Ste 200
50f26a2b-242d-40af-b78b-cf975ce37761,3 Ravens,micro,260 Dundas Street,Thornbury,VIC,3071,Australia,145.026872,-37.755894,+61 424 707 592,https://3ravens.com.au/index,VIC,260 Dundas Street
a8fda9a9-026b-4b15-86b9-62b4ccb126c1,3 Sheeps Brewing Co,micro,1837 North Ave,Sheboygan,Wisconsin,53083-4620,United States,-87.73006524,43.77384561,9209469715,http://www.3sheepsbrewing.com,Wisconsin,1837 North Ave
5595bb24-e2b8-4a6e-9f0b-451fac8dd903,3 Sheets Brewery,micro,136 W 1st Ave,Albany,Oregon,97321,United States,,,5416190183,http://www.3sheetsbrewery.com,Oregon,136 W 1st Ave
e2ddeea8-03d4-43e7-bfd0-d27797b9d016,3 Sons Brewing Co.,proprietor,236 N Federal Hwy,Dania,Florida,33004-2870,United States,-80.14361029,26.04800238,9546013833,http://www.3sonsbrewingco.com,Florida,236 N Federal Hwy
bd8b76ca-a70a-4363-96cb-24f1d0118a74,3 Stars Brewing Co,closed,6400 Chillum Pl NW Ste B,Washington,District of Columbia,20012-2111,United States,,,2026700333,http://www.3starsbrewing.com,District of Columbia,6400 Chillum Pl NW Ste B
cb56e27e-d113-4f74-925a-69305a56d082,3 Trails Brewing Co,micro,111 N Main St,Independence,Missouri,64050,United States,-94.41265,39.122385,8168866256,http://www.3trailsbrewing.com,Missouri,111 N Main St
6c5dabed-6a59-4610-abc9-b1e958393186,30 Mile Brewing Co.,closed,39 Ragged Rock Rd Unit 5,Old Saybrook,Connecticut,06475-1518,United States,,,8603395238,http://www.30milebrewingco.com,Connecticut,39 Ragged Rock Rd Unit 5
2f6062af-4d6f-42b2-b4ad-626cf01a1fec,300 Suns Brewing Company,brewpub,335 1st Ave Unit C,Longmont,Colorado,80501-5958,United States,,,,http://www.300sunsbrewing.com,Colorado,335 1st Ave Unit C
3b0b5b9b-f6d8-49e3-8ebd-0bcef6939bcd,32 North Brewing Co,brewpub,8655 Production Ave Ste A,San Diego,California,92121-2258,United States,-117.1649842,32.88313237,(619) 363-2622,https://42northbrewing.com,California,8655 Production Ave Ste A
3b836ff9-8088-4df0-b2f1-8287f2a35b81,33 Acres Brewing Company,brewpub,15 West 8th Avenue,Vancouver,British Columbia,V5Y 1M8,Canada,-123.1053533,49.2637804,,http://www.33acresbrewing.com,British Columbia,15 West 8th Avenue
70749225-122e-4824-852b-29680e90c8ec,33 Brewing Experiment,brewpub,25 West 8th Avenue,Vancouver,British Columbia,V5Y 1M8,Canada,-123.1053533,49.2637804,,http://www.33acresbrewing.com,British Columbia,25 West 8th Avenue
a964a343-e4f1-40d8-9353-09ef9b74f513,34 Degree North Experiment Station,micro,4802 Main St,Shallotte,North Carolina,28470,United States,-78.38636517,33.97270364,,,North Carolina,4802 Main St
098595c2-f606-40b4-9b49-195f73fb6fd6,350 Brewing Co,brewpub,7144 183rd St,Tinley Park,Illinois,60477-3933,United States,-87.79160288,41.55864726,7088257339,http://www.350brewing.com,Illinois,7144 183rd St
63969ec8-b557-4c71-b993-ad00c99ab70e,360 Degree Brewing Company,micro,Bluebell Business Estate,Sheffield Park,East Sussex,TN22 3HQ,England,-0.00086,50.993912,1825722375,https://www.360degreebrewing.com/,East Sussex,Bluebell Business Estate
55de8d28-4231-4497-8ff7-3031e7bb3be5,38 State Brewing,micro,8071 S Broadway Ste A,Littleton,Colorado,80122-2730,United States,,,7206383678,http://www.38statebrew.com,Colorado,8071 S Broadway Ste A
dfa3f8fc-21cf-443d-ba8d-8adfc6873852,38°-75° Brewing,brewpub,2000 Coastal Highway STE 105,Rehoboth Beach,Delaware,19971,United States,-75.090191,38.7074994,3022278519,,Delaware,2000 Coastal Highway STE 105
53305a0f-9b51-4f73-bf5e-88bb0439b216,380 Brewing Company,planning,,Clancy,Montana,59634,United States,,,2065796509,,Montana,
b84d47b5-43a1-4a05-9ee4-e795dfbf019c,3806 Brewing,micro,12 Enterprise Avenue,Berwick,VIC,3806,Australia,145.3416748,-38.0371856,+61 477 581 483,http://3806.beer/,VIC,12 Enterprise Avenue
842d193f-7a1b-4960-86f8-7d6614884005,3cross Fermentation Cooperative,micro,4 Knowlton Ave,Worcester,Massachusetts,01603,United States,-71.83057593,42.24364875,5086158195,http://www.3cross.coop,Massachusetts,4 Knowlton Ave
4f70ac94-eca5-4cec-8581-92ec5afdf4f2,3Halves Brewing Co,brewpub,110 E Kansas St,Liberty,Missouri,64068-2374,United States,-94.4190247,39.2461993,8164296886,http://www.3halvesbrewingco.com,Missouri,110 E Kansas St
694547f5-28fd-4363-bad6-03b6eaf0f1dd,3rd Degree Brewhouse,micro,1625 N Main St,Fuquay Varina,North Carolina,27526,United States,-78.794223,35.5914556,9192015457,http://www.facebook.com/3rddegreebrewhouse/,North Carolina,1625 N Main St
370fdc3b-55a0-43f0-a54e-f617a7cec7b8,3rd Planet Brewing,micro,120 Partin Dr N,Niceville,Florida,32578-2053,United States,,,8505029952,http://www.facebook.com/3rdplanetbrewing/,Florida,120 Partin Dr N
3c9354c5-4d21-40a8-8e53-8f2f9b5e043b,3rd Rock Brewing Company,micro,134 Industrial Park Dr,Trenton,North Carolina,28585-9593,United States,-77.36749285,35.06939877,2526319213,http://www.3rockbrew.com,North Carolina,134 Industrial Park Dr
2eed7840-ec52-48b5-b22e-d9d76bd01929,3rd Turn Brewing,micro,10408 Watterson Trl,Louisville,Kentucky,40299-3702,United States,-85.56656078,38.19322725,,http://www.3rdturnbrewing.com,Kentucky,10408 Watterson Trl
781bda70-39b2-4f3f-9213-9d0f44c08991,3rd Wave Brewing Co,micro,501 N Bi State Blvd,Delmar,Delaware,19940-1106,United States,,,3029070423,http://www.3rdwavebrewingco.com,Delaware,501 N Bi State Blvd
a00c1c11-dede-4d7f-a514-bd291b6db283,3TREE BREWERY,micro,3-19 Futabacho,Ibaraki,Osaka,567-0829,Japan,135.5780968,34.81744613,,https://3tree-brewery.jimdosite.com/,Osaka,3-19 Futabacho
b72f2ce6-e062-404d-ac31-c1060db2d870,4 By 4 Brewing Company,micro,2811 E Galloway St Ste A,Springfield,Missouri,65804-4601,United States,-93.239889,37.147986,4178616400,http://www.4by4brewingcompany.com,Missouri,2811 E Galloway St Ste A
ac2f41ed-e1e8-4586-aa78-253543db7714,4 Hands Brewing Co,regional,1220 S 8th St,Saint Louis,Missouri,63104-3610,United States,-90.19762012,38.61526593,3144361559,http://www.4handsbrewery.com,Missouri,1220 S 8th St
dc652569-19d7-4f63-a999-3e8d5d6798c1,4 Noses Brewing Company,micro,8855 W 116th Cir Ste 3,Broomfield,Colorado,80021-2521,United States,,,7204602797,http://4nosesbrewing.com,Colorado,8855 W 116th Cir Ste 3
cbcca8ac-55f6-47cb-967f-1a77dfa959e5,4 Pines,large,,Richmond,VIC,3121,Australia,144.9901574,-37.824664,,,VIC,
7c669ae6-460d-476b-bc56-0b4d566a152c,4 Stitch Brewing Co - Brewery & Taproom,taproom,16709 9th Ave SE,Mill Creek,Washington,98012-6309,United States,-122.21991381534,47.84671432549,4252247583,https://www.4stitchbrewing.com,Washington,16709 9th Ave SE
b237e2d5-dabc-41f9-a3ff-2b4e3f3a9c8e,4 Stitch Brewing Co - Taproom & Kitchen,brewpub,5817 238th St SE Ste 3,Woodinville,Washington,98072-8669,United States,-122.15488674812,47.782473284418,4252866004,https://www.4stitchbrewing.com,Washington,5817 238th St SE Ste 3
d4c7fb43-6671-4597-8cdd-e938d751aca2,400 North Brewing,planning,,Sugarhill,Georgia,30518-7916,United States,,,4047911119,http://400northbrewing.com,Georgia,
9c3f919e-e6de-4e43-91cb-30f3e73ad591,406 Brewing Company,micro,"101 E Oak St, Ste D",Bozeman,Montana,59715-2967,United States,,,4065853745,http://www.406brewingcompany.com,Montana,"101 E Oak St, Ste D"
b7f2ebb8-6764-4654-a98b-246724c8952a,411 Broadway Ales,planning,,Fresno,California,93721-2801,United States,-119.7088613,36.7295295,5412706076,,California,
ef60f8cf-0fdc-4ea1-aa94-09e1f869176b,412 Brews,brewpub,706 Island Ave,Mc Kees Rocks,Pennsylvania,15136-3287,United States,,,,http://www.412brews.com,Pennsylvania,706 Island Ave
dad10840-28ab-4dcf-9005-bf2cc2665b5a,42 North Brewing Company,brewpub,25 Pine St,East Aurora,New York,14052-1827,United States,-78.607989,42.769311,7168057500,http://www.42northbrewing.com,New York,25 Pine St
52dd0878-928b-4b47-b7fa-602f140592ed,4204 Main Street Brewing Co,brewpub,4204 W Main St,Belleville,Illinois,62226,United States,-90.02053343,38.53796122,6184167261,,Illinois,4204 W Main St
1d3084b5-c9bc-4380-9862-14e837b82bb9,45 Degree Brewhouse,micro,10421 E Sprague Ave,Spokane Valley,Washington,99206-3629,United States,-117.264473,47.657478,5092413281,http://45degreebrewhouse.com,Washington,10421 E Sprague Ave
eb3d0c66-bbe8-495d-a876-924f0c0cf509,450 North Brewing Company @ Simmons Winery,brewpub,8111 E 450 N,Columbus,Indiana,47203-8106,United States,,,8125460091,http://www.450northbrewing.com,Indiana,8111 E 450 N
6b892c61-269b-453f-acd1-b79491b0ef0b,47 Hills Brewing Co,brewpub,137 S Linden Ave,South San Francisco,California,94080-6410,United States,-122.4136168,37.64425595,6508678476,http://47hillsbrewingcompany.com,California,137 S Linden Ave
cd97aeab-a499-4c95-b20b-881bfe3ed6c8,49th State Brewing Co,micro,248.4 Parks Hwy 5 Mile,Healy,Alaska,99743,United States,-149.017877,63.864759,9076832739,https://www.49statebrewing.com/denali,Alaska,248.4 Parks Hwy 5 Mile
eaa4afea-bcb5-434c-839e-ef48fe8811d0,49th State Brewing Co - Anchorage,brewpub,717 W 3rd Ave,Anchorage,Alaska,99501-2104,United States,-149.8958196,61.2197366,9076832739,http://www.49statebrewing.com/,Alaska,717 W 3rd Ave
025dbb4f-15b3-483e-b78a-348914fa0136,49th State Brewing Co - Ted Stevens,taproom,5000 W International Airport Rd,Anchorage,Alaska,99502-1023,United States,-149.99057054233,61.177175621109,9077432504,https://www.49thstatebrewing.com/ted-stevens,Alaska,5000 W International Airport Rd
dbf0d7e7-4e2c-4574-9dee-791d95496811,4B's Brewery,brewpub,215 W Main St,Cedaredge,Colorado,81413-3339,United States,-107.925782,38.900614,9708567762,http://www.4bsbrewery.com,Colorado,215 W Main St
aea0a6f9-557e-4907-be23-d80737a071e4,4J Brewing Company,micro,1348 Cedar Post Ln.,Houston,Texas,77055,United States,,,7136780776,https://4jbrewingcompany.com,Texas,1348 Cedar Post Ln.
53efe9e9-dbb3-4c98-ab77-61515abef2a9,4kd Crick Brewery,brewpub,211 Carpenter Rd,Defiance,Ohio,43512-1718,United States,-84.341647,41.296252,4199562863,http://Www.4kdcrickbrewery.com,Ohio,211 Carpenter Rd
760e8395-f2a2-4161-9bf1-c72ed1aa6ae3,4th Tap Brewing Cooperative,micro,10615 Metric Blvd,Austin,Texas,78758-4520,United States,-97.7118913,30.3852024,5129089817,,Texas,10615 Metric Blvd
d8b4ad26-346b-40dd-8215-b0e89ace23e2,5 Alarm Brewing Co,micro,211 W Main St,Lake Mills,Iowa,50450,United States,-93.53398788,43.41926615,6415922739,,Iowa,211 W Main St
c17a3e56-4d4e-405e-a21b-85f415903674,5 Lakes Brewing Co.,brewpub,1638 142nd Ave,Dorr,Michigan,49323-9312,United States,-85.70445518,42.72497157,6163599555,http://www.5lakesbrewing.com,Michigan,1638 142nd Ave
75eff8e1-7c25-483a-a2b2-49ecdbf16d31,5 Lamps Brewery,regional,84-87 Camden St.,Dublin,Dublin,D02 DH36,Ireland,-6.26585621,53.33596635,,https://the5lampsbrewery.com/home/,Dublin,84-87 Camden St.
257e9aac-7dbe-4656-b366-9d8a94c49d58,5 North Brewing Company,closed,6501 N Cedar Rd,Spokane,Washington,99208,United States,-117.4328496,47.71758683,5093217818,http://5northbrewingcompany.com/,Washington,6501 N Cedar Rd
a34cb542-e683-4e86-ac8a-d285f891f083,5 Paddles Brewing Company,micro,1 Industrial Blvd,Whitby,Ontario,L1N 9L5,Canada,,,9054445050.0,http://5paddlesbrewing.com,Ontario,1 Industrial Blvd
f927d8d6-3151-4073-9d20-410ca617853e,5 Rabbit Cerveceria Inc,micro,6398 W 74th St,Chicago,Illinois,60638-6129,United States,-87.6572069,41.7595502,3128959591,http://www.5rabbitbrewery.com,Illinois,6398 W 74th St
5c99b790-e00d-4ca6-86a5-37723f728690,5 Rights Brewing Co,micro,1514 3rd St,Marysville,Washington,98270,United States,-122.1762906,48.05156015,4253341026,http://www.5rightsbrewing.com,Washington,1514 3rd St
2af85509-aee5-46bc-ab1a-fd9b8b0026d4,5 Rivers Brewing LLC,planning,,Spanish Fort,Alabama,36527-3161,United States,-87.9152724,30.6749127,2516897483,http://5riversbrewing.com,Alabama,
80c395e8-28c8-460a-9cc5-721fcc22410f,5 Seasons Brewing Co - Prado,brewpub,5600 Roswell Rd,Sandy Springs,Georgia,30342-1150,United States,-84.3796711,33.9078086,4042555911,http://www.5seasonsbrewing.com,Georgia,5600 Roswell Rd
baad8dd7-b295-480c-8f64-e499562a3662,5 Seasons Brewing Co - Westside,brewpub,1000 Marietta St NW Ste 204,Atlanta,Georgia,30318-0683,United States,,,4048753232,http://www.5seasonsbrewing.com,Georgia,1000 Marietta St NW Ste 204
83d47922-0a23-4b85-9c1c-d50b9135d64a,5 Stones Artisan Brewery,micro,11335 Farm To Market Road 1863,New Braunfels,Texas,78132,United States,-98.232345,29.711365,2103808215,,Texas,11335 Farm To Market Road 1863
fafc2e23-c3bf-46d3-87c0-00e92209269b,515 Brewing Co,micro,7700 University Ave,Clive,Iowa,50325-1271,United States,-93.7228408,41.599992,5156614615,http://www.515brewing.com,Iowa,7700 University Ave
7e12d827-22dc-4d07-8715-8192c9680b23,5150 Brewing At The Brass Tap Rocklin,micro,5150 Commons Dr Ste 101,Rocklin,California,95677-3925,United States,-121.207331,38.8047402,9162462729,http://www.brasstaprocklin.com,California,5150 Commons Dr Ste 101
132540a2-23c8-4720-8c58-31292d264c4a,51st State Brewing Company,brewpub,115 Harding Ave,Kingsford,Michigan,49802-3815,United States,-88.08819,45.808408,9068282167,http://www.51ststatebrewingcompany.com,Michigan,115 Harding Ave
5858b701-9e27-44e6-8ab8-b950b72c4181,51st Ward Beer Company,contract,323 N Washington St,Westmont,Illinois,60559-1512,United States,-87.981157,41.804494,7732205899,,Illinois,323 N Washington St
4d878d25-a8fb-49e7-93da-56d229bf46ff,54-40 Brewing Company,brewpub,3801 S Truman Rd Ste 1,Washougal,Washington,98671-2589,United States,-122.3269349,45.56577849,3609077062,http://www.54-40brewing.com,Washington,3801 S Truman Rd Ste 1
126f87c3-1c6d-4ff0-b35c-c8dfa9a8e1b4,550 Brewing,proprietor,119 E Chuska St,Aztec,New Mexico,87410-2110,United States,-107.9950235,36.8213739,5054861094,http://Www.550brew.com,New Mexico,119 E Chuska St
12e7f950-af94-4014-abdf-e09600209de9,555 Brewing Co.,micro,297 Main St,Wellington,Ontario,K0K 3L0,Canada,,,,http://www.555beer.com,Ontario,297 Main St
4a4baf4f-921c-46c0-9130-afcc4ce4f4d2,559 Local Brewing,micro,608 4th St,Clovis,California,93612-1183,United States,-119.7017487,36.82517171,5594731875,http://www.fresnobrewingcompany.com,California,608 4th St
b0d5d69d-b439-44a6-ab3e-0cbd15658dc7,56 Brewing,micro,3055 Columbia Ave NE Ste 102,Minneapolis,Minnesota,55418-1860,United States,,,6124040056,http://www.56brewing.com,Minnesota,3055 Columbia Ave NE Ste 102
f4a902c1-e5a6-43da-b3e4-a1ffc97d31a9,5770 Brewery,micro,303A W Main St,Teutopolis,Illinois,62467-1355,United States,-88.47806652,39.13142194,6183397841,http://www.5770brewery.com,Illinois,303A W Main St
90d1fa86-77d7-4a21-9818-e338fa6fdb96,583 양조장(583 Brewery),brewpub,"583-8, Uiam-ro",Jangsu-gun,Jeollabukdo,55621,South Korea,127.6205123,35.68271721,063-353-5515,http://www.583beer.modoo.at,Jeollabukdo,"583-8, Uiam-ro"
258bdc0a-6d5d-4c36-bcf7-e150b3ec6333,5th Company Brewing,brewpub,325 Front Street,Perryville,Maryland,21903,United States,-76.0769909,39.5581614,4106182046,http://www.5thcompanybrewing.com/,Maryland,325 Front Street
eaf55668-8444-4e4f-80c2-b9f32f7e4d83,5th Element Brewing,planning,,Leander,Texas,78641-4009,United States,,,9156378199,,Texas,
cc8de428-9663-466c-bae8-73ad9edf0892,5th Line Brewing Co,micro,1015 E Lincoln Ave Ste 106,Yakima,Washington,98901-2534,United States,-120.4930458,46.61136701,5093676300,https://5thlinebrewing.com/,Washington,1015 E Lincoln Ave Ste 106
849d5961-83c5-4115-9ae4-c0e93c8d3a7f,5x5 Brewing Co.,planning,,Mission,Texas,78572-6215,United States,,,9565291353,http://www.5x5brewing.com,Texas,
e2bb50c4-260f-4f42-8306-392f7bd5f4ba,6 & 40 Brewery/Taproom,planning,,Lakewood,Colorado,80215-5548,United States,-105.1100582,39.6311085,3032325347,http://www.tomsbrewshop.com,Colorado,
e5992621-3c91-4968-b913-85972aa66fbb,"6 Bears & A Goat Brewing Company, LLC",brewpub,1140 International Pkwy,Fredericksburg,Virginia,22406-1126,United States,,,54035690562,http://www.6bgbrewingco.com,Virginia,1140 International Pkwy
76ee21a3-d4bd-4526-9ef8-5a23a4507566,6 Bridges Brewing,planning,,Johns Creek,Georgia,30097,United States,,,7708460292,http://www.sixbridgesbrewing.com,Georgia,
6f431fe7-b136-444b-84e3-3a2042903d93,6 Degrees of Separation,brewpub,35 Main St,Ossining,New York,10562-4662,United States,-73.86768188,41.15866213,9144325969,http://www.6degreesbp.com,New York,35 Main St
ddf69cff-978e-47b6-b42e-75f102418bd0,603 Brewery,micro,12 Liberty Dr Unit 7,Londonderry,New Hampshire,03053-2286,United States,,,6036307745,http://www.603brewery.com,New Hampshire,12 Liberty Dr Unit 7
62871bbc-a963-4c09-9eff-eb36ade49fd7,608 Brewing Company,micro,83 Copeland Ave,La Crosse,Wisconsin,54603-3403,United States,-91.249927988566,43.825963955898,,http://www.608brewingcompany.com,Wisconsin,83 Copeland Ave
f3e9ba4b-0246-44ac-9170-f095d19e8d64,612 Brew,micro,945 Broadway St NE,Minneapolis,Minnesota,55413-1471,United States,-93.2062058,45.000631,6129648939,http://www.612brew.com,Minnesota,945 Broadway St NE
c02412dc-7507-4047-9497-9066e454c4e1,666 Brewing,closed,34 Mahana Road,Hamilton,Waikato Region,3200,New Zealand,175.2515685,-37.7589444,+64 7 282 0254,http://www.brewaucracy.co.nz/,Waikato Region,34 Mahana Road
af6cb069-b61a-4c69-8fd2-0a5f87c11a17,6th and La Brea,brewpub,600 South La Brea Ave,Los Angeles,California,90036,United States,-118.3440213,34.0730485,,http://www.6thlabrea.com,California,600 South La Brea Ave
6a928a00-bf8e-4481-ae27-a2a5b14f56e2,7 Devils Brewing Co,brewpub,247 S 2nd St,Coos Bay,Oregon,97420-1642,United States,-124.2147508,43.36654751,5418083738,http://www.7devilsbrewery.com,Oregon,247 S 2nd St
8824022a-0fd9-4727-b6fa-b7aaf65eb043,7 Hermits Brewing Company,brewpub,PO Box 3186,Eagle,Colorado,81631-3186,United States,,,9704714979,http://www.7hermitsbrewing.com,Colorado,PO Box 3186
e861ea88-9815-48a0-84ba-d2a1929178e7,7 Hills Brewing Company,brewpub,1085 Washington St,Dubuque,Iowa,52001-4932,United States,-90.6635263,42.5045556,5635878306,http://www.7hillsbrew.com,Iowa,1085 Washington St
4e84a8d0-0d52-431e-a57a-da8977625bd2,7 Locks Brewing,micro,12227 Wilkins Ave,Rockville,Maryland,20852-1833,United States,-77.1103415,39.0561237,3018417123,http://www.7locksbrewing.com,Maryland,12227 Wilkins Ave
84c84db6-1120-4106-a5d3-fd65b9d7303d,7 Mile Brewery,micro,3156 Route 9 South Ste 1-2,Rio Grande,New Jersey,08242,United States,,,6093657777,http://www.7milebrew.com,New Jersey,3156 Route 9 South Ste 1-2
745b65a8-d682-465c-a418-0188ce5878c2,7 Seas Brewing Co,micro,2101 Jefferson Ave,Tacoma,Washington,98402-1519,United States,-122.4390379,47.242614,2535727771,http://www.7seasbrewing.com,Washington,2101 Jefferson Ave
e062c040-4ff9-46f1-9f3d-172626694cb0,7 Seas Brewing Co - Gig Harbor,taproom,2905 Harborview Dr,Gig Harbor,Washington,98335-1910,United States,-122.577347,47.328217,2535148129,https://www.7seasbrewing.com/gig-harbor,Washington,2905 Harborview Dr
a1199657-e4a9-496b-88c3-999f9e7e97e9,7 Sins Brewery,micro,10593 W Main Rd,Ripley,New York,14775-9746,United States,-79.7497349,42.24869073,7165812090,http://www.7sinsbrewery.com,New York,10593 W Main Rd
a3a1eac7-b858-4bdd-81ac-c2099b717da2,7 Sisters Brewing Co,brewpub,181 Tank Farm Rd Ste 110,San Luis Obispo,California,93401-7082,United States,-120.6706375,35.2467278,8058687133,http://www.7sistersbrewing.com,California,181 Tank Farm Rd Ste 110
3f3220f8-75f8-4fea-a5a4-289aa3267f11,"718BrewCafe, LLP",brewpub,718 Market St,Metropolis,Illinois,62960-1634,United States,-88.73129158,37.15373334,6185247180,http://www.718BrewCafe.com,Illinois,718 Market St
c00f57cf-acdd-46da-9269-d182cb87a7e4,734 Brewing Company,micro,15 E Cross St,Ypsilanti,Michigan,48198,United States,-83.61103475,42.24586784,7346496453,,Michigan,15 E Cross St
86fc7186-e3a3-42f2-9316-e33c8afa2b8a,7th Day Brewery,micro,9 Powells Road,Brookvale,NSW,2100,Australia,151.2727492,-33.7668139,+61 2 9939 4930,http://www.7thdaybrewery.com.au/,NSW,9 Powells Road
66a91db6-7d2a-4d67-a720-7f924cae3571,7th Settlement Brewery,closed,47 Washington St,Dover,New Hampshire,03820-3877,United States,-70.8728379,43.1953787,6033731001,http://www.7thsettlement.com,New Hampshire,47 Washington St
c7b3260a-b441-4dc8-958f-34c045e26f22,7th Wave Brewing,micro,120 N Meadows Rd Ste 8,Medfield,Massachusetts,02052-1594,United States,,,6176453397,http://www.7thwavebrewing.com,Massachusetts,120 N Meadows Rd Ste 8
c179a049-9988-4640-821d-ddf349cdd87e,7venth Sun Brewery,micro,1012 Broadway,Dunedin,Florida,34698-5762,United States,,,7277333013,http://www.7venthsun.com,Florida,1012 Broadway
4679ff59-8ef6-4443-b6ec-f58232c6b7d7,7venth Sun Tampa,micro,6809 N Nebraska Ave,Tampa,Florida,33604-5660,United States,-82.4500207,27.9495902,8132315900,,Florida,6809 N Nebraska Ave
c6a766f9-a187-4e5b-9519-6c737ce0cde5,8 Bit Brewing Company,brewpub,26755 Jefferson Ave Ste F,Murrieta,California,92562-6941,United States,-117.1762542,33.53033448,9516772322,http://www.8bitbrewerycompany.com,California,26755 Jefferson Ave Ste F
2a7c0677-5ac3-4ed9-917e-b6214c389ded,8 Wired,micro,26 Glenmore Drive,Warkworth,Auckland,0910,New Zealand,174.6548171,-36.4090422,+64 9 945 3983,http://8wired.co.nz/,Auckland,26 Glenmore Drive
eef94d73-65e8-4d94-b1de-0d4b45efe090,8-Bit Aleworks,micro,1050 N Fairway Dr Bldg F Ste 10,Avondale,Arizona,85323-5206,United States,,,6239251650,http://www.8-bitaleworks.com,Arizona,1050 N Fairway Dr Bldg F Ste 10
745272b9-5d04-4468-b1f7-e76a75c22de9,81 Artisan,micro,Chilgrove Road,Chichester,West Sussex,PO18 9HP,England,-0.81111,50.89212,7990035736,https://81artisan.com/,West Sussex,Chilgrove Road
783c5daa-ea5c-4462-836e-c2846ad3ff4e,81Bay Brewing Company,micro,4465 W Gandy Blvd Ste 600,Tampa,Florida,33611-3379,United States,,,8133722739,http://81baybrewco.com,Florida,4465 W Gandy Blvd Ste 600
187f0cfc-1433-4d8c-89c0-5b4151504a71,841 Brewhouse,brewpub,841 E Milwaukee St,Whitewater,Wisconsin,53190-2126,United States,-88.71427344,42.8323014,2624738000,,Wisconsin,841 E Milwaukee St
3055793c-9330-4fe1-958b-fef6d2a0e057,8one8 Brewing Company,micro,8951 de Soto Ave,Canoga Park,California,91304-5901,United States,-118.5885323,34.2218019,8188352286,http://www.818brewing.com,California,8951 de Soto Ave
2d880e85-5b0f-447b-b1b2-5bcae8a4b130,8th Street Ale Haus,brewpub,1132 N 8th St,Sheboygan,Wisconsin,53081-3402,United States,-87.71305702,43.75674392,9202087540,http://www.sheboyganalehaus.com,Wisconsin,1132 N 8th St
1682e94f-73ba-4035-93be-1fb28bb2cee7,8th Ward Brewing Company,planning,,Poughkeepsie,New York,12603-3401,United States,,,,,New York,
c2bc693f-906a-46a0-a5f9-82eab2d2845b,8th Wonder Brewery,micro,2202 Dallas St,Houston,Texas,77003-3519,United States,-95.3559402,29.7487783,7133970072,http://www.8thwonderbrew.com,Texas,2202 Dallas St
a0a230f6-17b2-4460-8eca-61e57be53ed5,9 White Deer Brewery,micro,Ballymakeera,Macroom,Cork,P12 E277,Ireland,-9.146507143,51.936249,35302627110,http://www.9whitedeer.ie/,Cork,Ballymakeera
2b067eab-e0b0-46b6-aaea-e40a62cf632f,903 Brewers,micro,1718 S Elm St,Sherman,Texas,75090-8725,United States,-96.60698055,33.61788732,2142438090,http://www.903brewers.com,Texas,1718 S Elm St
de6341a8-881b-4d9f-9335-5e9203e8a2c3,927 Beer Company,micro,821 Cornwall St,Cambria,California,93428-2434,United States,-121.0985408,35.5666725,8052035265,http://www.cambriabeerco.com,California,821 Cornwall St
de63f5c7-c340-4095-a302-f35ab8ac7179,93 Octane Brewery,micro,1825 Lincoln Highway,Saint Charles,Illinois,60174-4591,United States,-88.333625900834,41.898851100486,6305490332,http://www.93octanebrewery.com,Illinois,1825 Lincoln Highway
b4e012c5-0f36-4d0a-a40b-cbcb29c7ceed,95ate5 Brewpub,brewpub,9585 N Industrial Dr,Saint John,Indiana,46373,United States,-87.46380305,41.44400246,2193656506,http://www.95ate5.com,Indiana,9585 N Industrial Dr
42598f85-f02e-474c-9154-0aa4f1d932be,9th Hour Brewing Company LLC,planning,,Spring Grove,Illinois,60081-9459,United States,,,,,Illinois,
9aeccd09-8884-4f0e-93f4-c44dacd246aa,A Homestead Brew,micro,26685 486th Ave,Valley Springs,South Dakota,57068-7309,United States,-96.49421923,43.51733014,6055535015,http://www.ahomesteadbrew.com,South Dakota,26685 486th Ave
88a7ac77-a52b-4496-91df-b41e5831a568,A Little Madness Brewing Company,planning,,Pensacola,Florida,32514-8122,United States,,,,http://www.ALittleMadnessBrewingCompany.com,Florida,
1a743eec-cc52-4f5e-876b-ef3bcd924e84,Aalener Löwenbrauerei,brewpub,8 Galgenbergstraße,Aalen,Baden-Württemberg,73431,Germany,10.0985681,48.8384864,+49 7361 32597,http://www.bestesbier.de,Baden-Württemberg,8 Galgenbergstraße
5b627789-ff7e-4890-a7cf-24572bf547a2,Aardwolf Brewing Company,micro,1461 Hendricks Ave,Jacksonville,Florida,32207-8622,United States,-81.6545197,30.3108962,9043010755,http://www.aardwolfbrewing.com,Florida,1461 Hendricks Ave
7918a6dd-08d0-4157-a841-01b20a9a7a4c,Abandon Brewing,micro,2994 Merritt Hill Rd,Penn Yan,New York,14527-8938,United States,,,5852093276,http://www.abandonbrewing.com,New York,2994 Merritt Hill Rd
b18435d9-dac9-46aa-aced-4b6e562fc301,Abandoned,micro,20 Parumoana Street,Porirua,Wellington Region,5022,New Zealand,174.8398212,-41.1309581,+64 27 802 9726,http://abandonedbrewery.nz/,Wellington Region,20 Parumoana Street
5a7b05f9-bf7b-49a2-a1de-0c1fe01b9374,Abandoned Building Brewery,micro,142 Pleasant St Unit 103A,Easthampton,Massachusetts,01027-2805,United States,,,4132827062,http://www.abandonedbuildingbrewery.com,Massachusetts,142 Pleasant St Unit 103A
9a3e6429-28fc-49f9-8016-d9ba38735214,Abbay de Bonne Esperance,micro,22 Rue Grégoire Jurion,Estinnes,Région wallonne,7120,Belgium,4.14344,50.3863995,+32 64 31 08 08,http://www.abbaye-bonne-esperance.be/,Région wallonne,22 Rue Grégoire Jurion
aa0d914e-2fdb-4e6d-9aa9-f7cdbf9bd4fd,Abbaye Chimay,micro,294 Rue du Rond-Point,Chimay,Région wallonne,6464,Belgium,4.337552,49.981364,+32 60 21 05 11,https://www.scourmont.be/,Région wallonne,294 Rue du Rond-Point
9f280016-c5cb-4b7a-8c1a-f39237c954eb,Abbaye d'Orval,micro,1 Orval,Florenville,Région wallonne,6823,Belgium,5.349561,49.63843,+32 61 31 10 60,https://www.orval.be/fr/,Région wallonne,1 Orval
13df8f4f-ce22-4f46-ad1d-8a6eaa86f1b4,Abbaye de Brogne,micro,3 Place de Brogne,Mettet,Région wallonne,5640,Belgium,4.741608,50.3456848,+32 71 79 70 70,https://www.brogne.com/labbaye/,Région wallonne,3 Place de Brogne
149a0cb0-fdc3-4a41-b086-c0aac49de23c,Abbaye des Rocs,micro,37 Chaussée Brunehault,Honnelles,Région wallonne,7387,Belgium,3.727111,50.369676,+32 65 75 59 99,,Région wallonne,37 Chaussée Brunehault
8311d675-4efa-427a-82ba-b06d2cbaaa93,Abbaye St. Rémy,micro,,Rochefort,Wallonia,5580,Belgium,5.220228,50.178573,+32 84 22 01 40,http://www.abbaye-rochefort.be/,Wallonia,
9c7b9f2a-6deb-44a1-9b3e-f83952a4db38,Abbey Brewing Co,contract,1115 16th St,Miami Beach,Florida,33139-2441,United States,-80.1402943,25.7890381,3055388110,,Florida,1115 16th St
9c5acc37-15fa-4838-91ee-47bf27a94777,"Abbey Brewing Company, LLC",micro,215 W. Alicante Rd,Santa Fe,New Mexico,87505,United States,-105.9465207,35.66555826,5056706802,http://www.abbeybrewing.biz,New Mexico,215 W. Alicante Rd
1ea0bdd3-13a9-46a6-be01-5681c18a226b,Abbey St. Sixtus,micro,12 Donkerstraat,Vleteren,Vlaanderen,8640,Belgium,2.720948,50.895336,+32 57 40 03 76,http://sintsixtus.be/,Vlaanderen,12 Donkerstraat
0775bc5e-b1f1-4f8c-9546-b7546251d918,Abbey Val-Dieu,micro,227 Val Dieu,Aubel,Région wallonne,4880,Belgium,5.804433,50.698736,+32 87 69 28 28,https://www.abbaye-du-val-dieu.be/fr/,Région wallonne,227 Val Dieu
77789be2-5bfb-4a17-9e85-5cf50411d2f3,Abe Erb Brewery,brewpub,41 King William St,Kitchener,Ontario,N2G 1A1,Canada,,,5197420009.0,http://abeerb.com,Ontario,41 King William St
30d8f77b-aeec-4435-a280-16bacd1b1c97,Aberrant Ales,brewpub,219 W Grand River Ave,Howell,Michigan,48843,United States,-83.93094539,42.60773722,5175188699,http://www.aberrantales.com,Michigan,219 W Grand River Ave
b161916f-3f69-4f16-8059-eef9eee6877c,Abide Brewing Company,micro,110 Werz Industrial Blvd Ste 130,Newnan,Georgia,30263-5802,United States,-84.76356641,33.40257035,6789726747,http://www.abidebrewing.com,Georgia,110 Werz Industrial Blvd Ste 130
e2fa853c-ca91-4043-878d-0bcee9900ea3,Abigaile,brewpub,1301 Manhattan Ave,Hermosa Beach,California,90254-3666,United States,-118.4048656,33.8734519,3107988227,http://abigailrestaurant.com,California,1301 Manhattan Ave
c074ba4c-0b31-4344-a85a-7930df7fb410,Abita Brewing Co,regional,166 Barbee Rd,Covington,Louisiana,70433-8651,United States,-90.056477,30.481981,9858933143,http://www.abita.com,Louisiana,166 Barbee Rd
f8ab9530-289b-4684-89f1-474e89f4c5ae,Abjuration Brewing,micro,644 Broadway Ave,Mc Kees Rocks,Pennsylvania,15136-3008,United States,,,4127661668,http://www.abjurationbrewing.com,Pennsylvania,644 Broadway Ave
c5f6426e-f894-4bfc-9ffb-43bc0baa0881,Able Baker Brewing,micro,1051 Mary Crest Rd #K,Henderson,Nevada,89104,United States,,,7025817742,http://www.ablebakerbrewing.com,Nevada,1051 Mary Crest Rd #K
e6780612-ff74-4289-8718-a229529e3ee1,Able Ebenezer Brewing Company,micro,31 Columbia Cir,Merrimack,New Hampshire,03054-4161,United States,-71.493705,42.851742,8442232253,http://www.ableebenezer.com,New Hampshire,31 Columbia Cir
31678502-edf6-4eb0-bc10-4ede5ac279b6,Able Seedhouse and Brewery,micro,1121 Quincy St NE,Minneapolis,Minnesota,55413-2773,United States,-93.2510686,44.9993934,6124054642,http://www.ablebeer.com,Minnesota,1121 Quincy St NE
00221d0f-2ed7-41d1-95b8-d8b1bfbc8b0e,Abner's Restaurant Inc / Northern Michigan Beer,brewpub,7528 N Woodbridge (M37),Brohman,Michigan,49312,United States,,,2316892295,,Michigan,7528 N Woodbridge (M37)
4db32843-26ff-4e73-9e24-1cb874109b24,Abnormal Beer Company,micro,16990 Via Tazon Ste 123,San Diego,California,92127-1649,United States,-117.08575,33.02391,8586182463,http://abnormalbeer.co,California,16990 Via Tazon Ste 123
28e05fda-77a4-4a5a-9f8a-08169ec07ce5,Abolitionist Ale Works,brewpub,129 W Washington St,Charles Town,West Virginia,25414-1529,United States,-77.8607888,39.28867207,6812521548,http://www.abolitionistaleworks.com,West Virginia,129 W Washington St
bec6adc5-3a3b-4793-8364-c58f16e88cc8,Abridged Beer Company,brewpub,100 Lockett Rd,Knoxville,Tennessee,37919-4807,United States,-84.016459,35.932287,8658989438,http://www.abridgedbeer.com,Tennessee,100 Lockett Rd
9de7f346-3918-4e5c-b59e-a36bf61b0441,ABRU Craft Brewery,micro,15 Pasita Street,Bellville,Western Cape,7530,South Africa,18.6533,-33.8742,+27 72 616 8377,https://abru.co.za/,Western Cape,15 Pasita Street
67525d30-1f18-4f03-a8ba-28a1153955eb,Absolution Brewing Co,micro,2878 Columbia St,Torrance,California,90503-3808,United States,-118.3378601,33.8431391,3104904860,http://www.absolutionbrewingcompany.com,California,2878 Columbia St
600f88e5-9dc9-4a41-b54e-909c292ba4bb,Absolution By the Sea,brewpub,7536 Fay Ave,La Jolla,California,92037-4839,United States,-117.2740167,32.84083388,6192024152,,California,7536 Fay Ave
98b6e0ab-22ba-4864-80b0-a967ca61e536,Abyss Brewing Ltd,micro,Palehouse Common,Uckfield,East Sussex,TN22 5RB,England,0.14604,50.945743,1825840561,https://abyssbrewing.co.uk/,East Sussex,Palehouse Common
829f7243-78f3-4282-b0e8-1a5fcb10a229,Accomplice Beer Company,brewpub,115 W 15th St,Cheyenne,Wyoming,82001-4564,United States,-104.819296,41.130063,3076322337,http://www.accomplicebeer.com,Wyoming,115 W 15th St
93b979f7-1a8a-4134-aad9-ebc674cacb6f,Achelse Kluis,micro,1 De Kluis,Hamont-Achel,Vlaanderen,3930,Belgium,5.4897,51.29851,+32 11 23 91 00,http://www.achelsekluis.be/,Vlaanderen,1 De Kluis
e6edd20a-fcb9-4636-9e82-22d07b4632b0,Achilles,micro,2/A Keizershofdijk,Heist-op-den-Berg,Vlaanderen,2222,Belgium,4.7182522,51.1049059,+32 15 24 83 64,https://www.bergstraat.be/nl/rubriek/4-culinair/321-serafijnbieren/,Vlaanderen,2/A Keizershofdijk
b52bfb27-345f-4add-bfc3-1b6fc67ab55b,Acidulous Brewing Company,contract,6712 S Independence St,Littleton,Colorado,80128-4046,United States,-105.1059543,39.5383949,3039952895,,Colorado,6712 S Independence St
7fa5779e-88df-42ab-895b-412b635498ae,Acopon Brewing Co,micro,211 W Mercer St,Dripping Springs,Texas,78620-5363,United States,-98.09006208,30.19269957,5128294723,http://www.acoponbrewing.com,Texas,211 W Mercer St
1a6206ad-e34b-421d-92d9-ba409cfedf82,Acorn Brewing,micro,2105 Meridian Ave E,Edgewood,Washington,98371,United States,-122.2934912,47.23859752,2535178899,https://www.acornbeer.com/,Washington,2105 Meridian Ave E
2fe1e670-d832-4ba5-b957-f86a09ee062d,Acoustic Ales Brewing Experiment,closed,1795 Hancock St Ste P1,San Diego,California,92110-2006,United States,-117.1840465,32.74219079,6192992537,http://www.acousticales.com,California,1795 Hancock St Ste P1
ea7f7091-5e37-4762-bbcc-9a51702c99c1,"Actual Brewing Company, LLC",micro,655 N James Rd,Columbus,Ohio,43219-1837,United States,-82.9080986,39.9868523,6146363825,http://wwww.actualbeer.com,Ohio,655 N James Rd
22e2b160-6470-4a9a-a375-80f4db7fe0c8,Ad Lib,closed,96 Oxford Terrace,Christchurch,Canterbury Region,8011,New Zealand,172.6339697,-43.5339702,+64 210 770 719,https://canterburybrewerscollective.nz/,Canterbury Region,96 Oxford Terrace
d1142d5b-e9e8-47bd-b3a8-3ce42c22ddda,Adam-Bräu,brewpub,53 Bahnhofstraße,Bodenmais,Bayern,94249,Germany,13.1022222,49.0697222,+49 9924 94000,http://www.adam-braeu.de,Bayern,53 Bahnhofstraße
0d0f85e7-bc2d-44fc-bf27-4f14e5d6136a,Adam's Northwest Bistro / Twin Rivers Brewing,closed,104 N Lewis St,Monroe,Washington,98272-1502,United States,-121.970887,47.85588471,3607944056,http://www.adamsnwbistro.com,Washington,104 N Lewis St
9ff5f718-dee7-4e69-b79c-6250de87e840,Adelbert's Brewery LLC,micro,2314 Rutland Dr Ste 100,Austin,Texas,78758-5273,United States,-97.7201589,30.3826286,5126621462,http://www.adelbertsbeer.com,Texas,2314 Rutland Dr Ste 100
a180c4e0-77cc-4088-951c-62192abd99d4,Adirondack Pub and Brewery,micro,33 Canada St,Lake George,New York,12845-1603,United States,-73.71407763,43.41850655,5186680002,http://www.adkpub.com,New York,33 Canada St
1b7f0552-3b1a-4737-8cb4-eb8d7134d903,Adirondack Toboggan Company Microbrewery,micro,202A W Main St,Gouverneur,New York,13642-1334,United States,-75.47489238,44.33237311,3157716313,http://www.adktoboggan.net,New York,202A W Main St
7f104ccf-6720-48ff-a2cf-5c05dd88aaf1,Adler,brewpub,38 Lindenstraße,Wiernsheim,Baden-Württemberg,75446,Germany,8.8511433,48.8879519,+49 7044 920778,http://www.adlerbraeu.de,Baden-Württemberg,38 Lindenstraße
9e48e89b-22b3-44d9-a0b9-eab4f611009f,Adler Bräu,brewpub,2A Bahnhofstraße,Stettfeld,Bayern,96188,Germany,10.7209419,49.9693024,,http://www.adlerbraeu-stettfeld.de,Bayern,2A Bahnhofstraße
5b99dc11-165e-4cf0-873d-1a7bd1ded0a9,Adler-Bräu,brewpub,17 Biberacher Straße,Oberstadion,Baden-Württemberg,89613,Germany,9.724819,48.1795445,+49 7357 921990,http://www.brauereigasthof-moosbeuren.de,Baden-Württemberg,17 Biberacher Straße
1b7ff36c-d91b-4f04-9ee0-48622eac5aa9,Adlerbrauerei,brewpub,2 Adlergasse,Erbach,Baden-Württemberg,89155,Germany,9.9002002,48.3026079,+49 7305 7342,http://www.adler-dellmensingen.de,Baden-Württemberg,2 Adlergasse
f83d4bed-0760-4802-900e-c2ed6e874968,Adlerbrauerei Schmetzer,brewpub,3 Reubacher Straße,Wallhausen,Baden-Württemberg,74599,Germany,10.11867,49.2347,+49 7955 2234,https://adlerbrauerei-schmetzer.de/,Baden-Württemberg,3 Reubacher Straße
49e805d3-70e3-4c21-81d6-d21e290ffefe,AdMerk Corp. Inc.,contract,20 F St NW,Washington,District of Columbia,20001-6700,United States,-77.0094205,38.89742205,6172028069,http://www.paugustin.com,District of Columbia,20 F St NW
2861f9b7-ebe4-49a5-a047-8aa0c142dbf3,Adobe Creek Brewing Company,micro,67 Galli Dr Ste E,Novato,California,94949-5718,United States,-122.5358157,38.07349982,4155064565,http://www.adobecreekbrewing.com,California,67 Galli Dr Ste E
a0111777-1fe6-4c8c-864e-c2518f5d5670,Adroit Theory Brewing Company,micro,404 Browning Ct Unit C,Purcellville,Virginia,20132-6171,United States,,,7034340553,http://www.adroit-theory.com,Virginia,404 Browning Ct Unit C
ef2e3826-f9b5-44d2-b901-331aa728a8cd,Adur Brewery,micro,Mouse Lane,Steyning,West Sussex,BN44 3DG,England,-0.340173,50.893624,1903867614,https://www.adurbrewery.co.uk/,West Sussex,Mouse Lane
73e05bc6-30a9-42f5-917e-08def2fa33fa,Adventure Brewing Co,micro,33 Perchwood Dr Ste 101,Fredericksburg,Virginia,22405-4552,United States,,,5402428876,http://www.adventurebrewing.com,Virginia,33 Perchwood Dr Ste 101
d4661358-81e2-454d-9fe2-b08ef6fc16fe,Adventure South,brewpub,3300 Dill Smith Dr,Fredericksburg,Virginia,22408-7319,United States,,,5403717799,http://www.adventurebrewing.com,Virginia,3300 Dill Smith Dr
82b967b9-3808-4716-9a51-58f80cd038c6,Aegir Project Brewery,brewpub,65 Beach Road,Cape Town,Western Cape,7979,South Africa,18.3582,-34.1035,+27 66 587 9566,https://aegirprojectbrewery.com/,Western Cape,65 Beach Road
e77c24b4-8b21-4d28-a9c0-568623b77cd9,Aero Craft Brewing,planning,,Denver,Colorado,80212-2199,United States,-104.984696,39.7391428,3039185446,http://www.aerocraft.beer,Colorado,
6f0bba92-cc4b-49df-ad02-827b08bd7272,Aero Plains Brewing,micro,117 N Handley St,Wichita,Kansas,67203-6114,United States,-97.35071131,37.68455054,3164482811,http://www.aeroplainsbrewing.com,Kansas,117 N Handley St
59b8c8b8-6850-4b24-81f0-a16a9cd87773,Aeronaut Brewing Company,micro,14 Tyler St,Somerville,Massachusetts,02143-3224,United States,-71.1062676,42.3819723,6179874236,http://www.aeronautbrewing.com,Massachusetts,14 Tyler St
ae6f8bbe-8968-467b-9747-89797ebf2b55,Aerts,micro,188 Rue Antoine Dansaert,Bruxelles,Brussels Capital Region,1000,Belgium,4.341909,50.852757,,http://beerproject.be/pages/dansaert-taproom,Brussels Capital Region,188 Rue Antoine Dansaert
2d26c5df-aa29-4c3b-9d56-5a83d5102f41,Aether Brewing,micro,340 Melton Road,Northgate,QLD,4013,Australia,153.0708268,-27.3932924,+61 1800 325 013,http://www.aetherbrewing.com.au/,QLD,340 Melton Road
c0141e60-805d-4add-be50-1a16498a20b3,Affligem - De Smedt (Heineken),closed,18 Ringlaan,Opwijk,Vlaanderen,1745,Belgium,4.1905608,50.9707,,https://www.affligembeer.com/nl/nl/age-gate?returnUrl=https%3A%2F%2Fwww.affligembeer.com%2Fnl%2Fnl%2Fhomepage,Vlaanderen,18 Ringlaan
2af98c75-bbe2-4496-a2c7-aaa8d03d0fab,Affligem (Heineken),closed,18 Ringlaan,Opwijk,Vlaanderen,1745,Belgium,4.190268,50.971258,,https://www.affligembeer.com/nl/nl/age-gate?returnUrl=https%3A%2F%2Fwww.affligembeer.com%2Fnl%2Fnl%2Fhomepage,Vlaanderen,18 Ringlaan
580dba92-5b7a-4e6c-9129-ac5621c90ecd,Afro Caribbean Brewing Company,brewpub,157 Second Avenue,Cape Town,Western Cape,7925,South Africa,18.4705,-33.9372,+27 21 447 1787,https://www.acbc.co.za/,Western Cape,157 Second Avenue
333c81a4-9bcd-4699-b28a-2c49dd696596,Aftershock Brewing Co,micro,28822 Old Town Front St Ste 107,Temecula,California,92590-2893,United States,-117.1485306,33.49310382,9519722256,http://www.aftershockbrewingco.com,California,28822 Old Town Front St Ste 107
c185b848-a69a-4d73-8a33-7b6f0db2e3fc,Afterthought Brewing Company,micro,844 N Ridge Ave,Lombard,Illinois,60148-1215,United States,-88.02234574,41.90549742,6303011615,http://afterthoughtbrewing.com,Illinois,844 N Ridge Ave
1844257e-dab7-421d-9a9e-f594a3943b2f,Against the Grain Beer Garden,planning,,Louisville,Kentucky,40217,United States,,,,,Kentucky,
3d00e6db-0f45-43a5-add5-b9455edfdccb,Against the Grain Brewery,micro,401 E Main St,Louisville,Kentucky,40202-1110,United States,-85.7440377,38.2554568,5025150174,http://atgbrewery.com,Kentucky,401 E Main St
68855f86-415a-44e9-a0ab-53e6c8b10a3d,Against the Grain Production Facility,micro,1800 Northwestern Pkwy,Louisville,Kentucky,40203,United States,-85.7767241,38.2658758,,,Kentucky,1800 Northwestern Pkwy
5ad38209-903f-4200-946e-ae435947252e,Agar’s Brewery,micro,Unit 12,Centurion,Gauteng,0157,South Africa,28.1256,-25.9189,+27 83 294 8322,https://agarsbrewery.co.za/,Gauteng,Unit 12
85c7bc77-387c-449f-8091-6c694b35077c,Agonic Brewing Company LLC,planning,,Rice Lake,Wisconsin,54868-8786,United States,-91.732284415498,45.502184424793,7153089283,http://www.agonicbrewing.com,Wisconsin,
f1ed5260-13cb-4f22-a4ac-0e1f7f676a12,"Agrarian Ales, LLC",closed,31115 W Crossroads Ln,Eugene,Oregon,97408-9220,United States,-123.1277712,44.18922784,5416323803,http://www.agales.com,Oregon,31115 W Crossroads Ln
685be3dc-20b8-434d-880c-d7aabac5bfc0,Ahnapee Brewery,micro,N9153 Cherry Tree Rd Apt 4,Algoma,Wisconsin,54201-9501,United States,-87.436453944363,44.607613658885,9202178527,http://www.ahnapeebrewery.com,Wisconsin,N9153 Cherry Tree Rd Apt 4
b4896cfc-4731-4bc7-8794-d2d6650f7fe2,Aichinger,brewpub,5 Marktplatz,Heiligenstadt in Oberfranken,Bayern,91332,Germany,11.1704687,49.8637819,+49 9198 522,,Bayern,5 Marktplatz
b9f4f532-15df-4a50-b15e-e5cd5d41977b,Aigean Ales,closed,250 Commercial St Ste 2001,Manchester,New Hampshire,03101-1165,United States,-71.46899187,42.9899594,6035188550,,New Hampshire,250 Commercial St Ste 2001
dfec4bba-cfbc-4562-b6be-f0563f51821a,Aiken Brewing Co,brewpub,140 Laurens St SW,Aiken,South Carolina,29801-3848,United States,-81.7228141,33.5603084,8035020707,http://www.aikenbrewingcompany.com,South Carolina,140 Laurens St SW
4feeca61-265e-4195-9234-75f78693fd14,Airbräu,brewpub,München Airport Center - Ebene 03,Oberding,Bayern,85356,Germany,11.7873402,48.3540889,+49 89 97593111,http://www.airbraeu.de,Bayern,München Airport Center - Ebene 03
f4c592ed-4c20-4b87-bb35-64f894a6cc6b,Airline Brewing Company,micro,22 Mill Ln,Amherst,Maine,04428,United States,-68.3677435,44.8329462,2075842337,http://www.abcmaine.beer,Maine,22 Mill Ln
9737bf0c-b29e-49d7-9778-3951072eb147,Airways Brewing Co,closed,8611 S 212th St,Kent,Washington,98031-1910,United States,-122.2391026,47.4119802,2532001707,http://www.airwaysbrewing.com,Washington,8611 S 212th St
d9578437-2aa8-45ab-97f2-cf6f7074d9af,Airways Brewing Co. Bistro & Beer Garden,closed,320 W Harrison St,Kent,Washington,98032-4476,United States,-122.235649,47.382498,2532368632,http://airwaysbrewing.com/bistro-beer-garden/,Washington,320 W Harrison St
828ee507-7142-4c7c-9f0b-82964d4195d0,Akademia Brewing Company,brewpub,150 Crane Dr,Athens,Georgia,30606-0600,United States,-83.47153754,33.94270289,7064613208,http://www.AkademiaBC.com,Georgia,150 Crane Dr
f767a00f-fbd9-4d31-abe6-902149c0158a,Akasha Brewing Company,micro,909 E Market St Ste 700,Louisville,Kentucky,40206-1688,United States,,,5027427770,http://www.akashabrewing.com,Kentucky,909 E Market St Ste 700
645a43c4-74b2-47e5-a795-f2b0f678df52,Akasha Brewing Company,micro,10-12 Spencer Street,Five Dock,NSW,2046,Australia,151.1182256,-33.8697751,+61 2 9715 7156,http://www.akashabrewing.com.au/,NSW,10-12 Spencer Street
d4f4e76b-b971-4dcb-8a9b-d6c36a3e8c22,Akronym Brewing LLC,micro,58 E Market St,Akron,Ohio,44308,United States,-81.51645882,41.08512193,3306208274,http://www.akronymbrewing.com,Ohio,58 E Market St
64d12e0f-0abc-41ce-96c2-cd45b04d35e4,Aktienbrauerei,brewpub,3 Hohe Buchleuthe,Kaufbeuren,Bayern,87600,Germany,10.61612,47.87814,+49 8341 43040,http://www.aktien-brauerei.de,Bayern,3 Hohe Buchleuthe
a4c08e73-ecff-4fe1-9911-edb865e75229,Aktionsbrauerei Dähne,brewpub,48 Eschstraße,Herne,Nordrhein-Westfalen,44629,Germany,7.2226981,51.5477902,+49 2323 13594,http://www.hannosgegenmassenbierhaltung.de,Nordrhein-Westfalen,48 Eschstraße
06ac0316-a30f-40c6-acb7-c08fea0c30b1,Akwesasne Mohawk Casino Resort,planning,,Akwesasne,New York,13655-1800,United States,,,5183582222,http://mohawkcasino.com,New York,
39e91766-af3e-4074-9d49-26ca621e45dc,Al. Ringling Brewing Co,micro,623 Broadway St,Baraboo,Wisconsin,53913-2513,United States,-89.744831773235,43.471751392447,6084484013,http://www.alringlingbrewingco.com,Wisconsin,623 Broadway St
b7db853a-e8aa-430f-84c8-d49b72184d01,Alameda Brewing Co,micro,4736 SE 24th Ave,Portland,Oregon,97202-4787,United States,-122.6412495,45.48882655,5034609025,,Oregon,4736 SE 24th Ave
07ad4030-fb5b-4eb7-9b28-d7f5556b145d,Alameda Brewing Co,micro,4765 NE Fremont St,Portland,Oregon,97213-1724,United States,-122.6136209,45.54849565,5034609025,http://www.alamedabrewing.com,Oregon,4765 NE Fremont St
6fbd1118-ceea-4be9-a784-45dd623f16f0,Alameda Island Brewing Company,micro,1716 Park St,Alameda,California,94501-1416,United States,-122.2394506,37.76833631,5102178885,http://www.alamedaislandbrewingcompany.com,California,1716 Park St
edf1c0fb-cce0-44ec-8d98-dd4778e2d533,Alamo Beer Co,micro,415 Burnet St,San Antonio,Texas,78202-1909,United States,-98.4771638,29.42902321,2108725589,http://www.alamobeer.com,Texas,415 Burnet St
4f79f427-8214-4048-8636-63cef96b33da,Alarmist Brewing Co,micro,4055 W Peterson Ave Ste REAR,Chicago,Illinois,60646-6072,United States,,,7739882536,http://alarmistbrewing.com,Illinois,4055 W Peterson Ave Ste REAR
aa3c4d60-4fb2-49e2-980c-6a61672d90cb,Alaro Craft Brewery,brewpub,2004 Capitol Ave,Sacramento,California,95811,United States,-121.4811835,38.57323961,9164367711,http://www.alarobrewing.com,California,2004 Capitol Ave
d065903f-f9fc-4e4c-a64d-9b69905431b5,Alaskan Brewing Co.,regional,5429 Shaune Dr,Juneau,Alaska,99801-9540,United States,-134.4918763,58.35681231,9077805866,http://www.alaskanbeer.com,Alaska,5429 Shaune Dr
49f94bf3-f861-4b9f-b773-9c43f0070ed1,Albertshöfer Sternbräu,brewpub,5 Hindenburgstraße,Albertshofen,Bayern,97320,Germany,10.15941,49.77149,+49 162 2699078,http://www.albertshoefer-sternbraeu.de,Bayern,5 Hindenburgstraße
d188560a-fd0d-4a44-9e4b-11aab9db8205,Albia Brewing Co,brewpub,11 Benton Ave E,Albia,Iowa,52531-2032,United States,-92.8073711,41.02718903,6419324085,http://www.albiabrewingcompany.blogspot.com,Iowa,11 Benton Ave E
4c8a98d1-1012-4814-82a5-20c68b131442,Albion Malleable Brewing Company,brewpub,420 S Superior St,Albion,Michigan,49224,United States,-84.7532755,42.2423188,5173432202,http://www.albionmalleable.com,Michigan,420 S Superior St
26147e1c-c0f7-40ae-8572-df23afe8e266,Albquell Bräuhaus,brewpub,6 Lindenplatz,Trochtelfingen,Baden-Württemberg,72818,Germany,9.2455955,48.3081319,+49 7124 733,http://www.albquell-brauhaus.de,Baden-Württemberg,6 Lindenplatz
943f1201-9c0d-4717-95e3-0756a906f527,Albright Grove Brewing Company,planning,,Townsend,Tennessee,37882,United States,,,8656049898,,Tennessee,
ec26cd9a-540f-4f23-b030-670115eed645,Alcatraz Brewing,micro,20 Ocean Vista Ln,Palm Coast,Florida,32137-2743,United States,-81.19287028,29.61781196,3866278909,http://www.alcatraz.beer,Florida,20 Ocean Vista Ln
b1f7a6c5-a4e0-477b-a380-17f8a0120e2d,"Alcazar Brewery, LLC.",planning,,Rio Grande City,Texas,78582-4450,United States,,,,,Texas,
091edbcc-f9fc-484e-9c04-c18ed505e2ac,Alchemist Cannery,regional,100 Cottage Club Rd,Stowe,Vermont,05672,United States,,,8022536708,http://www.alchemistbeer.com,Vermont,100 Cottage Club Rd
5958cbc2-f9d9-4bc3-9b9a-7469ce2d84d9,Aldersbacher,brewpub,1 Freiherr-von-Aretin-Platz,Aldersbach,Bayern,94501,Germany,13.0848087,48.5873322,+49 8543 96040,http://www.aldersbacher.de,Bayern,1 Freiherr-von-Aretin-Platz
8135f18c-0c31-4b4d-bb22-84eccf498e9c,Aldus Brewing Company,micro,555 Centennial Ave,Hanover,Pennsylvania,17331-3936,United States,-76.98030009,39.79422185,7176342407,http://www.aldusbrewing.com,Pennsylvania,555 Centennial Ave
c812aa3f-208b-49e2-a1e6-96cae8943605,Ale Asylum,regional,2002 Pankratz St,Madison,Wisconsin,53704-4024,United States,-89.35416285,43.12046815,6086633926,http://www.aleasylum.com,Wisconsin,2002 Pankratz St
e51921d1-17c2-4f4d-93b4-d88fe56c27de,Ale House,brewpub,82 Steve Biko Street,Potchefstroom,North West,2531,South Africa,27.0911,-26.7118,+27 18 297 5447,https://thealehouse.co.za/,North West,82 Steve Biko Street
e13a5403-3cd7-4dbf-92f1-e48d0f26c750,Ale House Brewing Co,micro,,San Jose,California,95118-1605,United States,-121.8905833,37.3361905,4083907574,,California,
13f19f47-cac4-44df-b4f3-728e4dcde6c5,Ale Industries,micro,3096 E 10th St,Oakland,California,94601-2960,United States,-122.2281897,37.7761111,9254705280,http://www.aleindustries.com,California,3096 E 10th St
afeb4f72-555d-4169-8e3c-c3291b197db9,Ale Mania,brewpub,10 Alaunbachweg,Bonn,Nordrhein-Westfalen,53229,Germany,7.1557662,50.7414074,+49 228 6200016,http://www.ale-mania.de,Nordrhein-Westfalen,10 Alaunbachweg
e9f93b6a-72c5-4e40-9511-705480434310,Ale Mary Brewing Co.,micro,8 Gladstone Street,Fyshwick,ACT,2609,Australia,149.173169,-35.32352,+61 411 627 321,https://www.alemary.beer/,ACT,8 Gladstone Street
148e8fb4-4977-4ba8-8fa6-1133a56198d4,Ale Republic,micro,28 Arroyo Seco,Cedar Crest,New Mexico,87008,United States,,,5052812828,http://www.alerepublic.com,New Mexico,28 Arroyo Seco
797c9175-fb51-44d3-ad4b-d46b42367fdc,Ale Spike,closed,9300 271st St NW Ste B-5,Stanwood,Washington,98292,United States,,,,http://www.alespike.com,Washington,9300 271st St NW Ste B-5
ea06694a-32f8-4026-b22e-aeb880848b4d,Ale Spike Brewery,micro,1244 N Moore Rd Unit I-1,Camano Island,Washington,98282,United States,-122.4381311,48.25785496,3609392434,http://www.alespike.com,Washington,1244 N Moore Rd Unit I-1
d678c1a4-713e-483e-8c60-c891d5cf043e,Alefarm Brewing,micro,96 Riversdale Road,Hawthorn,VIC,3122,Australia,145.0346325,-37.8289324,+61 406 260 073,http://www.ramblers.beer/,VIC,96 Riversdale Road
1170049c-c20d-43c8-9475-0a42599f144c,Aleman Brewing,micro,3304 N Knox Ave,Chicago,Illinois,60641-4434,United States,-87.74301213,41.94087994,8123404198,http://www.alemanchicago.com,Illinois,3304 N Knox Ave
f1e3ff3e-078c-46c3-85ae-62f86d3a3a21,Alematic Artisan Ales,planning,,Huber Heights,Ohio,45424-3857,United States,,,9376122337,http://www.alematicbrewing.com,Ohio,
e24e7630-6027-4f49-b85f-f4724aa749f9,Alen-Bruyninckx En Zonen,micro,41 Diestsestraat,Kortenaken,Vlaanderen,3470,Belgium,5.0621753,50.9122746,+32 479 40 98 39,https://www.antidoot.be/,Vlaanderen,41 Diestsestraat
31746e2a-3704-458f-8235-437f53d5afe1,Alesatian Brewing Co.,brewpub,21 N Loudoun St,Winchester,Virginia,22601-4715,United States,-78.16559208,39.18446446,5406672743,http://www.alesatianbrewing.com,Virginia,21 N Loudoun St
f8097dbc-c8e6-4068-9540-5c4bd4ac0bcf,AleSmith Brewing Co,regional,9990 Alesmith Ct,San Diego,California,92126-4200,United States,-117.1495496,32.88858458,8585499888,http://www.alesmith.com,California,9990 Alesmith Ct
40093c50-b89d-443f-9ac7-b24a000d8f48,Alesong Brewing and Blending,micro,1000 Conger St Ste C,Eugene,Oregon,97402-2950,United States,-123.2384193,43.85285684,5419723303,http://www.alesongbrewing.com,Oregon,1000 Conger St Ste C
f15f6ebf-0d80-4e6b-ad38-fb0ca9f3d3ed,Alesong Brewing and Tasting Room,micro,1000 Conger Unit C,Eugene,Oregon,97402,United States,-123.2384193,43.85285684,5419723303,http://www.alesongbrewing.com,Oregon,1000 Conger Unit C
e4148f94-4ce9-4fd2-9b05-faabdcca2b09,Alewerks Brewing Company,micro,197 Ewell Rd,Williamsburg,Virginia,23188-2185,United States,,,7572203670,http://www.alewerks.com,Virginia,197 Ewell Rd
ed3ea3ae-04d3-4356-ab96-a74514992a50,Alewife Brewing Company,brewpub,514 51st Ave,Long Island City,New York,11101-5879,United States,-73.95625257,40.74232214,7189377494,http://www.alewife.beer,New York,514 51st Ave
5860a6e0-1bf6-4334-8797-e5668fc22db0,Alexandria Brewing Company,micro,7926 Alexandria Pike Ste 1,Alexandria,Kentucky,41001-1454,United States,,,8596946999,http://www.alexandriabrewingcompany.com,Kentucky,7926 Alexandria Pike Ste 1
9da0a260-5b85-4490-824a-a397446c17dc,Algarve Rock Brewery,micro,Unidade 2B,Faro,Faro,8005-412,Portugal,-7.9729562079031,37.065600871444,+ 351 289 815 218,https://algarverock.com/,Faro,Unidade 2B
083b7953-133d-453f-ada0-2b3541d1931c,Alibi Ale Works,micro,204 E Enterprise St,Incline Village,Nevada,89451-9456,United States,-119.9537117,39.24819328,7752987001,http://www.alibialeworks.com,Nevada,204 E Enterprise St
45a2116d-d9d2-4114-b15f-736d9557f00c,Alice Springs Brewing Co.,micro,39 Palm Circuit,Ross,NT,873,Australia,133.867253,-23.732893,+61 8 7904 4007,https://www.alicespringsbrewingco.com.au/?utm_source=google_business_profile&utm_medium=gbp_view_website&utm_campaign=gbp,NT,39 Palm Circuit
e1f999c9-3012-41ab-869b-767125e19b7f,Alien Brewpub,brewpub,6601 Uptown Blvd NE Ste B,Albuquerque,New Mexico,87110-4207,United States,,,5058841116,http://www.abqbrewpub.com,New Mexico,6601 Uptown Blvd NE Ste B
68b447a3-c65c-459f-8d02-334757bc6f71,Align Brewing Co,micro,8680 Miralani Dr,San Diego,California,92126-6300,United States,-117.137429,32.896584,,http://www.facebook.com/alignbrewing,California,8680 Miralani Dr
9437ff36-f77f-4fe1-ae02-8324a0d14945,Alken-Maes,large,Stationsstraat,Alken,Vlaanderen,3570,Belgium,5.305875,50.877827,+32 15 30 90 11,http://www.alken-maes.be/,Vlaanderen,Stationsstraat
e36f9132-3c0b-41d4-b074-b54286d6a9a8,All Inn Brewing Co.,micro,189 Elliott Road,Banyo,QLD,4014,Australia,153.0799698,-27.3668382,+61 478 519 414,http://www.allinnbrewingco.com/,QLD,189 Elliott Road
3739eb53-8291-42e1-894c-7989ed872f2d,All or Nothing Brewhouse,brewpub,165 Lakeshore Rd E,Oakville,Ontario,L6J 1H3,Canada,,,,http://allornothing.beer,Ontario,165 Lakeshore Rd E
108b8592-3098-42a3-b466-5c60e2e626af,All Rise Brewing Co,brewpub,235 N Ashland Ave,Chicago,Illinois,60607-1401,United States,-87.6667328,41.8864021,3122266300,http://www.allrisebrewing.com,Illinois,235 N Ashland Ave
61853d49-62af-44bc-b0f7-bbc0faa89d30,All Saints Brewing Co,micro,1602 State Route 119,Greensburg,Pennsylvania,15601-7317,United States,,,7242891202,http://www.allsaintscraftbrewing.com,Pennsylvania,1602 State Route 119
82ea8f08-2026-43f8-b1a7-cc57ebe8c0bb,All-American Ale Works,micro,5120 E La Palma Ave Ste 103,Anaheim,California,92807-2082,United States,-117.8056915,33.85925032,9517412771,http://www.all-americanaleworks.com,California,5120 E La Palma Ave Ste 103
8a7a2bc0-0f42-4889-94ef-7f8f647268fa,Allagash Brewing Co,regional,50 Industrial Way,Portland,Maine,04103-1270,United States,-70.3179518,43.7030951,2078785385,http://www.allagash.com,Maine,50 Industrial Way
0924f3af-e548-446b-baf8-687ea51b02ae,Allegheny City Brewing,micro,507 Foreland St,Pittsburgh,Pennsylvania,15212-4910,United States,-80.00061073,40.45424933,4129043732,http://www.alleghenycitybrewing.com,Pennsylvania,507 Foreland St
9b4f31d5-61b4-46ed-b501-6acc4d428666,Allegory Brewing,micro,777 NE 4th St,McMinnville,Oregon,97128-4502,United States,-123.1917806,45.21081917,9713731253,http://www.allegorybrewing.com,Oregon,777 NE 4th St
3f583ab8-71bf-4009-9257-193ef53a1fe1,Allentown Brew Works,brewpub,812 Hamilton St,Allentown,Pennsylvania,18101-2437,United States,-75.4575021,40.6060468,6104337777,http://www.thebrewworks.com,Pennsylvania,812 Hamilton St
cfa61f1d-4b3b-4fb1-a35a-f1fe25411e7c,Allersheim,closed,6 Allersheim,Holzminden,Niedersachsen,37603,Germany,9.4794014,51.8424352,+49 5531 1250,http://www.brauerei-allersheim.de,Niedersachsen,6 Allersheim
95a483ca-d13c-4e78-bfd6-658149d2e874,Alles Elbe,closed,63 Hein-Hoyer-Straße,Hamburg,Hamburg,20359,Germany,9.9626793,53.5531382,+49 40 28474009,http://www.alleselbe.de,Hamburg,63 Hein-Hoyer-Straße
328d8ab7-c82a-44c6-b252-e6d85e39b14c,Allgäuer Brauhaus,brewpub,18 Schwendener Straße,Marktoberdorf,Bayern,87616,Germany,10.5679674,47.7496109,+49 8342 96470,http://www.allgaeuer-brauhaus.de,Bayern,18 Schwendener Straße
9c3b028c-2949-4216-ba66-fbb098734cde,Alliance Brewing Company,micro,1130 Sevier Ave,Knoxville,Tennessee,37920,United States,-83.9035469,35.9593516,8652475355,http://www.alliancebrewing.com,Tennessee,1130 Sevier Ave
454df518-8ed7-4570-9588-4a8cfdf9b923,Allies,micro,,Thuin,Région wallonne,6530,Belgium,4.282841,50.3604713,,https://www.brasserievds.be/,Région wallonne,
10795316-cc0d-42d7-80c7-e237aae40a06,Alligator Brewing / Tall Paul's Brewhouse,micro,10 SE 2nd Ave,Gainesville,Florida,32601-6232,United States,-82.3222523,29.6502615,3525050990,,Florida,10 SE 2nd Ave
1b259770-4334-44ad-be18-8097be571df6,Alloy Brewing Company,micro,2700 Coon Rapids Blvd NW,Coon Rapids,Minnesota,55433-3955,United States,-93.33543497,45.16953614,7634230939,http://www.alloybrewingcompany.com,Minnesota,2700 Coon Rapids Blvd NW
6889b781-b8f6-4a5a-a1ef-ab3e4c72aed9,Alltech's Lexington Brewing,regional,475 Angliana Ave,Lexington,Kentucky,40508-3134,United States,-84.51599645,38.04950651,8592552337,http://www.Kentuckyale.com,Kentucky,475 Angliana Ave
6e103afb-f4ad-4fea-bf67-b31d390c269d,Alluvial Brewing Company,micro,3715 W 190th St,Ames,Iowa,50014-9316,United States,-93.6370387,41.5831617,515337118,http://www.alluvialbrewing.com,Iowa,3715 W 190th St
4d43c467-2e30-4b93-a25c-d1e46998dc07,Alma Brewing Co,brewpub,208 E Superior St,Alma,Michigan,48801-1819,United States,-84.6588719,43.37888808,9894620208,http://www.almabrewing.com,Michigan,208 E Superior St
085c97d4-5a01-4e28-a1c6-683bf773b062,Alma Mader Brewing,micro,2635 Southwest Blvd,Kansas City,Missouri,64108,United States,-94.599389,39.082495,8169452589,http://almamaderbrewing.com,Missouri,2635 Southwest Blvd
9a6f84d7-194b-426d-999f-c1be9beb835d,Almanac Beer Company,micro,651B W Tower Ave,Alameda,California,94501-5047,United States,-122.3062832,37.78344977,4159326531,http://almanacbeer.com,California,651B W Tower Ave
fc0ae4ac-07b5-4df2-a1d2-0785af183a35,Almost Famous Brewing Company,closed,17 Kripes Rd,East Granby,Connecticut,06026,United States,-72.4224674,41.9581654,8604139401,https://www.almostfamousbrewing.com/,Connecticut,17 Kripes Rd
cc1c18dc-77d7-4ca5-b3b7-8180f77feecd,Aloha Beer Co,brewpub,700 Queen St,Honolulu,Hawaii,96813-5110,United States,-157.857248,21.301249,8085441605,http://www.alohabeer.com,Hawaii,700 Queen St
b3bea277-345d-4154-9a79-1c9364ee0172,Aloha Sea Sports Centre,bar,1212 East Coast Parkway,Singapore,Singapore,449886,Singapore,103.934847,1.306439441491,+65 6241 9212,https://www.alohaseasports.com/bar,Singapore,1212 East Coast Parkway
30ef2457-11c4-48ef-ae58-37109ceda4c7,Alosta Brewing Co,micro,692 Arrow Grand Cir,Covina,California,91722-2122,United States,-117.8781466,34.10365026,9094558707,http://www.alostabrewing.com,California,692 Arrow Grand Cir
abe71cdf-8c92-4be2-adac-902d1a14e7bb,Alpenglow Beer Co,contract,,Lafayette,California,94549-4621,United States,-122.1180201,37.8857582,,http://www.buckwildbrew.com,California,
dc9fb80b-fb92-47c2-8b13-9a6f6990f99e,Alpha Acid Brewing Co,micro,121 Industrial Way Ste 12,Belmont,California,94002-8208,United States,-122.2655717,37.52125155,6503944728,,California,121 Industrial Way Ste 12
0edb8050-2911-4a04-a99a-7927e05cd018,Alpha Brewing Co.,micro,4310 Fyler Ave,Saint Louis,Missouri,63116,United States,-90.26236838,38.59861817,3146212337,http://www.alphabrewingcompany.com,Missouri,4310 Fyler Ave
810e0e7c-293a-4e3e-a557-13691d30d399,Alphabet City Brewing Co,contract,96 Avenue C Frnt 4,New York,New York,10009-7055,United States,,,9143566809,http://www.acbnyc.com,New York,96 Avenue C Frnt 4
632eb7c1-e7ef-4b2e-b5ae-b7f140ff0c7c,Alpine Ale Works,micro,827 Frankton Road,Queenstown,Otago Region,9300,New Zealand,168.715947,-45.01799,+64 3 442 4507,https://www.altitudebrewing.co.nz/,Otago Region,827 Frankton Road
1d7c2273-8031-40d2-bb50-7f518722e291,Alpine Beer Company,brewpub,6550 Mira Mesa Blvd,San Diego,California,92121-4100,United States,-117.113975,32.9167796,6194452337,http://www.alpinebrewing.com,California,6550 Mira Mesa Blvd
d8dd6a64-c201-471f-a0a1-0fc8d04b5b49,Alpine Brewing Co,closed,821 14th Ave,Oroville,Washington,98844,United States,-119.4305306,48.9365877,5094769662,http://www.alpine-brewing.com,Washington,821 14th Ave
9d64f11c-4f42-41c6-8ba7-768f7bf9ec13,Alpine Dog Brewing Co,micro,1505 N Ogden St,Denver,Colorado,80218-1405,United States,,,3038321245,http://www.alpinedogbrewery.com,Colorado,1505 N Ogden St
3345a490-cc70-449e-b037-939398bd0f25,Alpirsbacher Klosterbräu,brewpub,1 Marktplatz,Alpirsbach,Baden-Württemberg,72275,Germany,8.40305,48.34566,+49 7444 670,http://www.alpirsbacher.de,Baden-Württemberg,1 Marktplatz
ddae7cb2-84c9-44f0-bbab-93781b5cf837,Alsfelder,brewpub,8 Cent,Lauterbach (Hessen),Hessen,36341,Germany,9.3926513,50.6390531,+49 6641 1800,http://www.alsfelder.de,Hessen,8 Cent
98939b4a-14d7-4427-a99e-3d686784abca,Alt,brewpub,10 Dorfstraße,Leutenbach,Bayern,91359,Germany,11.1728824,49.7108499,+49 9199 403,http://www.brauerei-alt.de,Bayern,10 Dorfstraße
8e69dcd6-de4f-41b5-a9be-cc35844fb273,ALT Brew / Greenview Brewing LLC,brewpub,1808 Wright St,Madison,Wisconsin,53704-2522,United States,-89.33026,43.12576305,6083523373,http://www.altbrew.com,Wisconsin,1808 Wright St
df78986a-9a20-4a4b-a718-26698af122d6,Alt Neuhaus,brewpub,1 Bei der Kirche,Neuhaus (Oste),Niedersachsen,21785,Germany,9.0347318,53.8014793,+49 4752 841033,http://www.ulex.de,Niedersachsen,1 Bei der Kirche
0474f95d-9e16-4b45-b789-93827fcc13c2,Alt Oberurseler Brauhaus,brewpub,13 Ackergasse,Oberursel (Taunus),Hessen,61440,Germany,8.578921,50.202898,+49 6171 54370,http://www.meinbier.de,Hessen,13 Ackergasse
36ee96e3-cb87-460b-bbb8-2c2a3c33b28a,Alt-Giessen,micro,Westanlage 30,Giessen,Hesse,35390,Germany,,,,http://www.altgiessen.de,Hesse,Westanlage 30
728f9750-1c56-48be-9f96-b26d04215958,Alta Brewing Company,micro,1983 Julian Avenue,San Diego,California,92113-1125,United States,-117.1414712,32.7018758,6197957300,http://www.altabrewing.com,California,1983 Julian Avenue
ce487823-fb0a-4ad9-b3de-2f2ec4ce0631,Altamont Beer Works,micro,2402 Research Dr,Livermore,California,94550-3850,United States,-121.7210974,37.67839114,9254432337,http://www.altamontbeerworks.com,California,2402 Research Dr
7c5ca24c-37df-43db-859f-ac5831866aef,Alte Brauerei / Zapfbräu,brewpub,2 Kirchplatz,Uettingen,Bayern,97292,Germany,9.7296212,49.7941875,+49 9369 8221,http://www.alte-brauerei.de,Bayern,2 Kirchplatz
f14b5ab3-92fc-487f-9869-07b1c8db5bf7,Alte Brauerei Stegen,brewpub,57 Landsberger Straße,Inning am Ammersee,Bayern,82266,Germany,11.1386516,48.0762625,+49 8143 9976431,http://www.alte-brauerei-stegen.de,Bayern,57 Landsberger Straße
ad3a2f17-d7a8-432a-91c0-1ff29b4398fd,Alte Feuerwache,brewpub,6 Schulgasse,Idstein,Hessen,65510,Germany,8.2680809,50.2218602,+49 6126 958112,http://www.brauhaus-alte-feuerwache.de,Hessen,6 Schulgasse
0e8bc17d-a0f8-4cd8-b207-eeb0fe369d01,Alte Ölmühle / Herz-Bräu,brewpub,52 Bad Wilsnacker Straße,Wittenberge,Brandenburg,19322,Germany,11.7593927,52.9906349,+49 3877 567994600,http://www.oelmuehle-wittenberge.de,Brandenburg,52 Bad Wilsnacker Straße
ddd11477-dab1-4aae-a129-5b1a6248c3a9,Alte Werkstatt,brewpub,Luetzestr. 93,Weingarten (Baden),Baden-Württemberg,76356,Germany,8.5313723,49.0533742,+49 7244 8261,http://www.alte-werkstatt-bier.de,Baden-Württemberg,Luetzestr. 93
1c5e34bb-a0bb-4342-a964-a65f7b19ccca,Altenauer Brauerei,brewpub,29 Breite Straße,Altenau im Harz,Niedersachsen,38707,Germany,10.4481894,51.8008784,+49 5328 217,http://www.altenauer-brauerei.de,Niedersachsen,29 Breite Straße
783328ef-b388-445a-bb53-9b66c6f132f8,Altenburger,brewpub,20 Brauereistraße,Altenburg,Thüringen,04600,Germany,12.4368298,51.0006734,+49 3447 31290,http://www.brauerei-altenburg.de,Thüringen,20 Brauereistraße
7bb77ea1-fc74-4689-bf5e-0ee1e39c244b,Altenrüthener Landbierbrauerei,closed,7 Altenrüthener Straße,Rüthen,Nordrhein-Westfalen,59602,Germany,8.407061,51.4974846,+49 2952 3371,http://www.altenruethener-landbierbrauerei.de,Nordrhein-Westfalen,7 Altenrüthener Straße
6df21f70-1f25-460c-956a-f98a9576d82c,Alter Bahnhof,brewpub,2 Bahnhofstraße,Malsch,Baden-Württemberg,76316,Germany,8.3238889,48.8894444,+49 7246 305944,http://www.alterbahnhofmalsch.de,Baden-Württemberg,2 Bahnhofstraße
c7009224-b9ce-44d0-b426-cd0a1e95d6f9,Alter Brewing + Kitchen,micro,12 S 1st St,Saint Charles,Illinois,60174-4591,United States,-88.313937317989,41.913143276343,3319015949,http://www.alterbrewing.com,Illinois,12 S 1st St
0026ad13-246b-4091-b344-641934ef7cc3,Alter Brewing Company,micro,2300 Wisconsin Ave Ste 213,Downers Grove,Illinois,60515-2234,United States,,,6305419558,http://www.alterbrewing.com,Illinois,2300 Wisconsin Ave Ste 213
444584ea-a619-4144-9b6a-b71b33ad2447,Alter Elbehof,brewpub,12 Werdau,Torgau,Sachsen,04860,Germany,13.0336437,51.5527191,+49 3421 904525,http://www.elbehof.eu,Sachsen,12 Werdau
6dcf0b1b-3933-4207-bf88-0a37ee98994a,Alternation Brewing Company,micro,1539 S Broadway,Denver,Colorado,80210-2607,United States,-104.9876117,39.68866374,3038025340,http://www.alternationbrewing.com,Colorado,1539 S Broadway
e25f3ee3-987d-4305-a595-56a957116658,Altes Brauhaus,brewpub,9 Am Alten Brauhaus,Wolfsburg,Niedersachsen,38442,Germany,10.7172676,52.4166626,+49 5362 3140,http://www.brauhaus-fallersleben.de,Niedersachsen,9 Am Alten Brauhaus
bc5800fb-993e-4abd-a8a4-29b62a9794c5,Altitude,micro,827 Frankton Road,Queenstown,Otago Region,9300,New Zealand,168.715947,-45.01799,+64 3 442 4507,https://www.altitudebrewing.co.nz/,Otago Region,827 Frankton Road
b71c080f-8514-4100-bbb3-40d2582b8122,Altitude Chophouse and Brewery,brewpub,320 S 2nd St,Laramie,Wyoming,82070-3612,United States,-105.5953366,41.31038565,3077214031,http://www.altitudechophouse.com,Wyoming,320 S 2nd St
be64e523-9c15-4348-87e5-c6747b87abcb,Altmeyer and Lewis Brewing Company,micro,15898 N Hwy 123,San Marcos,Texas,78666-2418,United States,,,5126679537,http://www.altmeyerlewisbrewing.com,Texas,15898 N Hwy 123
c1e6f260-1f52-4e38-bc14-ae58fdb7bb14,Altruist Brewing Company,brewpub,559 Main St Unit 105,Sturbridge,Massachusetts,01518-1208,United States,,,7742418022,http://www.altruistbrewing.com,Massachusetts,559 Main St Unit 105
68410dce-b145-4c0a-993f-08fc280cc9c8,Altstadt Brewery,micro,6120 E US Highway 290,Fredericksburg,Texas,78624-2176,United States,-98.8467263,30.2468574,8303042337,http://www.altstadtbeer.com,Texas,6120 E US Highway 290
773770b1-b840-45c1-8bff-487ac7268d25,Altstadthof,brewpub,19 Bergstraße,Nürnberg,Bayern,90403,Germany,11.0748976,49.4570626,+49 911 2449859,http://www.altstadthof.de,Bayern,19 Bergstraße
7d0a71c4-cec0-431b-be2f-d125a9b9a44b,Alvarado Street Brewery,micro,1315 Dayton St Ste E,Salinas,California,93901-4400,United States,-121.6305329,36.64880356,,,California,1315 Dayton St Ste E
08bf17d8-5f8f-40bc-88cb-5661f0791b35,Alvarado Street Brewery & Grill,brewpub,426 Alvarado St,Monterey,California,93940-2711,United States,-121.8946096,36.59857755,8316552337,,California,426 Alvarado St
15ccd19e-e5bc-4216-939f-3d3348fb6d5c,Alvarium Beer Company,micro,365 John Downey Dr Ste B,New Britain,Connecticut,06051-2922,United States,-72.7575129,41.6642131,8603572039,http://www.alvariumbeer.com,Connecticut,365 John Downey Dr Ste B
5f49e25d-e936-4b8e-b7b9-9894658035f9,Alvinne,micro,4a Vaartstraat,Zwevegem,Vlaanderen,8552,Belgium,3.3909429,50.7704562,+32 486 55 53 14,http://www.alvinne.be/,Vlaanderen,4a Vaartstraat
a649a8d5-f59e-4007-bf75-e1609ef76467,Amador Brewing Company,micro,9659 Main St,Plymouth,California,95669-9570,United States,-120.849271,38.4808723,2095071900,http://www.amadorbrewing.com,California,9659 Main St
b3b2c0e1-84a4-4412-a6a9-1b4825d1edfb,Amai,micro,11 Konijnenpijp,Lommel,Vlaanderen,3920,Belgium,5.3508043,51.2363486,+31 6 22699240,http://www.brouwerij-amai.be/,Vlaanderen,11 Konijnenpijp
1a6103ad-023a-4710-988f-17e47a6732c2,Amalgam Brewing,proprietor,6381 Beach St Unit A,Denver,Colorado,80221-2036,United States,,,,http://www.amalgambrewing.com,Colorado,6381 Beach St Unit A
97ea0a56-c25b-45ab-afaa-ff0b37d68de5,Amani Brewing,brewpub,654 Ropp Dr,Martinsburg,West Virginia,25403-1533,United States,-77.949602,39.5332966,3042793861,https://amanibrewing.com,West Virginia,654 Ropp Dr
5306cc0f-35c0-4168-b49b-ea965437dc8e,Ambacht Brewing,micro,1060 NE 25th Ave Ste B,Hillsboro,Oregon,97124-4903,United States,-122.9564737,45.53275124,5038281400,http://www.ambacht.us,Oregon,1060 NE 25th Ave Ste B
c33a8963-8d53-45be-ade3-5f8cbf08d3e7,Ambachtelijke Vechtdal Brouwerij,micro,Molendijk 11,Dalfsen,Overijssel,7721 AB,Netherlands,6.2628498,52.5061472,+31 06 30781380,http://vechtdalbrouwerij.nl/,Overijssel,Molendijk 11
5fffcb8c-fbca-4633-8ef4-7bfd7dd6d473,Amber Lantern Brewing Company,brewpub,44 N Main St,Warsaw,New York,14569-1326,United States,-78.132363,42.7408423,5857863559,http://www.amberlanternbrewingcompany.com,New York,44 N Main St
a580bbc1-343c-4213-968d-6f332755f739,Ambitious Ales,planning,,Long Beach,California,90807-2907,United States,-118.1580493,33.78538945,7142962550,http://www.ambitiousales.com,California,
ef19c7ac-4313-4b3a-80bd-890f59ece1ea,Ambräusianum,brewpub,10 Dominikanerstraße,Bamberg,Bayern,96049,Germany,10.884593,49.891758,+49 951 5090262,http://www.ambraeusianum.de,Bayern,10 Dominikanerstraße
f02ee574-d02d-486f-8d2e-851ad54b25ab,Amelia Island Brewing Company,brewpub,318 Centre St,Fernandina Beach,Florida,32034-4241,United States,-81.46236272,30.67106045,9043106088,http://www.theameliatavern.com,Florida,318 Centre St
5e4e7f13-1e56-4715-b575-37522b595062,American Badass Beer,contract,1401 Abbott St Corktown,Detroit,Michigan,48216-1946,United States,,,,http://www.americanbadassbeer.com,Michigan,1401 Abbott St Corktown
2b3bdfe8-47fd-4105-939e-57c9864e83b4,American Brewers Inc,micro,3408 Miller Rd,Kalamazoo,Michigan,49001-4111,United States,-85.5378194,42.26671998,2692171920,http://www.americanbrewers.us,Michigan,3408 Miller Rd
29c900c4-16b4-45ef-b688-061ed0fe8bd4,American Brewing Company,closed,180 W Dayton St Ste 102,Edmonds,Washington,98020-4127,United States,,,4257741717,http://www.americanbrewing.com,Washington,180 W Dayton St Ste 102
538f360a-f2b7-48fc-aa66-3ed35af0f62e,American Harvest Brewpub At Schoolcraft College,brewpub,18600 Haggerty Rd,Livonia,Michigan,48152-3932,United States,-83.42868497,42.419317,7344627659,http://www.schoolcraft.edu,Michigan,18600 Haggerty Rd
4c92654b-a82a-4a9a-8c3f-fc03886a0be7,American Honor Beer Co,contract,700 N Pennsylvania Ave,Wilkes Barre,Pennsylvania,18705-2451,United States,-75.859363,41.254896,,http://www.BoondoggleBeer.com,Pennsylvania,700 N Pennsylvania Ave
6ec8cb60-72f6-4c30-af4b-3e59e736b3fc,American Icon Brewery,brewpub,1133 19th Place,Vero Beach,Florida,32960,United States,-80.3955067,27.63674361,7729344266,http://www.americaniconbrewery.com,Florida,1133 19th Place
f6350f89-c5df-4969-81b2-358b6e8e6ed0,American Solera,micro,1702 E 6th St,Tulsa,Oklahoma,74104,United States,-95.9667403,36.1518928,9189494318,http://www.americansolera.com,Oklahoma,1702 E 6th St
045441f8-1882-4960-9e4d-0a32d24625e6,Americana Brewery,planning,,Fort Lauderdale,Florida,33328-1606,United States,,,,,Florida,
32dd19c9-33b8-4ed5-b5f0-1fb5f5d8ad02,Amerisports Brew Pub,brewpub,3200 Ameristar Dr,Kansas City,Missouri,64161,United States,-94.484526,39.150682,8164147435,http://www.ameristar.com,Missouri,3200 Ameristar Dr
9bd199ef-1796-410e-abaa-1a4c9da3a1ca,Amery Ale Works,micro,588 115th St,Amery,Wisconsin,54001-7801,United States,-92.396797834543,45.293806062122,7152685226,http://www.ameryaleworks.com,Wisconsin,588 115th St
aacf9c9e-ec62-43b9-bcaa-877d54ffce8b,Ametsbichler,brewpub,13 Hauptstraße,Aschau am Inn,Bayern,84544,Germany,12.3505556,48.1980556,+49 8638 3204,http://www.ametsbichler.de,Bayern,13 Hauptstraße
fb1c5883-f652-4375-b887-a424584d0d9d,Amherst Brewing Co / Hangar Pub and Grill,brewpub,10 University Dr,Amherst,Massachusetts,01002-2243,United States,-72.5318418,42.3728635,4132534400,http://www.amherstbrewing.com,Massachusetts,10 University Dr
7fe7f410-f9f7-4eed-a402-648d3651e910,Ammergauer Maxbräu,brewpub,5 Ettaler Straße,Oberammergau,Bayern,82487,Germany,11.066696,47.5953971,+49 8822 9487460,http://www.maximilian-oberammergau.de,Bayern,5 Ettaler Straße
f4e14ed9-3db6-4829-a08f-3f964717e489,Ammo Brewing,micro,235 N Market St,Petersburg,Virginia,23803-3207,United States,-77.407177,37.230765,8047221667,http://www.ammobrewing.com,Virginia,235 N Market St
f330bf2b-e342-4265-b41f-59d8ebf8bba7,Amorphic Beer,micro,3700 N Fratney St,Milwaukee,Wisconsin,53212-2360,United States,-87.900978500235,43.08422407407,4144856705,http://www.amorphicbeer.com,Wisconsin,3700 N Fratney St
be80d6fe-27bc-4b12-a046-e7fc8fd947b6,Amorys Tomb Brewing Co,micro,76 Main St,Maynard,Massachusetts,01754-2516,United States,-71.45315644,42.43203845,9782430875,http://amorystomb.com,Massachusetts,76 Main St
fd0d376e-1c1d-48ce-ba6f-897298c20b85,Amplified Ale Works,brewpub,4150 Mission Blvd Ste 208,San Diego,California,92109-5054,United States,-117.2511178,32.7719729,6195871400,http://www.amplifiedales.com,California,4150 Mission Blvd Ste 208
c3f5bb6a-c7f4-45a9-829c-3978625f111e,Amplified Ale Works Miramar Studio,brewpub,9030 Kenamar Dr Ste 309,San Diego,California,92121-2432,United States,-117.1570695,32.88687598,6503804220,https://amplifiedales.com/,California,9030 Kenamar Dr Ste 309
1bfbea82-92f0-4a1e-84a4-22ac478419ec,Amstel Brewery,large,Funenkade 7,Amsterdam,Noord-Holland,1018 AL,Netherlands,4.9264253,52.3666908,+31 020 261 9801,https://www.brouwerijhetij.nl/proeflokalen/proeflokaal-de-molen,Noord-Holland,Funenkade 7
3502ea97-053f-48b4-a0f8-bda50f63f11c,Amsterdam Barrel House,brewpub,87 Laird Drive,Toronto,Ontario,M4G3T7,Canada,-79.3614605,43.706078,(416) 504-1060,http://www.amsterdambeer.com/,Ontario,87 Laird Drive
75c3d25e-3af4-4275-8195-0027095e8bfb,Amsterdam Brewery,brewpub,45 Esandar Drive,Toronto,Ontario,M4G4C5,Canada,-79.3569392,43.7065237,(416) 504-1040,http://www.amsterdambeer.com/,Ontario,45 Esandar Drive
0ca77251-a864-4c0b-b4f1-dbca8de2dc8a,Amsterdam Brewhouse,brewpub,247 Queens Quay W,Toronto,Ontario,M5J2N3,Canada,-79.3854978,43.6391154,(416) 504-1020,http://www.amsterdambeer.com/,Ontario,247 Queens Quay W
f99c834f-df7e-41e9-8236-ce0d25e43189,Anacapa Brewing Co,brewpub,472 E Main St,Ventura,California,93001-2627,United States,-119.2935874,34.28073347,8056432337,http://www.anacapabrewing.com,California,472 E Main St
3447e49a-c978-471a-8c46-62244ca757b8,Anacortes Brewery/Rockfish Grill,brewpub,320 Commercial Ave,Anacortes,Washington,98221-1517,United States,-122.6126089,48.51933431,3605881720,http://www.anacortesrockfish.com,Washington,320 Commercial Ave
e6663203-a997-403b-b130-63dd975b00c6,Anaheim Brewery,micro,336 S Anaheim Blvd,Anaheim,California,92805-3830,United States,-117.9125249,33.8328226,7147801888,http://www.anaheimbrew.com,California,336 S Anaheim Blvd
bdc1beb9-2832-4c44-aa63-289726c3a13f,Anawan Brewing Company,planning,,Dighton,Massachusetts,02764,United States,,,7742296300,http://www.anawanbrewingco.com,Massachusetts,
126392f8-8260-4619-a561-ec20153c6779,Ancestry Brewery,brewpub,20585 SW 115th Ave,Tualatin,Oregon,97062-6857,United States,-122.7967838,45.3711546,5037060448,http://www.ancestrybrewing.com,Oregon,20585 SW 115th Ave
83a97464-95b4-4dca-9b1c-80eedf59bca7,Anchor,closed,20 Bond Street,Wellington,Wellington Region,6011,New Zealand,174.7756195,-41.2892342,+64 4 472 0033,http://www.forkandbrewer.co.nz/,Wellington Region,20 Bond Street
25809e1c-0c76-498b-8a57-d6b85ff24c3c,Anchor Brewing Co,large,1705 Mariposa St,San Francisco,California,94107-2334,United States,-122.4011065,37.7630772,4158638350,http://www.anchorbrewing.com,California,1705 Mariposa St
ce8f55f6-ba10-4d74-94c3-e26cc131f473,Anchorage Brewing Co,micro,148 W 91st Ave,Anchorage,Alaska,99515-1901,United States,-149.8893581,61.1385311,9073605104,http://www.anchoragebrewingcompany.com,Alaska,148 W 91st Ave
6c8aafd9-6e4a-4f1d-9dc0-a5e4cb710dce,Ancient City Brewing Co.,micro,3420 Agricultural Center Dr Ste 8,Saint Augustine,Florida,32092-0690,United States,,,9044299654,http://www.ancientcitybrewing.com,Florida,3420 Agricultural Center Dr Ste 8
032a363c-447b-495a-bfed-814201b877c0,Andean Brewing,micro,300 Corporate Dr Ste 2,Blauvelt,New York,10913-1162,United States,,,6464505852,,New York,300 Corporate Dr Ste 2
e7344bbe-edbd-45ed-9938-5dde5a6a55f7,Anders,micro,1400 Stadsbeemd,Halen,Vlaanderen,3545,Belgium,5.105251,50.9475244,+32 13 46 03 60,http://www.brouwerij-anders.be/,Vlaanderen,1400 Stadsbeemd
1d690623-2a47-4bb2-aecb-08f51a8ef390,Anders Browar,brewpub,Broniewskiego 33,Syców,dolnośląskie,56-500,Poland,17.7046519,51.3044034,,,dolnośląskie,Broniewskiego 33
20502436-b1ab-4f6a-9df4-36f465071947,Anderson Craft Ales,micro,1030 Elias St,London,Ontario,N5W 5J7,Canada,,,,http://andersoncraftales.ca,Ontario,1030 Elias St
55bbdf14-e891-4572-9ed2-9c6bf25edda9,Anderson Valley Brewing Co,regional,17700 CA-253,Boonville,California,95415,United States,-123.3560542,39.00141731,7078952337,http://www.avbc.com,California,17700 CA-253
6fad664c-ba6d-4ac1-be03-408cc65ab70a,Andina Brewing Company,closed,1507 Powell Street,Vancouver,British Columbia,V5L 1S3,Canada,-123.0737942,49.2833907,,,British Columbia,1507 Powell Street
bdf3e527-3362-46ec-829a-0804de5150a3,Andorfer,brewpub,2 Rennweg,Passau,Bayern,94034,Germany,13.453345,48.586244,+49 851 754444,http://www.andorfer-weissbraeu.de,Bayern,2 Rennweg
51bc8efd-7da5-437c-b95d-af24c8120ff9,Andreasbr,brewpub,71A Donauring,Eggenstein-Leopoldshafen,Baden-Württemberg,76344,Germany,8.3987069,49.0903862,+49 7247 963200,http://www.andreasbraeu.de,Baden-Württemberg,71A Donauring
adb4eef2-cd2f-4664-9912-c58890711b30,Andrews Brewing Co,micro,353 High St,Lincolnville,Maine,04849-5846,United States,,,2077633305,,Maine,353 High St
bd12815b-aceb-485f-9070-e37b03bbcbb4,Andrews Brewing Co At Calaboose Cellars,micro,575 Aquone Rd,Andrews,North Carolina,28901-7004,United States,-83.81487799,35.19958164,8283212006,http://www.calaboosecellars.com,North Carolina,575 Aquone Rd
be95afe2-de19-4b3b-8c83-a24ac9cd4aa7,Angel City Brewery,micro,216 S Alameda St,Los Angeles,California,90012-4201,United States,-118.237715,34.04627065,2136221261,http://www.angelcitybrewery.com,California,216 S Alameda St
a7e8257d-956d-46ca-81f4-33d1b6a13fc8,"Angelina Brewing Company, LLC.",planning,,Lufkin,Texas,75904-7550,United States,,,3168419327,,Texas,
66f0b03a-d8b9-4b1b-8ff3-55fe85929e96,Angerik,micro,30 Snakkaertstraat,Dilbeek,Vlaanderen,1700,Belgium,4.247327,50.851567,+32 477 37 15 86,http://www.angerik.be/,Vlaanderen,30 Snakkaertstraat
d4e376b6-3aad-46ae-ae8d-471791ae03f8,"Angry Chair Brewing, LLC.",micro,6401 N Florida Ave,Tampa,Florida,33604-6007,United States,-82.459381,28.005127,8138921651,http://www.angrychairbrewing.com,Florida,6401 N Florida Ave
67616802-40bf-435e-8824-598bbf20e054,Angry Erik Brewing,micro,10 Millpond Dr Unit 8,Lafayette,New Jersey,07848-3825,United States,,,8624329003,http://www.angryerik.com,New Jersey,10 Millpond Dr Unit 8
8dc5e687-be97-44c3-ae27-9b0818d48471,Angry Fish Brewing Company,micro,106 Fabrister Ln Ste C,Lexington,South Carolina,29072,United States,,,8035707470,http://angryfishbewingco.com,South Carolina,106 Fabrister Ln Ste C
40ecc96b-6dea-4e6b-a8f0-55293970654b,Angry Hank's Microbrewery,micro,20 N 30th St,Billings,Montana,59101-2140,United States,-108.5076025,45.78022173,4062523370,,Montana,20 N 30th St
5d0bfbaa-e738-4d5b-a68e-5cfea2116197,Angry Horse Brewing,micro,603 W Whittier Blvd,Montebello,California,90640-5235,United States,-118.1003743,34.0084152,3235300015,http://angryhorsebrewing.com,California,603 W Whittier Blvd
4f22a5e8-e8e0-471b-8070-888584fc446a,Angry Inch Brewing,micro,20841 Holyoke Ave,Lakeville,Minnesota,55044-,United States,-93.2432718,44.6476022,,http://www.angryinchbrewing.com,Minnesota,20841 Holyoke Ave
c9b30f6c-608f-4762-b041-c4c91e8aeba2,Angry James Brewing Co,micro,421 Adams Ave,Silverthorne,Colorado,80498,United States,-106.0764637,39.63306895,9704558800,http://www.angryjamesbrewing.com,Colorado,421 Adams Ave
64b090eb-64c7-4dc2-9799-d0420b517169,Angry Minnow Brewery,brewpub,10440 Florida Ave,Hayward,Wisconsin,54843-7112,United States,-91.4887672,46.0104853,7159343055,http://www.angryminnow.com,Wisconsin,10440 Florida Ave
3929eda4-926c-46cd-ab20-cb5c9e6f7caf,Angry Scotsman Brewing,contract,704 W Reno Ave,Oklahoma City,Oklahoma,73102-2434,United States,-97.6002769,35.4644206,4056737713,http://www.angryscotbrew.com,Oklahoma,704 W Reno Ave
fa4da286-e9a3-4d00-ab49-8e5f027f76d5,Angry Troll Brewing / 222 Public House,brewpub,222 E Main St Ste U2,Elkin,North Carolina,28621-3493,United States,,,3362582251,http://www.angrytrollbrewing.com,North Carolina,222 E Main St Ste U2
d1a61260-d377-4e7d-8ce9-8851e30934ae,Anheuser-Busch InBev,large,1 Busch Pl,Saint Louis,Missouri,63118-1849,United States,-90.2118998,38.5954536,3145772000,http://www.anheuser-busch.com,Missouri,1 Busch Pl
baec5c2d-a983-49e0-beb9-ca55879d4139,Anheuser-Busch Inc - Baldwinsville,large,2885 Belgium Rd,Baldwinsville,New York,13027-2706,United States,-76.31159343,43.16510925,3156354000,,New York,2885 Belgium Rd
6599a1de-d497-4e4f-bf3d-16d5065fefec,Anheuser-Busch Inc - Cartersville,large,100 Busch Dr NE,Cartersville,Georgia,30121-7217,United States,,,7703862000,,Georgia,100 Busch Dr NE
2360f91c-60cb-402c-ad58-3eb638859f4c,Anheuser-Busch Inc - Columbus,large,700 Schrock Rd,Columbus,Ohio,43229-1123,United States,-82.99307,40.102197,6148886644,,Ohio,700 Schrock Rd
2f7efc38-d4fd-47fc-bc1e-4b506fb6e66c,Anheuser-Busch Inc - Fairfield,large,3101 Busch Dr,Fairfield,California,94534-9726,United States,-122.0902992,38.2365838,7074292000,,California,3101 Busch Dr
12bc86df-c66b-4fb9-9f84-5bb405ccb8b1,Anheuser-Busch Inc - Fort Collins,large,2351 Busch Dr,Fort Collins,Colorado,80524-9400,United States,-105.0019686,40.61817811,9704904500,,Colorado,2351 Busch Dr
34dd23fd-b208-4a7b-b4d2-3488b20e618f,Anheuser-Busch Inc - Houston,large,775 Gellhorn Dr,Houston,Texas,77029-1496,United States,-95.27130674,29.771858,7136752311,,Texas,775 Gellhorn Dr
a7e9194f-28a7-4fb8-85fb-38ee669b66e6,Anheuser-Busch Inc - Jacksonville,large,111 Busch Dr,Jacksonville,Florida,32218-5546,United States,-81.6481156,30.4319552,9047510700,,Florida,111 Busch Dr
7d78f227-f2c5-4830-abb5-28a209de235d,Anheuser-Busch Inc - Los Angeles,large,15800 Roscoe Blvd,Van Nuys,California,91406-1350,United States,-118.4721072,34.2213918,8189895300,,California,15800 Roscoe Blvd
c1e8a479-5371-44bb-a952-b76b60997a9e,Anheuser-Busch Inc - Merrimack,large,221 Daniel Webster Hwy,Merrimack,New Hampshire,03054-4807,United States,-71.48598162,42.8253635,6038896631,,New Hampshire,221 Daniel Webster Hwy
5486bf95-fcc8-4829-854f-2cc5779e7212,Anheuser-Busch Inc - Newark,large,200 US Highway 1,Newark,New Jersey,07114-2298,United States,,,9736457700,http://www.anheuser-busch.com,New Jersey,200 US Highway 1
277a6d32-7f94-4a94-ad41-ad7f4ce8ce1c,Anheuser-Busch Inc - Williamsburg,large,7801 Pocahontas Trl,Williamsburg,Virginia,23185-6302,United States,-76.6798988,37.2652889,7572533600,http://www.anheuser-busch.com,Virginia,7801 Pocahontas Trl
c498dd04-30b2-4f8f-b06b-c47a34dd61c7,Animas Brewing Co,brewpub,1560 E 2nd Ave,Durango,Colorado,81301-5186,United States,-107.8769912,37.27997215,9704038850,http://www.animasbrewing.com,Colorado,1560 E 2nd Ave
9e16fd00-e490-47d0-a8ad-046a954bec87,Ankerbräu,brewpub,6A Steinbächlein,Steinach,Thüringen,96523,Germany,11.1549309,50.4329505,+49 171 6294017,http://www.ankerla.de,Thüringen,6A Steinbächlein
236cb5e3-d827-453a-a3a4-5a4d59d87adf,Ankrolab Brewing Company,planning,,Naples,Florida,34112-6363,United States,,,2394511223,http://ankrolab.com,Florida,
b26623c7-5291-4492-b876-66c2d970c275,Another Round Brewing Co,closed,745 N Grand Ave,Pullman,Washington,99163-3151,United States,-117.175392,46.736755,9164757580,https://anotherroundbrewery.com,Washington,745 N Grand Ave
fb3baa12-0eca-48f3-8138-d0856ca139be,Ant Brew,brewpub,Mallaskatu 1,Lahti,Päijät-Häme,15140,Finland,25.6521,60.9827,+358 50 3028181,https://www.antbrew.fi,Päijät-Häme,Mallaskatu 1
f95b4c37-7d9c-4bcb-8958-31c352cd1cab,Anthem Brewing Co,micro,908 SW 4th St,Oklahoma City,Oklahoma,73109-1012,United States,-97.5279236,35.46099673,4056040446,http://www.anthembrewing.com,Oklahoma,908 SW 4th St
9379b79b-63c2-4ce3-9605-f499f7915f7e,Antietam Brewery,micro,140 Western Maryland Pkwy,Hagerstown,Maryland,21740-5197,United States,-77.7609769,39.6397845,3017915915,http://www.antietambrewery.com,Maryland,140 Western Maryland Pkwy
1c215e2f-7a58-46ce-88cc-241bd3d39482,Antiques on High,micro,714 S High St,Columbus,Ohio,43206,United States,-82.99774,39.9476,614-725-2070,https://www.antiquesonhigh.com/,Ohio,714 S High St
f5df0c68-fc05-42ba-93a6-e0ee945db29c,Anton's,closed,1 Konrad-Adenauer-Platz,Erkelenz,Nordrhein-Westfalen,41812,Germany,6.3213419,51.0768089,+49 2431 99911000,http://www.antons-erklenz.de,Nordrhein-Westfalen,1 Konrad-Adenauer-Platz
c9efbd40-6ad1-4c60-9f94-4020464656ec,Antwerpse Brouw Compagnie,micro,21 Indiestraat,Antwerpen,Vlaanderen,2000,Belgium,4.4107791,51.234776,+32 3 293 91 84,http://www.seef.be/,Vlaanderen,21 Indiestraat
8872e200-c0d5-42ec-b228-4110cf2429dc,"Antwerpse Brouw Compagnie, Brouwerij & Taproom",micro,21 Indiestraat,Antwerpen,Vlaanderen,2000,Belgium,4.4107791,51.234776,+32 3 293 91 84,http://www.seef.be/,Vlaanderen,21 Indiestraat
516c104c-11fb-43d7-89cb-cf0a36236baf,Anvil Ale House,brewpub,728 Kruis Street,Dullstroom,Mpumalanga,1110,South Africa,30.1017,-25.4223,+27 73 169 7155,https://www.anvilale.co.za/,Mpumalanga,728 Kruis Street
26a850f9-f796-427c-810d-84b4ae08dfbb,Anvil Brewing,brewpub,115 S. Compress St,Pittsburg,Texas,75686-1353,United States,,,9039267741,http://www.anvilbrewingtx.com,Texas,115 S. Compress St
625f2c38-c681-4d85-b4b6-2e5ee25d79a9,APE BREWING,brewpub,2-1-15 Kawaramachi Kawaramachi Daito Building 1F,Osaka,Osaka,541-0048,Japan,135.5076625,34.68696137,81676619443,https://www.instagram.com/ape_brewing,Osaka,2-1-15 Kawaramachi Kawaramachi Daito Building 1F
6d598adb-bca7-42d8-99b6-4f2074bc8aee,APEShip Brewing,micro,520 N Dewey St,North Platte,Nebraska,69101-3913,United States,-100.75354430575,41.181566260787,3085689433,https://apeshipbrewing.com,Nebraska,520 N Dewey St
e61dc891-91d8-4a0f-a55e-b5e34acc97fd,Apex Aleworks Brew And BBQ Supplies,micro,4360 S Noland Rd,Independence,Missouri,64055-4741,United States,-94.416872,39.041039,8163135039,http://www.apexaleworks.com,Missouri,4360 S Noland Rd
e15991e7-755b-465a-9d39-0f850305e900,Apex Brewery,micro,"405 State Route 17M Monroe, NY 10950",Monroe,New York,19050,United States,-74.1730176,41.3165152,845-202-3498,https://apexbrews.com,New York,"405 State Route 17M Monroe, NY 10950"
98f2d2a5-5f1d-494c-b920-c50d6761b62e,Apocalypse Ale Works,micro,1257 Burnbridge Rd,Forest,Virginia,24551-3803,United States,-79.28917899,37.36302124,4342588761,http://www.apocalypsebrewworks.com,Virginia,1257 Burnbridge Rd
b622e216-d777-41c0-a795-bb901d31a555,Apocalypse Brew Works,micro,1612 Mellwood Ave,Louisville,Kentucky,40206-1752,United States,-85.72031443,38.2566442,5025894843,http://www.apocalypsebrewworks.com,Kentucky,1612 Mellwood Ave
5b484569-0e34-4ba7-9a4c-c89657d75a4e,Apostelbräu,brewpub,11 - 13 Eben,Hauzenberg,Bayern,94051,Germany,13.63452,48.6390058,+49 8586 2200,http://www.apostelbraeu.de,Bayern,11 - 13 Eben
855b2e6e-9fa0-40da-bcba-343bef14d556,Appalachian Brewing Co - Collegeville,brewpub,50 W Third Ave Collegeville Station 2nd Floor,Collegeville,Pennsylvania,19426-3655,United States,,,4849736064,http://www.abcbrew.com,Pennsylvania,50 W Third Ave Collegeville Station 2nd Floor
cb55778e-fc31-4634-b56f-570961484c8d,Appalachian Brewing Co - Gettysburg Gateway,brewpub,70 Presidential Cir,Gettysburg,Pennsylvania,17325-8399,United States,,,7173982419,http://www.abcbrew.com,Pennsylvania,70 Presidential Cir
48fd38a6-736f-4e76-b69a-8642d82c67df,Appalachian Brewing Co - Harrisburg,brewpub,50 N Cameron St,Harrisburg,Pennsylvania,17101-2407,United States,-76.8816961,40.291059,7172211080,http://www.abcbrew.com,Pennsylvania,50 N Cameron St
dddd1391-58ad-4a74-bd0d-93997ccaf17d,Appalachian Brewing Co - Lititz,brewpub,55 N Water St,Lititz,Pennsylvania,17543-1612,United States,-76.30100986,40.15827375,7172211080,http://www.abcbrew.com,Pennsylvania,55 N Water St
19693f1b-962f-4b88-8d53-7faf3e176208,Appalachian Brewing Co - Mechanicsburg,brewpub,6462 Carlisle Pike,Mechanicsburg,Pennsylvania,17050-2384,United States,,,7177954660,http://www.abcbrew.com,Pennsylvania,6462 Carlisle Pike
5b127f6a-3364-4588-b5ad-f7953fc6ee54,Appalachian Mountain Brewery - Boone,micro,163 Boone Creek Dr,Boone,North Carolina,28607-7911,United States,-81.668461,36.2033414,8282631111,http://www.appalachianmountainbrewery.com,North Carolina,163 Boone Creek Dr
d8528f09-f3d8-48f9-9719-db00b4e10b71,Appalachian Mountain Brewery - Portsmouth,micro,1 Redhook Way,Portsmouth,New Hampshire,03801-6853,United States,-70.8044602,43.087884,8282631111,,New Hampshire,1 Redhook Way
7861ed8a-e099-49ad-9507-2b901120320d,Appl,brewpub,2 Schloß,Alerheim,Bayern,86733,Germany,10.61385,48.83533,+49 9085 1212,http://www.donare-appl.de,Bayern,2 Schloß
b5d8ac9a-0449-46e7-8eb8-c1078ee793bb,Apple Blossom Brewing Co,brewpub,1550 E Zion Rd,Fayetteville,Arkansas,72703-5017,United States,-94.1372796,36.1297079,4792874344,http://www.appleblossombrewing.com,Arkansas,1550 E Zion Rd
12a02dc2-b34b-48cd-8e34-eac44554c0cf,Appleton Beer Factory,brewpub,603 W College Ave,Appleton,Wisconsin,54911-5803,United States,-88.4139148,44.26173602,9203649931,http://www.appletonbeerfactory.com,Wisconsin,603 W College Ave
ea5535e7-94e9-4c24-baa4-32b15b495c8b,Apponaug Brewing,brewpub,334 Knight St,Warwick,Rhode Island,02886,United States,-71.4691256,41.7265254,4016814321,http://www.apponaugbrewing.com,Rhode Island,334 Knight St
e04c1682-dba4-4366-ac2e-4a8dab19da3c,Aquabrew,brewpub,150 S L B J Dr,San Marcos,Texas,78666-5506,United States,,,5123532739,http://www.aqua-brew.com,Texas,150 S L B J Dr
61239a88-ebee-45d3-9794-12860e11259c,Aquatic Brewing LLC,planning,,Falmouth,Massachusetts,02540-3299,United States,,,5084442155,http://www.aquaticbrewing.com,Massachusetts,
fc2ce5e0-8796-4749-9aba-8710cd557ccb,Aqueduct Brewing,micro,529 Grant St Ste 106,Akron,Ohio,44311-1184,United States,-81.51788487,41.0698532,3306066583,http://www.aqueductbrewing.shutterfly.com,Ohio,529 Grant St Ste 106
e37a575c-5e11-4a2f-8e58-8fcce92e78ac,"Aransas Pass Brewing Company, LLC",planning,,Aransas Pass,Texas,78336-1920,United States,,,,,Texas,
e38d5dc2-4bf9-4627-b468-922baaa621ab,Arbeiter Brewing Company,planning,,Minneapolis,Minnesota,55418-2325,United States,,,,http://www.arbeiterbrewing.com,Minnesota,
250d36ec-b9f2-46f4-a4d9-17216f6490b6,Arbor Brewing Co,brewpub,114 E Washington St,Ann Arbor,Michigan,48104-1905,United States,-83.74822471,42.28041029,7342131393,http://www.arborbrewing.com,Michigan,114 E Washington St
90fa4058-a971-4fd5-8783-559c670cddde,Arbor Brewing Co. Microbrewery,micro,720 Norris St,Ypsilanti,Michigan,48198-2825,United States,-83.6099915,42.250158,7344802739,,Michigan,720 Norris St
de65181e-2bce-4a5b-bf4b-1841c3321584,Arc,micro,1870 Waikouaiti-Waitati Road,Evansdale,Otago Region,9471,New Zealand,170.5697102,-45.7177905,+64 20 4119 1921,http://www.arcbrewingco.com/,Otago Region,1870 Waikouaiti-Waitati Road
30561ae5-f2b9-4690-a94c-12bd52df29bb,Arcadia Brewing Co,micro,701 E Michigan Ave,Kalamazoo,Michigan,49007-4946,United States,-85.5715368,42.2950789,2692760458,http://www.arcadiaales.com,Michigan,701 E Michigan Ave
084a0621-2a9d-4588-825e-5c5cebc4e8db,Arcadian Moon,brewpub,19203 Old Highway 40,Higginsville,Missouri,64037,United States,-93.773203,39.001467,6605846661,http://www.arcadianmoon.com,Missouri,19203 Old Highway 40
43aa2e45-0b2a-473f-8696-7b9f63040279,Arcana Brewing Company,micro,5621 Palmer Way Ste C,Carlsbad,California,92010-7254,United States,-117.273876,33.14038605,,http://www.arcanabrewing.com,California,5621 Palmer Way Ste C
d7d60dca-5554-4aea-b906-bd768ae233a0,Arch Brewing Co.,micro,13355 Yonge St,Richmond Hill,Ontario,L4E 3L8,Canada,,,,http://www.archbrewing.ca,Ontario,13355 Yonge St
76da304a-4094-4cae-929c-bae2ae18d24d,Arch Rock Brewing Co,micro,28779 Hunter Creek Loop,Gold Beach,Oregon,97444-9626,United States,-124.4155402,42.3898306,5412470555,http://www.archrockbrewingcompany.com,Oregon,28779 Hunter Creek Loop
cf5055f4-59f8-4adf-b16c-b9233281bedf,Archaic Craft Brewery At Centro,brewpub,140 E Main St,Tustin,California,92780-4408,United States,-117.823173,33.7419754,7142588817,,California,140 E Main St
ce1af2d9-e7d4-4d13-99f6-212067335f9e,Arches Brewing,micro,3361 Dogwood Dr,Hapeville,Georgia,30354-1439,United States,,,6786532739,,Georgia,3361 Dogwood Dr
d86d40e0-1a3f-4c34-9b07-002191bc0952,Archetype Brewing,micro,265 Haywood Rd,Asheville,North Carolina,28806-4545,United States,,,8285054177,http://www.archetypebrewing.com,North Carolina,265 Haywood Rd
fc552937-9245-4091-94b2-645ed0599756,Arclight Brewing Company,micro,544 N Main St,Watervliet,Michigan,49098-9797,United States,-86.25939238,42.19104832,2693320718,http://www.arclightbrewing.com,Michigan,544 N Main St
27cfc500-a1ad-4a6a-9224-6f4e2a7a75b9,Arcobräu,brewpub,1 Schloßallee,Moos,Bayern,94554,Germany,12.9610071,48.7454643,+49 9938 918180,http://www.arcobraeu.de,Bayern,1 Schloßallee
596ac64f-9586-4b9c-8ca4-9e637be672ef,Arcpoint Brewing Co,micro,,Belchertown,Massachusetts,01007-9305,United States,,,5187964977,http://www.arcpointbrewco.com,Massachusetts,
14e4b777-090d-46f9-8cfa-795c1201a191,Ardent Craft Ales,micro,3200 W Leigh St,Richmond,Virginia,23230-4410,United States,-77.47201237,37.5684425,8043591605,http://www.ardentcraftales.com,Virginia,3200 W Leigh St
0b0b64c0-f10c-4252-8243-e5b9255e0b95,"Ardent Spirits, Inc",planning,,Collinsville,Illinois,62234,United States,,,13143235530,http://Ardentspirits.com,Illinois,
1914fbf9-74d3-4115-909e-fddcb112e227,Argilla Brewing Co @ Pietro's Pizza,brewpub,2667 Kirkwood Hwy,Newark,Delaware,19711-7242,United States,,,3027318200,http://www.argillabrewing.com,Delaware,2667 Kirkwood Hwy
7a5dc3de-6ec7-4407-94fa-3ea9a5b627aa,Argus Brewery,micro,11314 S Front Ave,Chicago,Illinois,60628-5007,United States,-87.61206845,41.68854885,7739414050,http://www.argusbrewery.com,Illinois,11314 S Front Ave
9408064a-bc10-4e15-84d0-3ff698036d4f,Argyle Brewing Company,micro,1 Main St,Greenwich,New York,12834-1209,United States,-73.496758,43.08767125,5183387405,http://www.argylebrewing.com,New York,1 Main St
264be80a-dc5e-40cf-93f9-cd4914656440,Arizona Craft Brewing,micro,"473 Elgin Road, Suite BH",Elgin,Arizona,85611,United States,,,520369342,,Arizona,"473 Elgin Road, Suite BH"
701f00a8-fa71-4b74-9fb9-cf82c24c5b38,Arizona Wilderness Brewing,brewpub,721 N Arizona Ave,Gilbert,Arizona,85233-3405,United States,,,4804972739,http://Azwbeer.com,Arizona,721 N Arizona Ave
5acdc1a1-5631-4c03-960c-bd076237f124,Arkane Aleworks,micro,2480 E Bay Dr #23,Largo,Florida,33771-2467,United States,,,7272707117,http://www.arkanebeer.com,Florida,2480 E Bay Dr #23
5f887385-2c6a-4de6-8dec-68fb5c58029d,Arkose Brewery,micro,650 E Steel Loop,Palmer,Alaska,99645-6689,United States,-149.103408,61.582157,9077462337,http://www.arkosebrewery.com,Alaska,650 E Steel Loop
e10fa788-d3d7-4917-bf66-4caf54d5e6bf,Arlington Brewery & Cidery,brewpub,1060 Spioenkop Street,Arlington,Gauteng,1933,South Africa,28.0267,-26.7909,+27 72 191 2470,https://arlington.co.za/,Gauteng,1060 Spioenkop Street
4cc17a95-7020-43f2-bc23-b9d9ddd29a10,Arlington Club,micro,811 SW Salmon St,Portland,Oregon,97205-3094,United States,-122.6818596,45.51786855,5032234141,http://www.thearlingtonclub.com,Oregon,811 SW Salmon St
6caf8832-1b1d-468a-a01e-87c9f82dcad7,Armada Brewing,micro,190 River St,New Haven,Connecticut,06513,United States,-72.9029373,41.3028906,,https://www.armadabrewing.com/,Connecticut,190 River St
7e286282-9365-48c2-8bd2-1193bac62449,Armadillo Ale Works,micro,221 S Bell Ave,Denton,Texas,76201-4259,United States,-97.12830051,33.21286666,9405804446,http://www.armadilloaleworks.com,Texas,221 S Bell Ave
d0dc210e-6f0e-4194-8791-dd2fe153843b,Armistice Brewing Company,micro,845 Marina Bay Pkwy Suite 1,Richmond,California,94804-6420,United States,-122.348274,37.91966864,5102304966,http://www.armisticebrewing.com,California,845 Marina Bay Pkwy Suite 1
244d5454-88ea-41c3-b3b7-c4374e8b795c,"Armour Brewing Company, LLC",brewpub,721 Main St,Armour,South Dakota,57313-2122,United States,-98.34450702,43.33084265,4028901550,http://www.facebook.com/ArmourBrewingCompany,South Dakota,721 Main St
a19630e3-638c-4ab8-a305-36c4f1cb84f7,Armstrong Brewing Co,micro,415 Grand Ave Ste 103,South San Francisco,California,94080-3614,United States,-119.1925726,50.44703096,6509898447,http://www.armstrongbrewing.com,California,415 Grand Ave Ste 103
93c6a990-ce00-4839-87a5-abc311813ce6,Arnsberger Mühlenbräu,brewpub,20 Mühlenstraße,Arnsberg,Nordrhein-Westfalen,59821,Germany,8.0605326,51.3983754,+49 2931 5327716,http://www.arnsberger-muehlenbraeu.de,Nordrhein-Westfalen,20 Mühlenstraße
2f4fd4b1-0018-461a-a75e-cdc71ad9ad19,Arnsteiner,brewpub,9 Schweinfurter Straße,Arnstein,Bayern,97450,Germany,9.9736913,49.9771374,+49 9363 90910,http://www.arnsteiner-brauerei.de,Bayern,9 Schweinfurter Straße
d95ce7ad-97be-4a46-a9a0-85260f2bef4f,Around the Bend Beer Co.,contract,811 N Oak Park Ave,Oak Park,Illinois,60302-1538,United States,-87.79493034,41.90015593,3129522339,http://www.atbbeerco.com,Illinois,811 N Oak Park Ave
bd2bb8ad-bd4f-4b9e-9ef0-aa6c506edcbf,Arrow,closed,48 Buckingham Street,Arrowtown,Otago Region,9351,New Zealand,168.8326281,-44.9387375,+64 3 409 8849,http://www.arrowbrewing.co.nz/,Otago Region,48 Buckingham Street
03411879-9d3e-4e2b-82a5-d5d01935074f,Arrow Lodge Brewing,micro,720 E Arrow Hwy Ste C,Covina,California,91722-2103,United States,-117.8767215,34.105251,6264832667,https://www.arrowlodgebrew.com/,California,720 E Arrow Hwy Ste C
118dd02b-488c-48a7-bfd0-7b49ee168f96,Arrowhead Ales Brewing Company,brewpub,2101 Calistoga Dr,New Lenox,Illinois,60451-4826,United States,-87.95726941,41.48205844,8157176068,http://www.arrowheadales.com,Illinois,2101 Calistoga Dr
647378c3-df63-4da2-a88d-808943dcd4f9,Arrowood Farms,micro,236 Lower Whitfield Rd,Accord,New York,12404-5809,United States,-74.24891742,41.80666144,8452530389,http://www.arrowoodfarms.com,New York,236 Lower Whitfield Rd
05549159-6724-478d-a976-4925533a40f2,Art History Brewing,micro,649 W State St,Geneva,Illinois,60134,United States,-88.312704761043,41.889484227325,6303456274,https://arthistorybrewing.com,Illinois,649 W State St
174e828f-10aa-43b9-ba31-3c3f45001288,Artifex Brewing Company,micro,919 Calle Amanecer Ste A,San Clemente,California,92673-6298,United States,-117.6058963,33.44918353,9494297805,http://www.artifexbrewing.com,California,919 Calle Amanecer Ste A
1d34d7cf-c2ce-4e07-aec2-930d3299c584,Artisan Owl Brewing Company,planning,,Ocean City,New Jersey,08226-4237,United States,,,2157402057,,New Jersey,
e0783ffa-721d-45e2-9715-cbc1023a7d27,Artisan's Brewery & Italian Grill,brewpub,1171 Hooper Ave,Toms River,New Jersey,08753-8305,United States,-74.1880387,39.9625642,7322447566,http://www.artisanstomsriver.com,New Jersey,1171 Hooper Ave
8fb6c630-7647-4a16-a55a-fde63c129636,Artisanal Brew Works,micro,41 Geyser Rd,Saratoga Springs,New York,12866-9038,United States,,,5185942337,http://www.artisanalbrewworks.com,New York,41 Geyser Rd
1dbe2c5d-41f9-4859-9f94-79fc24e9fa51,Artland Bräu,closed,4 Haller Straße,Nortrup,Niedersachsen,49638,Germany,7.88856,52.60442,+49 5436 969617,http://www.artland-brauerei.de,Niedersachsen,4 Haller Straße
70540ae8-472c-462b-9d2f-fa0fa341d7ed,Artois (Inbev),large,20 Aarschotsesteenweg,Leuven,Vlaanderen,3000,Belgium,4.700844,50.885292,,https://www.breweryvisits.com/en/stella-artois,Vlaanderen,20 Aarschotsesteenweg
ed7c9e44-df88-4e3e-8ed2-54af6f4539e5,Arts District Brewing Company,brewpub,828 Traction Ave,Los Angeles,California,90013-1816,United States,-118.2357029,34.04505443,,,California,828 Traction Ave
6f83ab76-9ebd-4b2c-a290-effaa2dca8b9,Arundel Brewery Ltd,brewpub,Lyminster Road,Arundel,West Sussex,BN17 7QL,England,-0.534301,50.839971,1903733111,https://www.arundelbrewery.co.uk/,West Sussex,Lyminster Road
39b6533a-40a4-4ba1-a41e-dd8f381b7ed7,Arundel Cellars & Brewing Co,brewpub,11727 E Main Rd,North East,Pennsylvania,16428-3635,United States,-79.8216539,42.2195527,8147251079,http://www.arundelcellars.com,Pennsylvania,11727 E Main Rd
ed6c7254-d6f6-40a1-a330-135a1e3a09ad,Arvon Brewing Co.,micro,3057 Broadway Ave SW,Grandville,Michigan,49418-1528,United States,-85.7720434,42.909272,6162240086,http://www.arvonbrewingco.com,Michigan,3057 Broadway Ave SW
41f5672a-79ff-4559-9231-db2ecdcb2385,Asbury Park Brewery,micro,810 Sewall Ave,Asbury Park,New Jersey,07712-6527,United States,-74.01229282,40.21956661,7324555571,http://www.asburyparkbrewery.com,New Jersey,810 Sewall Ave
ce507918-f969-4d44-a218-daca121c4bd0,Ascension Brewing Company,brewpub,42000 Grand River Ave,Novi,Michigan,48375-1831,United States,-83.4609783,42.4783271,2483082093,http://www.ascension.beer,Michigan,42000 Grand River Ave
911ba23d-87ac-4446-bd08-3bc36e9c18e1,Asgaard,brewpub,27 Königstraße,Schleswig,Schleswig-Holstein,24837,Germany,9.5618837,54.5144146,+49 4621 488213,http://www.asgaard.de,Schleswig-Holstein,27 Königstraße
e337af00-da5a-4bcf-ab5d-d9d9252b8ae8,Asgard Brewing Company,micro,104 E 5th St,Columbia,Tennessee,38401-3351,United States,-87.03329688,35.6174542,6158282218,http://www.asgardbrewery.com,Tennessee,104 E 5th St
64749ace-0bca-4548-83e4-c6465547c60f,Ashby Brewing Company,micro,109 Main St,Ashby,Minnesota,56309-4687,United States,-95.81621756,46.09300639,8886350291,http://www.abcbrewing.net,Minnesota,109 Main St
051edb66-62ad-455e-a04a-d6a0e5fa4178,Asher Brewing Co,micro,4699 Nautilus Ct S Ste 104,Boulder,Colorado,80301-5306,United States,,,3035301381,http://asherbrewing.com,Colorado,4699 Nautilus Ct S Ste 104
b5671147-4dec-4e19-b256-79a2f03b94e9,Asheville Brewing Co,brewpub,77 Coxe Ave,Asheville,North Carolina,28801-3621,United States,-82.55530545,35.5917763,8282554077,http://www.ashevillepizza.com,North Carolina,77 Coxe Ave
3638576a-b41f-4ffc-a039-9d2b27df4a47,Ashtown Brewing Co,micro,1145 11th Ave,Longview,Washington,98632,United States,-122.9330459,46.13507657,3602187519,http://www.ashtownbrewing.com,Washington,1145 11th Ave
799a4fc7-16fb-40e7-9fd5-4664da3976f3,Ashuelot Brewing Company,closed,101 Old County Rd,Richmond,New Hampshire,03470-4918,United States,-72.23236816,42.75946232,,,New Hampshire,101 Old County Rd
e5c53698-deb0-4bb9-ab37-56db1bc09efb,Asia Pacific Breweries Pte Ltd,large,459 Jalan Ahmad Ibrahim,Singapore,Singapore,639934,Singapore,103.64778327672,1.3365111315439,+65 6861 6200,https://www.apbsingapore.com.sg/,Singapore,459 Jalan Ahmad Ibrahim
be30d928-4a14-45eb-a944-89b01b544080,Aslan Brewing Company,micro,1330 N Forest St,Bellingham,Washington,98225-4702,United States,-122.4754509,48.74801531,3603934106,http://aslanbrewing.com,Washington,1330 N Forest St
9c9090eb-a361-47e7-b2e5-06fefe21eef7,Aslan Brewing Seattle,micro,401 N 36th St Ste 102,Seattle,Washington,98103-8630,United States,-122.354134,47.652201,3603934106,https://aslanbrewing.com/seattle,Washington,401 N 36th St Ste 102
59bdcaa8-a690-429d-8f85-539eb4e57120,Aslin Beer Company,micro,257 Sunset Park Dr.,Herndon,Virginia,20170,United States,,,7037875766,http://www.aslinbeer.com,Virginia,257 Sunset Park Dr.
793a6866-a01a-4af2-b14c-09e692b9668e,Aslin Beer Company,micro,1740 14th St NW,Washington,District of Columbia,20009-4309,United States,-77.032262686209,38.914111389586,2026292220,https://www.aslinbeer.com/dc,District of Columbia,1740 14th St NW
5b2501b2-d069-4e5f-8c6b-ef9f6ee408cd,Aspen Brewing Company,micro,404 Aspen Airport Business Ctr,Aspen,Colorado,81611-3530,United States,-106.8597747,39.22153402,9709202739,http://www.aspenbrewingcompany.com,Colorado,404 Aspen Airport Business Ctr
60195a53-786c-4540-ae1d-a3bbca7a41fd,Aspetuck Brew Lab,closed,3389 Fairfield Avenue,Bridgeport,Connecticut,06605,United States,-73.2357109,41.1544649,2032539423,http://www.aspetuckbrewlab.com,Connecticut,3389 Fairfield Avenue
eafb7a5f-83c9-427b-b894-8ea1d0751c31,Ass Clown Brewing Co,micro,10620 Bailey Rd Ste E,Cornelius,North Carolina,28031-9364,United States,,,9805050399,http://www.assclownbrewery.com,North Carolina,10620 Bailey Rd Ste E
4cabbfbc-d07c-40b0-b5f5-fa456c22b7a2,Assembly brewing,planning,,Portland,Oregon,97206-3739,United States,-122.6003912,45.491048,5037299080,http://www.assemblybrewingco.com,Oregon,
215dc8f1-754b-4dac-a448-255375c5a8d9,Aston Abbey Brewing Co,micro,340 Turner Industrial Way,Aston,Pennsylvania,19014-3014,United States,,,6102452178,http://www.astonabbeybrewing.com,Pennsylvania,340 Turner Industrial Way
686e0f81-196a-4e76-9b73-2e3957c7b871,Astoria Brewing Company,micro,1196 Marine Dr,Astoria,Oregon,97103-4112,United States,-123.831516,46.18980259,5037413040,,Oregon,1196 Marine Dr
d916497e-0b1b-48aa-8add-10a62c0b3e90,Astral Brewing,micro,4816 N Shepherd Dr suite a,Houston,Texas,77018,United States,,,7135341067,https://www.astralbrewing.com,Texas,4816 N Shepherd Dr suite a
d94c95b9-509c-4d53-86a6-769555e1773e,Astro Lab Brewing,closed,8216 Georgia Ave,Silver Spring,Maryland,20910,United States,-77.029129,38.9465532,3012739684,http://www.astrolabbrewing.com,Maryland,8216 Georgia Ave
e49978bd-c6d2-46c6-a3a4-50964ab4f783,Astronomy Aleworks,planning,,Henderson,Nevada,89011,United States,,,7023754968,http://astronomyaleworks.com,Nevada,
7b552890-643d-4615-a73b-791cff62299b,Asylum Brewing,micro,2970 E. La Palma Ave. Suite D,Anaheim,California,92806,United States,-117.8612062,33.84988007,9494495191,http://Www.asylumbrewing.beer,California,2970 E. La Palma Ave. Suite D
f786b344-af07-4b30-a236-93a93314f9d5,At Ease Brewing,planning,,Sacramento,California,95811-3003,United States,-121.4943996,38.5815719,9167362267,http://www.ateasebrewing.com,California,
05f7ec4a-c1ed-4494-a2b0-5ef1ce6a8022,At Large Brewing,micro,2730 W Marine View Dr,Everett,Washington,98201-3421,United States,-122.2146867,47.9808918,4253240039,http://www.atlargebrewing.com,Washington,2730 W Marine View Dr
ba385e5a-6c50-431a-a820-21d783b9e0b1,Atco Brewing LLC,micro,302 White Horse Pike,Atco,New Jersey,08004-2209,United States,-74.89973165,39.77167345,6097072628,http://Www.atcobrewingcompany.com,New Jersey,302 White Horse Pike
be88a2bb-0975-416c-b9f4-c571ddf70e5c,Athens Brewing Co,brewpub,101 E Tyler St,Athens,Texas,75751-2547,United States,-95.852642,32.205458,9039527493,http://www.athensbrewingco.com,Texas,101 E Tyler St
01dfa6a1-0ad4-4ac5-a184-1d6c69294460,Athletic Brewing Company,large,75 Cascade Blvd,Milford,Connecticut,06460,United States,-73.0044764,41.2457244,,http://www.AthleticBrewing.com,Connecticut,75 Cascade Blvd
4e0403f6-c040-4d4c-b9fe-1f5a115b0172,Atlantic Beach Brewing Company,micro,725 Atlantic Blvd Suite 3,Atlantic Beach,Florida,32233-3946,United States,,,9048948426,http://www.atlanticbeachbrewingcompany.com,Florida,725 Atlantic Blvd Suite 3
5f353918-3d93-49ba-93d1-098a0ecf318f,Atlantic Brewing Co,micro,15 Knox Rd,Bar Harbor,Maine,04609-7770,United States,,,2072882337,http://atlanticbrewing.com,Maine,15 Knox Rd
36a6f65e-aa9d-45d5-9ce8-cbbc82ca9ab1,Atlantic Brewing Co / Bar Harbor Brewing,brewpub,52 Cottage Street Bar Harbor,Bar Harbor,Maine,04609,United States,-68.20607075,44.389488,2072884592,http://www.barharborbrewing.com,Maine,52 Cottage Street Bar Harbor
41b3fd0e-0083-4f6a-96d8-dff2554e4731,Atlas Brew Works - Ivy City,brewpub,600 Howard Rd SE #100,Washington,District of Columbia,20002-5841,United States,-77.0007019169,38.865736315853,2028320420,https://atlasbrewworks.com/pages/ivy-city,District of Columbia,600 Howard Rd SE #100
ddca4439-e425-4bf9-9944-3033551d7e76,Atlas Brew Works - Navy Yard,taproom,1201 Half St SE Ste 120,Washington,District of Columbia,20003-4563,United States,-77.007736915344,38.875527731946,2025252001,https://atlasbrewworks.com/pages/navy-yard,District of Columbia,1201 Half St SE Ste 120
f6bbf21c-6112-4453-ad28-22e78ea4e9a8,Atmos Brewing,micro,Erkkilänkatu 11 B,Tampere,Pirkanmaa,33100,Finland,23.7745,61.5034,+358 45 78706709,https://atmosbrewing.fi,Pirkanmaa,Erkkilänkatu 11 B
325d44c0-53fb-4991-a694-659ac9f89fa9,Atom Brewing Company,micro,654 Moffat St,Erie,Colorado,80516,United States,-105.0542327,40.0488359,8634120917,http://www.atombrewingcompany.com,Colorado,654 Moffat St
aaba0413-9bee-49ac-9bef-8159dcd353d0,Atomic Ale Brewpub and Eatery,brewpub,1015 Lee Blvd,Richland,Washington,99352-4226,United States,-119.2782003,46.27475515,5099465465,http://www.atomicalebrewpub.com,Washington,1015 Lee Blvd
be18dd78-b1af-453c-8b8d-176c7af57e14,Atomic Clock Brewing Company,micro,501 Washington St,Durham,North Carolina,27701,United States,-78.9041106,36.0024998,9192371253,https://www.instagram.com/atomicclockbrewing/,North Carolina,501 Washington St
26567ffb-52fb-40b2-a31f-08f4ea3699b9,Atrevida Beer Company,micro,204 Mount View Ln Unit 3,Colorado Springs,Colorado,80908,United States,,,7192664200,http://www.atrevidabeerco.com,Colorado,204 Mount View Ln Unit 3
ec35a65f-f970-49ee-9039-18469bf26713,Atrium,closed,9 Rue des Brasseurs,Marche-en-Famenne,Région wallonne,6900,Belgium,5.3454153,50.2273758,,http://www.brasserieatrium.be/,Région wallonne,9 Rue des Brasseurs
724a6296-cdac-4d35-92fd-cc44960010ff,Attaboy Beer,micro,400 Sagner Ave Ste 400,Frederick,Maryland,21701-6083,United States,-77.4024446,39.4121161,3013388229,http://www.attaboybeer.com/,Maryland,400 Sagner Ave Ste 400
87d71c35-9537-4ef1-b232-668bea736ffa,Attic Brewing,planning,,Philadelphia,Pennsylvania,19144-3603,United States,,,7082047376,,Pennsylvania,
70fc7667-dda2-4cf0-ae7e-cbb43b5c43c4,Atwater Brewing Co,regional,237 Joseph Campau St,Detroit,Michigan,48207-4107,United States,-83.072904,42.4190883,3138779205,http://www.atwaterbeer.com,Michigan,237 Joseph Campau St
14693124-55bc-43e9-817e-b99a85f662ac,Atwater Grand Rapids,brewpub,201 Michigan St NW,Grand Rapids,Michigan,49503-2323,United States,-85.672454,42.970463,6166493020,,Michigan,201 Michigan St NW
89d36a6d-1226-4c61-b4c6-22676a55a364,Atwater In the Park Biergarten and Tap House,brewpub,1175 Lakepointe St,Grosse Pointe Park,Michigan,48230-1319,United States,-82.9399103,42.3814617,3133445104,http://www.atwaterbeer.com,Michigan,1175 Lakepointe St
aa0195bf-8258-4262-89c4-af8a89793822,Atwood Ales,closed,4012 Sweet Rd,Blaine,Washington,98230-9108,United States,-122.6990459,48.97900614,3603996239,http://www.atwoodales.com,Washington,4012 Sweet Rd
65706566-c0f6-4995-ae18-0b07feea8396,Atypical Brewery & Barrelworks,micro,510 Central Ave E,Minot,North Dakota,58701-4056,United States,-101.2854035,48.23634956,7018330567,https://www.facebook.com/AtypicalBrew,North Dakota,510 Central Ave E
6eb4493a-be6c-4048-ad79-fe5bfb264f0e,Au Vieux Spijtigen Duivel,micro,621 Chaussée d'Alsemberg,Uccle,Brussels Capital Region,1180,Belgium,4.3367322,50.8079545,+32 2 344 34 55,https://www.spijtigenduivel.com/,Brussels Capital Region,621 Chaussée d'Alsemberg
b556e8ca-eb4b-46c4-a1bc-b5bb2e33b605,Auburn Alehouse,brewpub,289 Washington St,Auburn,California,95603-5036,United States,-121.0789583,38.89612107,5308852537,http://www.auburnalehouse.com,California,289 Washington St
b96d27cf-42b8-4791-8fb8-87840016e497,Auburn Brewing Company,planning,,Auburn,Indiana,46706,United States,,,2609081074,,Indiana,
2728266c-bb3e-4e98-81b8-52489bc019ae,Audacious Aleworks,micro,110 E Fairfax St,Falls Church,Virginia,22046,United States,-77.17234359,38.88076482,,,Virginia,110 E Fairfax St
bd7e4765-9179-47b5-8888-219d1af19fe1,Audacity Brewing,closed,1208 10th St Ste C,Snohomish,Washington,98290,United States,-122.0966776,47.925023,3602948742,http://www.audacitybrewing.com,Washington,1208 10th St Ste C
2092fc73-491d-4f20-ba70-3e3bc2cb83a9,Auerbräu,brewpub,80 Münchener Straße,Rosenheim,Bayern,83022,Germany,12.1152728,47.8525325,+49 8031 18050,http://www.auerbraeu.de,Bayern,80 Münchener Straße
e8f104ff-0e7e-429d-b3da-ae6655830e8c,August Schell Brewing Co,regional,Schells Park/1860 Schell Rd,New Ulm,Minnesota,56073,United States,,,5073545528,http://www.schellsbrewery.com,Minnesota,Schells Park/1860 Schell Rd
895ef2f2-7ce5-44c7-af97-ee9c7cce774b,Augusta Brewing Co,brewpub,109 W Main St,Washington,Missouri,63090-2191,United States,-91.01173472,38.56026935,6362395010,http://www.augustabrewing.com,Missouri,109 W Main St
ab02b540-6a18-4020-8363-d5102897f4e0,Augustiner,brewpub,52 Arnulfstraße,München,Bayern,80335,Germany,11.5519791,48.1433523,+49 89 594393,http://www.augustinerbraeu.de,Bayern,52 Arnulfstraße
9209ed61-b9dd-4b06-bf2c-8cacbef097f8,Augustino Brewing,brewpub,756 N Tyler Rd,Wichita,Kansas,67212-3617,United States,-97.44431468,37.69517328,3167215554,http://www.augustinobrew.com,Kansas,756 N Tyler Rd
3160f48a-19ee-4517-b3e5-0829c6e6b48c,Auricher Probier,micro,11 Kreihüttenmoorweg,Aurich,Niedersachsen,26607,Germany,7.4895666,53.5035889,+49 4941 97040,http://www.auricher-probier.de,Niedersachsen,11 Kreihüttenmoorweg
506f8ec3-7cac-42c1-b7fd-9fe1a5865b2c,Aurochs Brewing Company,micro,8321 Ohio River Blvd,Pittsburgh,Pennsylvania,15202-1451,United States,-80.0221567,40.4488158,7242608737,,Pennsylvania,8321 Ohio River Blvd
74f46cc4-156c-4986-b653-b5240678ff54,Aurora Ale & Lager,micro,1891 State Route 90 N,King Ferry,New York,13081-9719,United States,,,,http://www.brewaurora.com,New York,1891 State Route 90 N
16ead71f-bbd5-4b34-b434-a3bc7849349f,Ausable Brewing Co,micro,765 Mace Chasm Rd,Keeseville,New York,12944-2425,United States,,,3152443295,http://ausablebrewing.tumblr.com,New York,765 Mace Chasm Rd
9a280fbb-adee-484a-876b-50e71235a711,Austin Beerworks,regional,3001 Industrial Ter,Austin,Texas,78758-7609,United States,-97.72984444,30.3795705,5128212494,http://www.austinbeerworks.com,Texas,3001 Industrial Ter
26079ee9-0313-425a-84b6-25d0eda4f596,Austin Brothers' Beer Company,brewpub,821 W Miller St,Alpena,Michigan,49707-1825,United States,-83.43583578,45.07296998,9893402300,http://www.austinbrosbeerco.com,Michigan,821 W Miller St
840d509e-f231-4722-ab4c-bf2ef7996196,Austin Street Brewery,micro,1 Industrial Way Ste 8,Portland,Maine,04103-1072,United States,,,2072001994,http://www.austinstreetbrewery.com,Maine,1 Industrial Way Ste 8
fe0ec060-d68b-480d-9a1b-4a3bf7728839,Australian Beer Company,micro,1471 Wakley Road,Yenda,NSW,2681,Australia,146.2187469,-34.2467608,,https://www.australianbeerco.com.au/,NSW,1471 Wakley Road
322a5eb4-e725-4c03-b532-a64153037076,Automatic Brewing Co. / Blind Lady Alehouse,brewpub,3416 Adams Ave,San Diego,California,92116-2428,United States,-117.120151,32.763588,6192007522,http://www.blindlady.blogspot.com,California,3416 Adams Ave
fb81c7bf-88a8-4508-a3cf-e75c7edc510a,Auxburg City Brewery,closed,43 Ulmer Straße,Augsburg,Bayern,86154,Germany,10.8744319,48.3811986,+49 821 4508486,http://www.auxburg-city-brewery.de,Bayern,43 Ulmer Straße
102c478e-ab27-4c8c-82c3-8eaee82959fa,Avalanche Brewing Co,brewpub,1067 Blair St,Silverton,Colorado,81433-0377,United States,-107.664791,37.8098899,9703875282,http://www.avalanchebrewing.com,Colorado,1067 Blair St
d07100f1-ab4b-413e-bc07-045ee4d61fe6,Avant Garde Aleworks,micro,920 Dunraven St,Estes Park,Colorado,80517,United States,-105.5085669,40.3728533,9705912700,https://avantgardealeworks.com,Colorado,920 Dunraven St
3bde4342-bfc1-49cb-9b40-7fb1aef26886,Avery Brewing Co,regional,4910 Nautilus Ct N,Boulder,Colorado,80301-3242,United States,-105.2047652,40.0625835,,,Colorado,4910 Nautilus Ct N
7006a17a-74da-497a-ba35-2338c7efbb25,Aviator Brewing Company,regional,209 Technology Park Ln,Fuquay Varina,North Carolina,27526-9311,United States,-78.8073896,35.61695983,9195672337,http://www.aviatorbrew.com,North Carolina,209 Technology Park Ln
adf6d133-d860-4167-a23a-7db89b1777ff,Aviators Craft Brewing Company,micro,44 Zand Street,Hartbeespoort,North West,0216,South Africa,27.8189,-25.7511,+27 62 801 1998,https://www.aviatorsbrewing.co.za/,North West,44 Zand Street
d27ecf76-ef81-490d-b85a-cf55b7cecbab,Avling Kitchen & Brewery,brewpub,1042 Queen Street East,Toronto,Ontario,M4M1K4,Canada,-79.3382654,43.6617372,(416) 469-1010,https://www.avling.ca/,Ontario,1042 Queen Street East
bb02e7c9-bf6e-47dd-a0dc-a0e8eb1b9ad3,Avondale Brewing Co,micro,201 41st St S,Birmingham,Alabama,35222-1932,United States,-86.774322,33.524521,2057775456,http://www.avondalebrewing.com,Alabama,201 41st St S
46813d2e-b120-4f43-8957-5e8dfadc603f,Axe And Arrow Brewery,planning,,Glassboro,New Jersey,08028,United States,,,,,New Jersey,
8513673c-4927-4510-a8b3-60485a03d77a,Axes Castellum Kloosterbier,micro,Grote Voort 10,Zwolle,Overijssel,8041 AM,Netherlands,6.0716513,52.5125093,+31 06 29990260,http://www.axes-castellum.nl/,Overijssel,Grote Voort 10
f42d1652-6001-490f-ad55-ed573c47c38d,Axle Brewing Company,micro,567 Livernois St,Ferndale,Michigan,48220-2303,United States,-83.1428144,42.4508021,2486137002,http://www.axlebrewing.com,Michigan,567 Livernois St
46a6a14a-e7c7-4df8-b28a-76a988c4152c,Ayinger,brewpub,21 Münchener Straße,Aying,Bayern,85653,Germany,11.7744366,47.9720722,+49 8095 880,http://www.ayinger-bier.de,Bayern,21 Münchener Straße
796874cf-6c73-4946-9459-e4cc044c8f39,Aztec Brewing Company,micro,2330 La Mirada Dr Ste 300,Vista,California,92081-7871,United States,-117.2297606,33.14984395,7605987720,http://www.aztecbrewery.com,California,2330 La Mirada Dr Ste 300
483efb3e-05aa-43b5-a283-40414b6b47dc,B and J's Handcrafted Texas Ales,micro,6335 S Padre Island Dr,Corpus Christi,Texas,78412-4013,United States,-97.2962784,27.6749936,3619926671,http://pizzaandbrew@aol.com,Texas,6335 S Padre Island Dr
e5cae8be-4cfa-40da-bf78-ffd3ad7cba35,B Chord Brewing Company,micro,34266 Williams Gap Rd,Round Hill,Virginia,20141-2100,United States,,,7036234542,http://www.bchordbrewing.com,Virginia,34266 Williams Gap Rd
d3e440d3-f391-48b3-9f17-4b5c0fab0056,B Studio,micro,6 Lever Street,Napier,Hawke's Bay Region,4110,New Zealand,176.8953817,-39.4836689,+64 21 672 977,http://www.bstudio.co.nz/,Hawke's Bay Region,6 Lever Street
8f4aa88c-e9cb-4932-9245-a2230ec59b63,B-52 Brewing,micro,12470 Milroy Ln,Conroe,Texas,77304-5160,United States,,,9364474677,http://www.b52brewing.com,Texas,12470 Milroy Ln
80263b86-dfa6-46dd-86cd-3440a13d5015,B-CS Zoigl Brewery,micro,211-C W William Joel Bryan Pkwy,Bryan,Texas,77803-3225,United States,,,2819353018,http://www.bcs-zoigl.com,Texas,211-C W William Joel Bryan Pkwy
631ccfa7-52dd-469d-a702-e1817310a1d8,B-Sharp Brewing,nano,,Windsor,Connecticut,06095,United States,,,,https://www.bsharpbrewing.com,Connecticut,
6918f40b-ab41-4fd8-bea0-ae8a5ce5664a,B.C. Brewery,micro,10950 Gilroy Rd Ste F,Hunt Valley,Maryland,21031-1327,United States,-76.6623019,39.4827911,4433913847,http://www.bcbrewerymd.com,Maryland,10950 Gilroy Rd Ste F
ed66e6a2-01a7-47f8-9df6-86feac63aaee,B.Effect,contract,60 Anderson Road,Wānaka,Otago Region,9305,New Zealand,169.1443469,-44.6887225,+64 27 247 1953,http://www.beffect.nz/,Otago Region,60 Anderson Road
22d43b9c-e8ba-412b-bb36-da1fc749fe80,B.O.B's Brewery,brewpub,20 Monroe Ave NW,Grand Rapids,Michigan,49503-6208,United States,-85.67248446,42.9638257,6163562000,http://thebobsbrewery.thebob.com,Michigan,20 Monroe Ave NW
03df12a0-f2ff-4c37-b862-e6df31123b74,B9 Beverages Inc,contract,404 5th Ave # 7.055,New York,New York,10018-2797,United States,,,,,New York,404 5th Ave # 7.055
c916c0c3-be83-4d5a-b2de-c58fc9faa206,Baa Baa Brewhouse,micro,539 FM 359 Rd S,Brookshire,Texas,77423-8013,United States,,,2819341847,http://www.baabaabrewhouse.com,Texas,539 FM 359 Rd S
ee991914-5f3e-4b2e-9241-b0fa4f306fc5,Babben,brewpub,2 Brauhausgasse,Lübbenau/Spreewald,Brandenburg,03222,Germany,13.9677778,51.8694444,+49 3542 2126,http://www.babben-bier.de,Brandenburg,2 Brauhausgasse
569b794f-4e15-446c-b249-9699e8687d40,Babe's Bar-B-Que and Brewhouse,brewpub,71800 Highway 111 Ste A176,Rancho Mirage,California,92270-4495,United States,-116.4110483,33.74096746,7603468738,https://www.babesbbqbrewery.com/,California,71800 Highway 111 Ste A176
418c8bd5-997f-47f5-8147-a8a243517634,Bacchus Brewing,micro,15 Ellis Dr,Dryden,New York,13053-9630,United States,-76.29904171,42.49966971,6078448474,http://www.bacchusbrewing.com,New York,15 Ellis Dr
d6f0a382-0e7e-4455-a81a-5bc1b9f2b22c,Bacchus Brewing Co,micro,2 Christine Place,Capalaba,QLD,4157,Australia,153.2047977,-27.5311667,+61 7 3823 2828,http://www.bacchusbrewing.com.au/,QLD,2 Christine Place
0c5fb0d3-bb8f-42f5-8983-fa77a3d4409f,Bach,contract,186 James Fletcher Drive,Auckland,Auckland,2024,New Zealand,174.8209641,-36.9487794,+64 9 270 1890,https://www.steambrewing.co.nz/,Auckland,186 James Fletcher Drive
805f26cb-59f1-4e8d-91ce-13f0c1a8ba6c,Bachmayer,brewpub,7 Loh,Dorfen,Bayern,84405,Germany,12.2172716,48.2656576,+49 8082 442,http://www.brauerei-bachmayer.de,Bayern,7 Loh
c3c59882-de79-4ffe-9239-a08b9b49b53b,Bachs Braumanufaktur,brewpub,69 b Wellesweilerstraße,Neunkirchen,Saarland,66538,Germany,7.191335,49.3518041,,http://www.bachs-braumanufaktur.de,Saarland,69 b Wellesweilerstraße
89028aa2-3ecf-446b-89c0-5ef641e1bd50,Back Alley Brewing Co,micro,211 S Main St,Goshen,Indiana,46526-3722,United States,-85.83457862,41.58461971,5743704049,,Indiana,211 S Main St
2c260790-18be-4c9d-88da-4334c5cf151e,Back Bay Brewing Company,micro,614 Norfolk Ave,Virginia Beach,Virginia,23451-4419,United States,-75.97974414,36.83778371,7575317750,http://www.backbaybrewingco.com,Virginia,614 Norfolk Ave
cb595c72-e65b-444e-83a6-9d07d731e2b6,Back Channel Brewing,micro,4787 Shoreline Dr,Spring Park,Minnesota,55384-9713,United States,-93.64430718,44.93673794,9528559315,https://www.backchannelbrewing.com,Minnesota,4787 Shoreline Dr
e6df4e9e-1833-49b0-90e5-69c565c5da83,Back Creek Brewing Company,closed,,Annapolis,Maryland,21401-4019,United States,,,4103206904,http://www.backcreekbrewing.com,Maryland,
fc54b886-6305-4dc2-8511-a8b9049297e6,Back East Brewery and Kitchen,micro,1296 Blue Hills Ave Ste A,Bloomfield,Connecticut,06002-5312,United States,-72.7073171,41.8550045,8602421793,https://www.backeastbrewing.com,Connecticut,1296 Blue Hills Ave Ste A
a6b00494-538a-4c1c-b670-a97d62ef5f60,Back Forty Beer Company - Birmingham,micro,3201 1st Ave N,Birmingham,Alabama,35222-1257,United States,-86.78845899815,33.522254920617,2054078025,https://www.backfortybeer.com/birmingham-back-forty-beer-company,Alabama,3201 1st Ave N
3564fec6-6f87-45cd-88a7-94063757ce94,Back Forty Beer Company - Gadsden,micro,200 N 6th St,Gadsden,Alabama,35901-3361,United States,-86.005006,34.016888,2564674912,https://www.backfortybeer.com/gadsden-al-back-forty-beer-company,Alabama,200 N 6th St
7ce4af1b-ca7d-409f-b199-2a26d9e04a9d,Back Forty Beer Company - Huntsville,brewpub,3254 Leeman Ferry Rd SW,Huntsville,Alabama,35801-5322,United States,-86.593511745898,34.689851351215,2564948658,https://www.backfortybeer.com/huntsville,Alabama,3254 Leeman Ferry Rd SW
6a5579c9-66ee-414f-9a01-fe627b6cf309,Back Hill Beer Company,brewpub,73 Pickering Rd,Rochester,New Hampshire,03839,United States,,,,,New Hampshire,73 Pickering Rd
d53226dc-b8b1-494c-85f5-1c97ba255947,Back Pedal Brewing Company,micro,1425 NW Flanders St,Portland,Oregon,97209-2620,United States,-122.6856562,45.52597595,9714005950,http://backpedalbrewing.com,Oregon,1425 NW Flanders St
38c59264-ac19-4b4a-bada-cab729f71d57,Back Pew Brewing,micro,26452 Sorters Rd,Porter,Texas,77365-4752,United States,,,2816087526,http://www.backpewbrewing.com,Texas,26452 Sorters Rd
df9da06e-0ead-498f-ae26-3c5f783292c9,Back Road Brewery,micro,308 Perry St,La Porte,Indiana,46350-3216,United States,-86.72649137,41.6118882,2193627623,http://www.backroadbrewery.com,Indiana,308 Perry St
dde5cb42-9ee5-44bf-ae05-b51d8e0986e1,Back Street Brewery & Tasting Room,micro,1884 S Santa Cruz St,Anaheim,California,92805-6726,United States,-117.8960894,33.79983678,6572364050,http://www.backstreetbrew.com,California,1884 S Santa Cruz St
e932c001-d68a-4dc8-8eef-b4311b9399ad,Back Unturned Brewing Co.,micro,516 Brooklyn Ave,San Antonio,Texas,78215,United States,-98.4867139,29.4330983,210-25-0022,http://www.backunturned.com/,Texas,516 Brooklyn Ave
ab5da324-e305-4b72-a672-b43f2563e3f7,Back- und Brauhaus Brinker,closed,3 Breiter Weg,Georgsmarienhütte,Niedersachsen,49124,Germany,8.04412,52.20282,+49 5401 2289,http://www.back-brauhaus.de,Niedersachsen,3 Breiter Weg
b83daf92-6347-44b0-91df-8fec02c2a22c,Backcountry Brewing,micro,3250 Mecca Dr,Plover,Wisconsin,54467,United States,-89.5413643,44.3304949,7155729400,https://www.backcountrybrewingco.com,Wisconsin,3250 Mecca Dr
092efaaf-02ab-4ac6-a9c3-6269af54ddeb,Backlash Beer Co,contract,,Boston,Massachusetts,02215,United States,,,,http://backlashbeer.com/,Massachusetts,
f0ca51bb-ad85-4dca-bd03-eefeb99f1184,Backman Brewing Company,planning,,Whitehouse Station,New Jersey,08889-3562,United States,,,,http://backmanbrewing.com,New Jersey,
d4c25fef-5c3e-423e-831b-599cc328424c,Backpocket Brewing Co,micro,903 Quarry Rd,Coralville,Iowa,52241-2208,United States,-91.55981337,41.68139484,3194493700,http://www.backpocketbrewing.com,Iowa,903 Quarry Rd
a2cdb369-d869-4f9a-9d80-7a5d2becd096,BackRoad Brewery,micro,90 School St,Carlisle,Iowa,50047,United States,-93.48531767,41.498501,5152102096,http://www.backroadbeer.com,Iowa,90 School St
933637d8-72b2-4812-8795-48c3da52f206,Backroom Brewery,brewpub,150 Ridgemont Rd,Middletown,Virginia,22645-3817,United States,,,5408698482,http://www.backroombreweryva.com,Virginia,150 Ridgemont Rd
b617c420-3a48-41f3-a529-68dccd1e253f,Backshore Brewing Co.,closed,913 Atlantic Ave,Ocean City,Maryland,21842-6689,United States,-75.0803756,38.3402519,4102890008,http://www.BackshoreBrew.com,Maryland,913 Atlantic Ave
9ae1ef58-7652-40a7-9abc-7900a57109a8,Backside Brewing Co,brewpub,1640 NE Odell Ave,Roseburg,Oregon,97470-3320,United States,-123.3377881,43.21449839,5415801906,http://www.backsidebrewingco.com,Oregon,1640 NE Odell Ave
b6685b52-d4f2-4b41-a3d9-f88c778b2346,Backslope Brewing,brewpub,1107 9th St W (Highway 2),Columbia Falls,Montana,59912,United States,,,4062242510,http://www.backslopebrewing.com,Montana,1107 9th St W (Highway 2)
270cf75d-5742-44bb-b795-6300d8429cc1,Backspace Brewing,micro,200 Walnut St,Yankton,South Dakota,57078-4343,United States,-97.393642,42.86878841,4026508158,http://www.backspacebeer.com,South Dakota,200 Walnut St
ecc118fd-aee9-4e81-bcda-8ab049b2f6f3,Backstep Brewing Company,micro,125 N Green St,Crawfordsville,Indiana,47933-1708,United States,-86.89998607,40.04207712,7652302337,http://www.backstepbrewingcompany.com,Indiana,125 N Green St
9618d4a8-2e33-4025-888d-ecbc0da2a8a5,BackStory Brewery,planning,,Sulphur Springs,Texas,75482-2772,United States,,,,,Texas,
08d2efda-af3e-4611-b8c6-d5c46af4c7a6,Backswing Brewing Co.,micro,500 W South St Ste 8,Lincoln,Nebraska,68522-1744,United States,-96.7274091,40.7922193,4024135576,http://www.backswingbrewing.com,Nebraska,500 W South St Ste 8
55582f56-7b20-499a-875a-8457e8715a1c,Backward Flag Brewing,micro,699 Challenger Way Ste D5,Forked River,New Jersey,08731-5917,United States,,,,http://www.backwardflagbrewing.com,New Jersey,699 Challenger Way Ste D5
707a470e-266d-4ca9-bb9f-031e8cf28de6,Backwoods Brewing Company - Production Only,micro,1162 B Wind River Hwy,Carson,Washington,98610,United States,-121.8203754,45.72872253,5094273412,http://www.backwoodsbrewingcompany.com,Washington,1162 B Wind River Hwy
f5d7bfda-bce0-46f5-8626-74e14371a85b,Backwoods in the Gorge,micro,1162 Wind River Hwy,Carson,Washington,98610,United States,-121.8203754,45.72872253,5094273412,http://www.backwoodsbrewingcompany.com,Washington,1162 Wind River Hwy
1d5ac885-33a0-4bed-971b-dfb24772eb0b,Backyard Barn Winery and Microbrewery,micro,1945 E County Road 462,Wildwood,Florida,34785-8594,United States,,,3524187887,http://www.backyardbardwinery.com,Florida,1945 E County Road 462
be52e354-8456-4703-88d0-f33cfa777e6b,Backyard Brewery,brewpub,1211 S Mammoth Rd,Manchester,New Hampshire,03109-5101,United States,-71.4134598,42.93534925,6036233545,http://www.backyardbrewerynh.com,New Hampshire,1211 S Mammoth Rd
498bf37e-252d-449e-af2c-3dbd35460466,Bad Apple Brewing Co.,micro,190 Manitoba St,Bracebridge,Ontario,P1L 2E3,Canada,,,,http://badapplebrewingco.ca,Ontario,190 Manitoba St
c7215e3b-5320-4ef4-a4ad-73ab42a39603,Bad Beat Brewing,micro,7380 Eastgate Rd Ste 110,Henderson,Nevada,89011-4012,United States,,,7024634199,http://www.badbeatbrewing.com,Nevada,7380 Eastgate Rd Ste 110
cec378ba-bb45-4988-a654-30e6d3f1a3fd,BAD Brewing Co,micro,440 S Jefferson St,Mason,Michigan,48854-1654,United States,-84.4433383,42.5786176,5176767664,http://www.badbrewing.com,Michigan,440 S Jefferson St
d493c084-8f5c-4e04-994b-ddc55fcd3959,Bad Bulldogs Brewery,closed,941 N Callow Ave,Bremerton,Washington,98312,United States,-122.6533736,47.56963921,3606278079,,Washington,941 N Callow Ave
38863255-70b3-4201-bfd0-b4b0dab818d2,Bad Dad Brewery,micro,407 W. Washington St. Ste. C,Fairmount,Indiana,46928,United States,,,7654990941,http://www.baddadbrewery.com,Indiana,407 W. Washington St. Ste. C
c1496ab2-788d-454c-b205-9e852e54f682,Bad Habit Brewing Company,micro,15 E Minnesota St Ste 108,Saint Joseph,Minnesota,56374-4691,United States,,,3204024442,http://www.badhabitbeer.com,Minnesota,15 E Minnesota St Ste 108
80ed402e-9340-4b10-a478-3d8ed0af93b5,Bad Idea Brewing,planning,,Spring Hill,Tennessee,37174-2895,United States,,,,http://www.badideabrewing.com,Tennessee,
bbda5eb0-95cd-4b87-88ac-7b0e2bd01c48,Bad Jimmy's Brewing Co,closed,4358B Leary Way NW,Seattle,Washington,98107-4554,United States,-122.3653569,47.66133224,2067891548,http://www.badjimmysbrewingco.com,Washington,4358B Leary Way NW
0efdefd9-f325-479d-a0e7-dc9bf50b35e4,Bad Joker Brewing Company,micro,830 Powerhouse Dr,Rock Springs,Wyoming,82901-5494,United States,-109.20665402714,41.59874122433,3075225824,https://bad-joker-brewing-company.business.site,Wyoming,830 Powerhouse Dr
7ecfcf55-8bc1-4744-9a2c-7feaa99290b0,Bad Lab Beer Co.,closed,460 High St,Somersworth,New Hampshire,03878-1012,United States,-70.88353777,43.22651432,6033192436,http://www.badlabbeer.com,New Hampshire,460 High St
007b572b-cb61-478b-aa08-2966a1a028d5,Bad Martha Farmer's Brewery,brewpub,270 Upper Main St,Edgartown,Massachusetts,02539-,United States,-70.52732,41.394402,5089394415,http://www.badmarthabeer.com,Massachusetts,270 Upper Main St
7f6df298-f7c9-464b-b02d-aa3a121438c7,Bad Pyrmonter Hofbrauerei,closed,44 Hauptstraße,Bad Pyrmont,Niedersachsen,31812,Germany,9.3163424,51.9890526,+49 171 5810658,http://www.badpyrmonterhofbrauerei.de,Niedersachsen,44 Hauptstraße
7e470330-e32a-42aa-8d9b-db15529b8faa,Bad Shepherd Beer Company,brewpub,702 Quarrier St,Charleston,West Virginia,25301-2627,United States,-81.63612015,38.35094943,3045527569,http://www.blacksheepwv.com,West Virginia,702 Quarrier St
9a296fcc-818b-4f73-88a4-a47dadc53a39,Bad Shepherd Brewing Co,micro,386 Reserve Road,Cheltenham,VIC,3192,Australia,145.0390473,-37.9566857,+61 3 8555 3175,http://www.badshepherd.com.au/,VIC,386 Reserve Road
7d84d498-dd3a-40ac-b920-5ec914defc24,Bad Shepherd Brewing Co.,micro,386 Reserve Road,Cheltenham,VIC,3192,Australia,145.0390473,-37.9566857,+61 3 8555 3175,http://www.badshepherd.com.au/,VIC,386 Reserve Road
748e6d2f-e6b9-4115-ae86-4828ed2f9c47,Bad Tattoo Brewing Company,micro,169 Estabrook Ave,Penticton,British Columbia,V2A 1A5,Canada,-119.5937077,49.4991381,12504938686,,British Columbia,169 Estabrook Ave
ccb3350f-eade-47d0-8fa7-351d20ead048,Bad Tom Smith Brewing,micro,4720 Eastern Ave,Cincinnati,Ohio,45226-1893,United States,-84.41803086,39.11995755,5138714677,http://www.badtomsmithbrewing.com,Ohio,4720 Eastern Ave
1630747e-8c36-4a34-9531-02d6b5ac2a28,Bad Tom Smith Brewing,brewpub,1836 W 25th St,Cleveland,Ohio,44113-3142,United States,-81.7051638,41.4861772,,,Ohio,1836 W 25th St
ac773861-5642-46b6-98c5-ad065ee9b4df,Bad Water Brewing,contract,4216 N Brown Ave,Scottsdale,Arizona,85251-3914,United States,-111.9244743,33.49726157,5207459175,http://www.badwaterbrewing.com,Arizona,4216 N Brown Ave
6f9649a1-b449-4542-8f23-837bec41f649,Bad Weather Brewing LLC,micro,414 7th St W,Saint Paul,Minnesota,55102-2733,United States,-93.1655001,44.9040455,6512076627,http://www.badweatherbrewery.com,Minnesota,414 7th St W
8a884a90-88e6-44b7-98d3-fbfe01e9cf82,Bad Wildunger Brauhaus,brewpub,2 Frankenberger Straße,Bad Wildungen,Hessen,34537,Germany,9.10132,51.10931,+49 5621 74150,http://www.brauhaus-bad-wildungen.de,Hessen,2 Frankenberger Straße
1937d9f8-9bc7-4a32-b04c-642879b8aa00,Badass Backyard Brewing,micro,1415 N Argonne Rd,Spokane Valley,Washington,99212-2685,United States,-117.282919,47.66990394,5092423225,http://badassbackyardbrewing.com,Washington,1415 N Argonne Rd
cdc43a52-ef7a-4907-bb8e-300416c03f01,Badass Brews,taproom,98 N 1st E St,Green River,Wyoming,82935-4216,United States,-109.46636513206,41.528514045356,13078716737,https://www.facebook.com/profile.php?id=100088288374921&mibextid=hIlR13,Wyoming,98 N 1st E St
9885ebba-4e94-42ec-bae9-9301d1b05183,Badenstuff,brewpub,25 Krokusweg,Offenburg,Baden-Württemberg,77656,Germany,7.92048,48.45587,+49 781 76665,http://www.badenstuff.com,Baden-Württemberg,25 Krokusweg
143796a4-b99e-46f7-9a3e-8d206c45c0e5,Baderbräu,brewpub,4 Baderweg,Schnaitsee,Bayern,83530,Germany,12.3689993,48.0708381,+49 176 32357045,http://www.baderbraeu.de,Bayern,4 Baderweg
d85636df-f559-4277-ab0c-c3ddf3853c4e,Badger Hill Brewing,micro,4571 Valley Industrial Blvd S Ste 500,Shakopee,Minnesota,55379-1846,United States,,,6123884479,http://www.badgerhillbrewing.com,Minnesota,4571 Valley Industrial Blvd S Ste 500
4f49473d-22aa-4f44-b69c-2d7f95d76abd,Badger Mountain Brewing,closed,1 Orondo Ave,Wenatchee,Washington,98801-2206,United States,-120.309353,47.423747,5098882234,http://www.badgermountainbrewing.com,Washington,1 Orondo Ave
71857398-4e1c-4540-9ddb-36388193c880,Badger State Brewing Company,micro,990 Tony Canadeo Run,Green Bay,Wisconsin,54304-3762,United States,-88.05136473,44.49669718,9205435320,http://www.badgerstatebrewing.com,Wisconsin,990 Tony Canadeo Run
3805c592-5427-49e1-8609-a56fdf01fe66,Badisch Brauhaus,brewpub,38-40 Stephanienstraße,Karlsruhe,Baden-Württemberg,76133,Germany,8.3938044,49.0118167,+49 721 1444400,http://www.badisch-brauhaus.de,Baden-Württemberg,38-40 Stephanienstraße
f0507649-6549-42d8-b8d7-c11e17ece27f,Badlands Brewery,micro,153 Summer Street,Orange,NSW,2800,Australia,149.0974307,-33.2825557,+61 421 455 325,https://www.badlandsbrewery.com.au/,NSW,153 Summer Street
393816b0-7f91-450d-b65a-7f99f5cc8ae7,BADSONS Beer Co,micro,251 Roosevelt Dr,Derby,Connecticut,06418-1665,United States,-73.1322771,41.3513647,2033082654,http://www.badsoons.com,Connecticut,251 Roosevelt Dr
c4459528-06a6-4f7b-a4a4-be62a1fbd420,BadWolf Brewing Company,micro,8420 Kao Cir,Manassas,Virginia,20110-1728,United States,,,7034792305,http://www.badwolfbrewingcompany.com,Virginia,8420 Kao Cir
d42aade0-cd64-4ce2-a79d-4360413d3955,BadWolf Brewing Company,micro,9776 Center St,Manassas,Virginia,20110-4128,United States,-77.48972051,38.75356183,5713589774,http://www.badwolfbrewingcompany.com,Virginia,9776 Center St
e25d20e1-1700-45a6-b236-9eb6d01a9434,Baere Brewing Company,micro,"320 Broadway, Unit E",Denver,Colorado,80203-3955,United States,,,9709014810,http://www.baerebrewing.com,Colorado,"320 Broadway, Unit E"
10ad1074-00f1-4731-9154-878dafcb58a9,Baerlic Brewing Co,micro,2235 SE 11th Ave,Portland,Oregon,97214-5303,United States,-122.6550828,45.50680595,5034779418,http://www.baerlicbrewing.com,Oregon,2235 SE 11th Ave
a79c77fa-dd4c-4e3f-bf34-c50ae8032f5c,Baffin Brewing Co,micro,25113 Jefferson Ave,Saint Clair Shores,Michigan,48081-2303,United States,-82.888964,42.472227,5862187990,http://baffinbrewing.com,Michigan,25113 Jefferson Ave
62c3eba7-bba3-4ab5-aa14-9b049415c3df,"Bag and Kettle, The",brewpub,9000 Main St Apt 21,Carrabassett Valley,Maine,04947-6808,United States,,,2072372451,http://www.thebagandkettle.com,Maine,9000 Main St Apt 21
f167edfa-21ec-466a-89dd-b78ef6037c55,Bagby Beer Company,brewpub,601 S Coast Hwy,Oceanside,California,92054-4120,United States,-117.373847,33.189591,7602709075,http://www.bagbybeer.com,California,601 S Coast Hwy
7d13be05-4aff-4b36-8ac0-0561d6a918fc,Bahnhof Cues,brewpub,8 Bahnhofstraße,Bernkastel-Kues,Rheinland-Pfalz,54470,Germany,7.0692808,49.9157156,+49 6531 9739705,http://www.bahnhof-kues.de,Rheinland-Pfalz,8 Bahnhofstraße
a715d721-e382-45e3-a035-18edf1dee861,"Baileson Brewing Company, LLC",micro,2322 Bissonnet St,Houston,Texas,77005-1512,United States,-95.41337465,29.72562404,8325169828,http://www.bailesonbrewing.com,Texas,2322 Bissonnet St
967cebda-71cb-487d-b4b9-c0640cfa3664,Bailey Brewing Co.,micro,Park Street,Henley Brook,WA,6055,Australia,115.9994362,-31.8129741,+61 8 6192 1830,https://www.baileybrewingco.com.au/,WA,Park Street
fcd34248-fb3f-410e-9550-31f71e91764f,Bainbridge Brewing,micro,9415 Coppertop Loop NE Ste 104,Bainbridge Island,Washington,98110-3339,United States,-122.5251446,47.64937373,2064514646,http://www.bainbridgebeer.com,Washington,9415 Coppertop Loop NE Ste 104
f08b4937-45cd-45cc-bd0f-93d84f392d86,Bainbridge Brewing Alehouse,brewpub,500 Winslow Way E #110,Bainbridge Island,Washington,98110,United States,-122.5145398,47.62624505,2063176986,http://www.bainbridgebeer.com,Washington,500 Winslow Way E #110
d08767b4-f8a5-4124-a029-c38b29a3a6e3,Baisinger BierManufaktur,brewpub,13 Ergenzinger Straße,Rottenburg am Neckar,Baden-Württemberg,72108,Germany,8.7782754,48.5046712,+49 7457 94300,http://www.baisinger.de,Baden-Württemberg,13 Ergenzinger Straße
19de43df-8293-4823-b8aa-2dfb285924e8,Baithouse Brewery,planning,,Sandusky,Ohio,44870,United States,,,4193665372,http://www.baithousebrewery.com,Ohio,
6413df9d-206d-409a-bf5a-405c4db6724e,Baker City Brewing Co,micro,2200 Main Street,Baker City,Oregon,97814,United States,-117.8293471,44.77928865,5415232337,http://www.barleybrowns.com,Oregon,2200 Main Street
2f4107b2-90e6-422e-876b-6578924206bb,BAKFISH Brewing Company,micro,1231 Broadway St,Pearland,Texas,77581-6303,United States,-95.4174149,29.5551351,2819938658,http://www.bakfishbrewing.com,Texas,1231 Broadway St
ca101b8b-4b59-4298-a163-e5559e72358a,Bald Man Brewing Company,micro,2020 Silver Bell Rd Ste 25,Eagan,Minnesota,55122-1030,United States,,,6516003164,http://www.BaldManBrewing.com,Minnesota,2020 Silver Bell Rd Ste 25
4c61ceb1-4256-4307-b538-5629a8613208,Bald Top Brewing Company,micro,1830 Thrift Rd,Madison,Virginia,22727-2843,United States,-78.2625296,38.3772921,5409991830,http://www.baldtopbrewing.com,Virginia,1830 Thrift Rd
91d2e9ea-dfdc-4469-89ea-1c7adcc2d19e,Balderdash Brewing Co.,micro,688 Abbott St,Vancouver,British Columbia,V6B 1H7,Canada,-123.1207375,49.2827291,,https://www.balderdashbeer.com,British Columbia,688 Abbott St
47db24a0-64ed-4311-b59a-7e3b0183ae2b,Bale Breaker & Yonder Cider Taproom,taproom,826 NW 49th St,Seattle,Washington,98107-3614,United States,-122.367488,47.664897,5095577668,https://www.bbycballard.com/,Washington,826 NW 49th St
72b7fb2e-ebb2-4f46-8c85-758c6707d42a,Bale Breaker Brewing Company,regional,1801 Birchfield Rd,Yakima,Washington,98901-9577,United States,-120.435573,46.57685541,5094244000,http://www.balebreaker.com,Washington,1801 Birchfield Rd
9d58821d-291a-4258-82b2-bb7f97f5df63,Baleen Brewing Co.,micro,884 Mizzen Ln #9462,Ketchikan,Alaska,99901-9462,United States,-131.817681,55.472907,9072207492,https://www.baleenbrewing.com,Alaska,884 Mizzen Ln #9462
4cee6968-b00d-4f1f-afd2-d6d54ef9dd89,Balgowan Brewery,micro,Currys Post Road,Balgowan,KwaZulu-Natal,3275,South Africa,30.0135,-29.4217,+27 79 362 5818,,KwaZulu-Natal,Currys Post Road
c879d0a8-e06e-45f7-8479-4c129119af47,Ballad Brewing,micro,600 Craghead St,Danville,Virginia,24541-1504,United States,-79.386371,36.584786,8049250109,http://www.balladbrewing.com,Virginia,600 Craghead St
3c4eab56-1643-4204-ab89-2ce01f6b5bf7,Ballast Point Brewing Co / Home Brew Mart,large,5401 Linda Vista Rd Ste 406,San Diego,California,92110-2402,United States,-117.1953344,32.76692137,6198517681,http://www.ballastpoint.com,California,5401 Linda Vista Rd Ste 406
38871a7b-b304-459b-aa24-282321967048,Ballast Point Brewing Company,large,555 International Pkwy,Daleville,Virginia,24083-3028,United States,-79.91380298,37.43575624,5405913059,,Virginia,555 International Pkwy
1aefb103-ced0-49cb-96c2-b65a2222fb3d,Ballast Point Brewing Company,planning,,Chicago,Illinois,60607,United States,,,,,Illinois,
5794a61e-1fa2-45bd-b317-287ca186b919,Ballast Point Brewing Company,planning,,Anaheim,California,92802-2294,United States,-117.911732,33.8347516,,,California,
60076124-a2a2-40e7-9e4f-e73e2429777a,Ballast Point Brewing Company,large,110 N Marina Dr,Long Beach,California,90803-4601,United States,-118.114751,33.7464176,8586952739,http://www.ballastpoint.com,California,110 N Marina Dr
0cbb2117-5968-4d0d-a0fd-9ee7c7f53e31,Ballast Point Brewing Company,large,9045 Carroll Way,San Diego,California,92121-2405,United States,-117.1587251,32.88798083,8586952739,http://www.ballastpoint.com,California,9045 Carroll Way
94fe77de-a7d7-42d4-a076-687e1fdaeec4,Ballast Point Brewing Company,large,7606 Trade St,San Diego,California,92121-2405,United States,-117.157081,32.889641,8586952739,,California,7606 Trade St
786c56e4-c533-4181-8aec-ec976a7bde9f,Ballast Point Brewing Company - Little Italy,large,2215 India St,San Diego,California,92101-1725,United States,-117.169738,32.727777,6192557213,http://www.ballastpoint.com,California,2215 India St
a0cabad3-837d-40ce-aa0a-dbd689ec216f,Ballistic Beer Co,micro,53-55 McCarthy Road,Salisbury,QLD,4107,Australia,153.0315574,-27.548333,+61 7 3277 6656,https://ballisticbeer.com/,QLD,53-55 McCarthy Road
8a99be33-4ae4-451d-b8e4-01267db1d10d,Ballistic Beer Co.,micro,53-55 McCarthy Road,Salisbury,QLD,4107,Australia,153.0315574,-27.548333,+61 7 3277 6656,https://ballisticbeer.com/,QLD,53-55 McCarthy Road
5598ed95-9b3e-40d4-bfdf-5d22fef4868d,Ballito Brewing Company,micro,8 Coconut Grove,Ballito,KwaZulu-Natal,4420,South Africa,31.2131,-29.5204,+27 32 946 1902,https://www.ballitobrewingcompany.co.za/,KwaZulu-Natal,8 Coconut Grove
6b42d56c-67bb-47e1-b856-01d87b414a14,Ballykilcavan Brewing Company,micro,Unnamed Street,Stradbally,Laois,R93 X3X8,Ireland,-7.115267515,53.01800718,,https://www.ballykilcavan.com/,Laois,Unnamed Street
cb8d7ce9-114c-44b6-91de-45ad0cd2285f,Balsam Falls Brewing,micro,506 W Main St,Sylva,North Carolina,28779-5544,United States,-83.2218237,35.3737065,8286311987,,North Carolina,506 W Main St
a85f70a5-1b54-43ba-8ab3-261e20f8d570,Balter Beerworks,brewpub,100 S Broadway St,Knoxville,Tennessee,37902-1901,United States,-83.92432,35.96654,8659995015,http://www.balterbeerworks.com,Tennessee,100 S Broadway St
b2e796bf-300d-494d-946e-994cfe05782f,Balter Brewing,micro,14 Traders Way,Currumbin Waters,QLD,4223,Australia,153.470668,-28.142652,+61 7 5525 6916,https://www.balter.com.au/tap-room/about?utm_source=google&utm_medium=organic&utm_campaign=gmb,QLD,14 Traders Way
e47aa97d-b7c0-4a00-b085-b1e7240e5080,Balter Brewing Company,large,14 Traders Way,Currumbin Waters,QLD,4223,Australia,153.470668,-28.142652,+61 7 5525 6916,https://www.balter.com.au/tap-room/about?utm_source=google&utm_medium=organic&utm_campaign=gmb,QLD,14 Traders Way
17d563f1-e620-4a74-8d39-3486312454f2,Baltimore Washington Beer Works,contract,2500 Grays Rd,Dundalk,Maryland,21222,United States,-76.4644662,39.2446743,4438476223,http://www.ravenbeer.com,Maryland,2500 Grays Rd
4b2cb700-2a42-4a22-8811-b15879b6b401,Bam Entertainment Center,brewpub,478 E 16th St,Holland,Michigan,49423-3793,United States,-86.08555156,42.7812873,6163927086,http://www.gobamgo.com,Michigan,478 E 16th St
2b725797-9b61-4bf9-bb7f-85127e955905,Band Of Bohemia,brewpub,4710 N Ravenswood Ave,Chicago,Illinois,60640-4408,United States,-87.6750827,41.9675954,7732714710,http://bandofbohemia.com,Illinois,4710 N Ravenswood Ave
063107cd-7134-41d9-b44e-f75439937878,Band of Brothers Brewing Company,closed,1605 23rd Ave,Tuscaloosa,Alabama,35401-4653,United States,-87.56215513,33.19849071,2052665137,http://www.bandofbrosbrewing.com,Alabama,1605 23rd Ave
56be2bfb-6de2-4c08-b707-4e5a9e27005c,Banded Brewing Company,micro,32 Main St. Bldg 13-W Ste 102,Biddeford,Maine,04005-5145,United States,,,2076021561,http://www.bandedhorn.com,Maine,32 Main St. Bldg 13-W Ste 102
2b5fbb61-2e0b-42ec-8d68-dcc62fe244e9,Banded Oak Brewing Company,brewpub,470 N Broadway,Denver,Colorado,80203-3404,United States,-104.9874187,39.7282897,7204798033,http://Bandedoakbrewing.com,Colorado,470 N Broadway
2d0bf6d8-1aad-42f4-8553-f78c7b90e1fd,"Bandera Ale Project, LLC",micro,3540 State Highway 16 S Ste 2A,Bandera,Texas,78003-3561,United States,,,8305224226,http://www.banderabrewery.com,Texas,3540 State Highway 16 S Ste 2A
3d7cac6c-0768-4811-992c-3db8664e5cce,Bandit Brewery,brewpub,2125 Dundas Street West,Toronto,Ontario,M6R1X1,Canada,-79.4496121,43.652451,(647) 348-1002,http://banditbrewery.ca/,Ontario,2125 Dundas Street West
29297833-9297-43fe-a9f4-4a9437a405c1,Bandit Brewing Co,micro,610 N 1st St Ste 5-228,Hamilton,Montana,59840-2149,United States,,,4066466003,http://www.banditbeer.com,Montana,610 N 1st St Ste 5-228
3063b641-c33f-492c-bcac-f0b591221abf,Bandon Brewing Company,brewpub,395 2nd St SE,Bandon,Oregon,97411-9605,United States,-124.4122494,43.1191572,5413473911,http://www.bandonbrewingco.com,Oregon,395 2nd St SE
299ebba1-6bb3-4998-b4a5-e0f4fad4c443,Bandwagon Brewery,micro,3582 West Ave,Interlaken,New York,14847,United States,-76.7278241,42.61661956,6072295608,http://www.bandwagonbeer.com,New York,3582 West Ave
d2af1d0e-cc9d-4c26-90a0-f768b9cfb344,Bang Brewing,micro,2320 Capp Rd,Saint Paul,Minnesota,55114-1251,United States,,,6512432264,http://www.bangbrewing.com,Minnesota,2320 Capp Rd
6c11ccfe-9941-4c48-acc6-75217efabbce,Bang the Drum Brewery,micro,950 Orcutt Rd,San Luis Obispo,California,93401-6740,United States,-120.6452338,35.2615498,8587762973,http://www.bangthedrumbrewery.com,California,950 Orcutt Rd
cb33e61e-48cf-433e-96cd-7c336c6ef8bf,Banger Brewing Co,micro,450 Fremont St Ste 135,Las Vegas,Nevada,89101-5649,United States,,,7024562739,http://www.bangerbrewing.com,Nevada,450 Fremont St Ste 135
e049fe2d-95ad-4c99-8c93-439f39339b60,Bangin' Banjo Brewing Company,micro,3200 NW 23rd Ave Ste 500,Pompano Beach,Florida,33069-5909,United States,,,9549783113,http://www.banginbanjobrewing.com,Florida,3200 NW 23rd Ave Ste 500
e8a8053c-22a8-4f42-90e0-5d6474477a10,Bangor Beer Co.,brewpub,330 Bangor Mall Blvd,Bangor,Maine,04401-3644,United States,,,2079476605,http://www.bangorbeerco.com,Maine,330 Bangor Mall Blvd
5d408c7c-fb56-4012-bd83-3471f43ffc2f,Bangor Trust Brewing,brewpub,15 Broadway,Bangor,Pennsylvania,18013-2601,United States,,,6104523232,http://bangortrustbrewing.com,Pennsylvania,15 Broadway
9e12b6a6-9445-4a29-818c-4b96dbd30f55,Banjo Brewing,closed,,Fayetteville,West Virginia,25840,United States,,,3042164231,,West Virginia,
133a1850-eabe-4a10-95dc-827ae90965ee,Bank Brewing Co,micro,218 N Main St,Hendricks,Minnesota,56136-9501,United States,-96.42581655,44.50839827,6123092513,http://www.bankbrewing.com,Minnesota,218 N Main St
a8a4b78e-6e6c-4c93-a1bb-e364353f25ce,Bankhead Brewing Company,brewpub,3840 Main St,Rowlett,Texas,75088-5073,United States,-96.56610883,32.9029137,2143847953,http://www.bankheadbrewing.com,Texas,3840 Main St
84f05688-b04a-41f4-b954-fa7498f7c9ff,Bannas Bier,micro,61A Bargloyer Straße,Wildeshausen,Niedersachsen,27793,Germany,8.4173862,52.8908857,+49 4431 72408,http://www.bannas-bier.de,Niedersachsen,61A Bargloyer Straße
6865f9b6-b99a-4d4c-a12a-824924ac27ea,Banning's Inc,micro,620 Water St,Summersville,West Virginia,26651-1453,United States,-80.85147552,38.281623,3046196972,,West Virginia,620 Water St
5a12bbc2-703e-4593-a7b9-23f2c2ade78f,Bannockburn,micro,430A Bannockburn Road,Bannockburn,Otago Region,9384,New Zealand,169.1622772,-45.0861167,+64 3 445 1553,http://blackrabbit.nz/,Otago Region,430A Bannockburn Road
38ec976b-9832-425c-818e-7843b722acec,Bar 3 BBQ and Brewing,brewpub,100 S Broadway,Belgrade,Montana,59714-3909,United States,-111.1770268,45.7751537,4063889182,http://www.bar3bbq.com,Montana,100 S Broadway
f1299701-74e6-404a-a14b-86fccbc5f122,Bar Belge,micro,407 Torhoutsesteenweg,Zedelgem,Vlaanderen,8210,Belgium,3.1420708,51.1112816,,https://www.barbelge.be/,Vlaanderen,407 Torhoutsesteenweg
ddccedb0-12d1-442c-bd66-3c2fe9b0fe80,Bar D Brew House,brewpub,213 N High St,San Saba,Texas,76877-3533,United States,-98.71854917,31.19678472,3253726100,http://www.bardbrewhouse.com,Texas,213 N High St
a834c4b5-4852-4887-aa6f-c872dfc10824,Bar Hygge / Brewery Techne,brewpub,1720 Fairmount Ave,Philadelphia,Pennsylvania,19130-2858,United States,-75.16567302,39.96707286,,,Pennsylvania,1720 Fairmount Ave
8a28140f-79c5-493b-a9b7-3a494c9449fc,Bar Room,bar,899 East Coast Road,Singapore,Singapore,459102,Singapore,103.9241232,1.3128500369078,+65 9265 2461,,Singapore,899 East Coast Road
4ba45fde-0a24-46bd-8bfc-d83b29e27c0e,Bar Volo,micro,17 St. Nicholas Street,Toronto,Ontario,M4Y1W5,Canada,-79.3855352,43.6655634,(416) 531-8818,https://barvolo.com/,Ontario,17 St. Nicholas Street
08fffdf5-41f6-4445-a9a5-63d4927dc366,Baranof Island Brewing Co,closed,1209 Sawmill Creek Rd Ste A,Sitka,Alaska,99835-9759,United States,-135.309951,57.049586,9077472739,http://www.baranofislandbrewing.com,Alaska,1209 Sawmill Creek Rd Ste A
2f2b9e28-3550-4e57-80bf-4fa388200ed7,Barbarian Brewing - Downtown Taproom,micro,1022 W Main St,Boise,Idaho,83702-5705,United States,-116.206883,43.618407,2083872739,https://barbarianbrewing.com,Idaho,1022 W Main St
056acce6-7847-43f3-9a24-c32ee66ae805,Barbarian Brewing - Garden City,micro,5270 W Chinden Blvd,Garden City,Idaho,83714-1457,United States,-116.272141,43.646318,2083872739,http://www.barbarianbrewing.com,Idaho,5270 W Chinden Blvd
f74bbdc2-cba6-4df2-a5c6-7b1d6e1b2424,Barbarossa Bräu,brewpub,18 Aschaffenburger Straße,Schöllkrippen,Bayern,63825,Germany,9.2453186,50.0836644,+49 6024 5454,http://www.brauhaus-barbarossa.de,Bayern,18 Aschaffenburger Straße
7cdb5832-f9fb-421c-b94c-3989c6240894,"Bard's Brewery, LLC",proprietor,,Lees Summit,Missouri,64063-0905,United States,,,8167281707,http://www.bardsbeer.com,Missouri,
9ae35285-00ed-4066-963c-8bfad2d16c29,Bardic Brewing and Cider,micro,15412 E Sprague Ave #14,Spokane Valley,Washington,99037,United States,-117.1984519,47.65665159,5097236105,https://bardicbrewing.com,Washington,15412 E Sprague Ave #14
082f06b4-93bc-4683-9223-5b64103413e8,Bardo Brewpub,closed,25 Potomac Ave SE,Washington,District of Columbia,20003-3670,United States,-77.00658302,38.87165373,7622337070,http://www.bardo.beer,District of Columbia,25 Potomac Ave SE
7574d2fa-b21c-48df-a206-8ea36cbc8229,Bardwell Winery and Brewery,micro,716 N High St,Mount Orab,Ohio,45154,United States,-83.9209789,39.0419795,,http://www.bardwellwinery.com,Ohio,716 N High St
df0ca5e9-9372-4516-a191-e6bfe4c466b0,Bare Arms Brewing,micro,2515 La Salle Ave,Waco,Texas,76706-3929,United States,-97.13081959,31.52488462,2547598480,http://www.barearmsbrewing.com,Texas,2515 La Salle Ave
32d22f8c-1a9a-45ea-a8b0-daf3a002fb5b,Bare Bones Brewery,brewpub,4362 County Rd S,Oshkosh,Wisconsin,54904-9575,United States,-88.59075354,44.07856457,9207448045,http://www.barebonesbrewery.us,Wisconsin,4362 County Rd S
eaccdf46-40c0-4a05-a4b8-680f0e38f913,Bare Hands Brewery,micro,12804 Sandy Ct,Granger,Indiana,46530-4309,United States,,,5742772258,http://www.barehandsbrewbrewery.com,Indiana,12804 Sandy Ct
97ca045f-aa1a-429e-bd93-7461954b20fc,Barebottle Brewing Company,micro,1525 Cortland Ave,San Francisco,California,94110-5714,United States,-122.4090405,37.74000915,4159268617,http://www.barebottlebeer.com,California,1525 Cortland Ave
efb7f668-5151-49a8-8a95-6eac23234197,Bärenbräu,brewpub,2 Hohlgasse,Holzheim,Bayern,89291,Germany,10.0934872,48.3781962,+49 7302 3113,http://www.baerenbraeu-neuhausen.de,Bayern,2 Hohlgasse
1c1fec67-f169-4646-b4d4-aeda1643fafb,BareWolf Brewing,micro,12 Oakland St,Amesbury,Massachusetts,01913,United States,-70.92336518,42.85606929,9783906540,http://www.barewolfbrewing.com,Massachusetts,12 Oakland St
3fcac8d1-1091-4c9a-a244-dcf772a4ca14,Barfüßer,brewpub,2 Franz-Xaver-Heilig-Straße,Pfullendorf,Baden-Württemberg,88630,Germany,9.250859,47.9240221,+49 7552 9280815,http://www.barfuesser-brauhaus/pfullendorf/,Baden-Württemberg,2 Franz-Xaver-Heilig-Straße
87bfdb36-616c-455d-a2f8-a8dbd7408588,Barhop Brewing,brewpub,124 W Railroad Ave,Port Angeles,Washington,98362-2621,United States,-123.4332787,48.12098065,3604605155,http://www.barhopbrewing.com,Washington,124 W Railroad Ave
97af6f98-8ef7-4ad9-af77-6b5eaec076d2,Barhop Sequim,brewpub,845 Washington St,Sequim,Washington,98382-3521,United States,-123.12332549986,48.078925671614,3604774257,https://barhopbrewing.com/barhop-sequim,Washington,845 Washington St
de70c697-36e2-4f30-9c08-f15fbca43bc8,Bark Brewing Company,brewpub,3021 Spring Garden St,Greensboro,North Carolina,27403-1968,United States,-79.84360434,36.06201036,3368561406,http://barkbrewingcompany.com,North Carolina,3021 Spring Garden St
c51c96f4-d444-4e83-b332-924d7811d236,BarkEater Craft Brewery,proprietor,5411 Shady Ave,Lowville,New York,13367-1601,United States,-75.4867252,43.7874658,3157758959,http://www.barkeaterbrew.com,New York,5411 Shady Ave
9056e8df-fe8c-4560-b669-fd31e9074c7c,Barkerville Brewing,micro,185 Davie Street,Quesnel,British Columbia,V2J 2S8,Canada,-122.4933399,52.9757055,17784142739,http://barkervillebeer.com/,British Columbia,185 Davie Street
2c58a683-787e-4d26-a7f0-e12e31b36e74,Barking Armadillo Brewing,micro,507 River Bend,Georgetown,Texas,78723-3342,United States,-97.6932487,30.6608114,512-240-5137,http://www.barkingarmadillo.com/,Texas,507 River Bend
4e51c656-001a-4f64-9fcd-0edc5b8e6669,Barking Duck Brewing Company,micro,4400 Morris Park Dr Ste R,Mint Hill,North Carolina,28227-9269,United States,,,9809386300,http://www.barkingduckbrew.com,North Carolina,4400 Morris Park Dr Ste R
63e51e47-8ece-4348-bdbc-313f2d8be6e2,Barley and Hops Grill,brewpub,5473 Urbana Pike,Frederick,Maryland,21704-7275,United States,-77.3995969,39.38204685,3016685555,http://www.barleyandhops.net,Maryland,5473 Urbana Pike
7466d420-8ee9-41b1-8794-f9618df77361,Barley Boys Brewery,planning,,Omaha,Nebraska,68144-1922,United States,,,4025986096,http://www.barleyboysbrewery.com,Nebraska,
3f876682-7dcf-4465-8880-63253506e3e4,Barley Brothers Brewery,brewpub,1425 McCulloch Blvd N,Lake Havasu City,Arizona,86403-6597,United States,-114.3206399,34.4770677,9285057837,http://www.barleybrothers.com,Arizona,1425 McCulloch Blvd N
7a470fd0-dc8f-4324-9c42-dd1428488f7d,Barley Browns Brewpub,micro,2190 Main St,Baker City,Oregon,97814-2655,United States,-117.8294962,44.7787802,5415234266,http://www.barleybrowns.com,Oregon,2190 Main St
6267a2b4-289e-4720-8baf-6ab825f30380,Barley Creek Brewing Co,brewpub,1774 Sullivan Trl,Tannersville,Pennsylvania,18372-7893,United States,-75.32890575,41.05236395,5706299399,http://www.barleycreek.com,Pennsylvania,1774 Sullivan Trl
cc639400-030e-4c56-847a-389d6d81bc97,Barley Days Brewery,micro,13730 Loyalist Pkwy,Picton,Ontario,K0K 2T0,Canada,,,6137767600.0,https://www.barleydaysbrewery.com,Ontario,13730 Loyalist Pkwy
fbb7714c-4583-4d4d-96f4-369b4515476d,Barley Forge Brewing,closed,2957 Randolph Ave Ste B,Costa Mesa,California,92626-4375,United States,-117.8880183,33.67903294,7146412084,http://www.barleyforge.com,California,2957 Randolph Ave Ste B
fa5848d1-fd69-401e-b5ec-a59321e631b4,Barley Head Brewery,closed,12 Water St 1A,Mystic,Connecticut,06355,United States,,,,http://www.barleyheadbrewery.com,Connecticut,12 Water St 1A
ee28a49f-8069-428c-a379-c4121d710821,Barley Island Brewing Co,brewpub,639 E Conner St,Noblesville,Indiana,46060-2532,United States,,,3177705280,http://www.barleyisland.com,Indiana,639 E Conner St
5e10fcfc-9724-4622-a95d-da266c8628ee,Barley Johns Brewpub,closed,1280 Madison Ave,New Richmond,Wisconsin,54017-2236,United States,,,7152464677,http://www.barleyjohnsbrewery.com,Wisconsin,1280 Madison Ave
050945b3-143d-4c19-976d-be130c5b9628,Barley Johns Brewpub,brewpub,781 Old Highway 8 SW,New Brighton,Minnesota,55112-7735,United States,-93.1984831,45.0366982,6516364670,http://www.barleyjohns.com,Minnesota,781 Old Highway 8 SW
ddc78de1-9059-45e3-9c38-65e714a96062,Barley Naked Brewing Company,planning,,Stafford,Virginia,22554,United States,,,5406234475,http://www.barleynaked.com,Virginia,
332c432f-b52b-4d3d-a5c9-8b3d4a31976f,Barley POP! Brewing,nano,1208 10th St Ste C,Snohomish,Washington,98290-2099,United States,-122.096741,47.924313,3606106843,https://www.barleypopbeer.com,Washington,1208 10th St Ste C
947934b7-b0e7-4eee-81cc-8efabbfe32f7,Barley Sprouts Brewery,brewpub,639 SE 223rd Ave,Gresham,Oregon,97030-2509,United States,-122.4339039,45.51805087,5037586464,http://www.capturedbyporches.com,Oregon,639 SE 223rd Ave
ae4bf94d-1f03-4f12-a5c1-904c987f3987,Barley Station Brewpub,brewpub,20 Shuswap Street SE,Salmon Arm,British Columbia,V1E 4H7,Canada,-119.2847443,50.6996989,12508320999,http://www.barleystation.com/,British Columbia,20 Shuswap Street SE
80683fda-c79f-4dc1-941a-a2b4165487fe,Barley's Brewing Company (Ale House No. 1),brewpub,467 N High St,Columbus,Ohio,43215-2007,United States,-83.0027669,39.9719408,6142282537,http://www.barleysbrewing.com,Ohio,467 N High St
10b2fbe8-9fc3-46f8-aaa9-d61bc19dffa8,Barley's Casino and Brewing Co,brewpub,4500 E Sunset Rd Ste 30,Henderson,Nevada,89014-2253,United States,,,7024582739,http://www.wildfire.sclv.com/barleys,Nevada,4500 E Sunset Rd Ste 30
b750c15e-557f-4103-838c-bc54fa0e23d1,Barleys Braukeller,brewpub,8 Königstraße,Kempten (Allgäu),Bayern,87435,Germany,10.3138189,47.7226693,+49 831 20500,http://www.allgaeu-zapf.de,Bayern,8 Königstraße
c4ed1b9c-3e81-4419-bc5b-789c3f4f53e8,Barlows Brewery,closed,705 SE Park Crest Ave Suite D430,Vancouver,Washington,98683,United States,-122.5216242,45.6177956,3608593795,https://www.barlowsbrewery.com,Washington,705 SE Park Crest Ave Suite D430
9e1dfd14-4289-47ec-9362-362b7f8ed000,BarmHaus Brewing Co,closed,3782 Winding Creek Ln,Garden Valley,California,95633-9773,United States,-120.8784951,38.8402775,5304440478,http://barmhausco.com,California,3782 Winding Creek Ln
545b51b8-caf4-4c63-aea4-48910ddef4c7,Barn Brewers,brewpub,114 N Main St,Lawton,Michigan,49065-8634,United States,-85.84966443,42.16834814,2692990482,http://www.barnbrewersbrewery.com,Michigan,114 N Main St
bfb84336-c1e4-48e9-9d05-4a412b60e967,Barn Brewery,micro,2850 El Cajon Blvd Ste 3,San Diego,California,92104-1389,United States,-117.1324165,32.75568723,6199558228,http://www.thebarnbrew.com,California,2850 El Cajon Blvd Ste 3
e468fc97-eef9-4067-9f20-2df846d8ca5b,Barn Door Brewing,micro,1174 SW Highway 99W,Dundee,Oregon,97115,United States,-123.0146104,45.27424538,9718328054,http://www.barndoorbrewing.com,Oregon,1174 SW Highway 99W
976cb1b1-2e1d-4b63-b8cc-003104c9af21,Barn Town Brewing Co.,brewpub,9500 SE University Ave #1110,West Des Moines,Iowa,50266-1888,United States,-93.8385143,41.5996472,5159786767,,Iowa,9500 SE University Ave #1110
5edc486d-03b2-4fe1-a794-e0a972e21bf6,Barnaby Brewing Company,micro,165 Shattuck Way,Juneau,Alaska,99801-1366,United States,-134.405962,58.300314,9074190916,http://www.barnabybrew.com,Alaska,165 Shattuck Way
57cf86a1-3d0e-4ac7-8f50-b0bae8e34d9c,Barnett and Son Brewing Company,micro,18425 Pony Express Dr Unit 125,Parker,Colorado,80134-9605,United States,,,7204200462,,Colorado,18425 Pony Express Dr Unit 125
23ff0148-df41-45fd-9f11-feaf313ef149,Barnhouse Brewery,brewpub,43271 Spinks Ferry Rd,Leesburg,Virginia,20176-5629,United States,,,7036758480,http://www.barnhousebrewery.com,Virginia,43271 Spinks Ferry Rd
15925a01-78bb-45ca-b745-61f73b03778a,Barnimer Brauhaus,brewpub,4 Am Bahnhof,Hohenfinow,Brandenburg,16248,Germany,13.9280135,52.8305013,+49 33362 619000,http://www.barnimer-brauhaus.de,Brandenburg,4 Am Bahnhof
f2b298d8-a498-41bc-9321-770e03376866,Barnshed Brewing,micro,100 Lauman Ln,Hicksville,New York,11801-6574,United States,-73.50094256,40.74420335,5163766514,http://www.barnshedbrewing.com,New York,100 Lauman Ln
c6c6e790-345d-4f46-90e3-6264d4962e1d,Barnstable Brewing,micro,485 W Main St,Hyannis,Massachusetts,02601-3644,United States,-70.31159594,41.64913517,7744706989,http://www.barnstablebrewing.com,Massachusetts,485 W Main St
54222b6c-3be1-4bf2-95b7-5085f07a6461,Barnstar Brewing,micro,4050 North Tonto Road (Forest Service Rd.102),Skull Valley,Arizona,86338,United States,,,9284422337,http://www.barnstarbrew.com,Arizona,4050 North Tonto Road (Forest Service Rd.102)
fb2b0bca-8849-4d19-a8cd-f044cbf1fe55,Barnstormer Brewing Co.,brewpub,28 Dunlop St E,Barrie,Ontario,L4M 1A4,Canada,,,7057353756.0,https://www.barnstormerbrewing.com,Ontario,28 Dunlop St E
11903890-96c3-4019-b526-6bb0eea6c08c,Barona Brewing Company,micro,EM1036-1 2,Santo António das Areias,Portalegre,7330-215,Portugal,-7.3376936047272,39.437678925612,+351 21 468 2661,https://www.cervejabarona.pt/,Portalegre,EM1036-1 2
8e3da0ab-cbfe-4264-a7d3-0fbcd697e64c,Barossa Valley Brewing,micro,2A Murray Street,Tanunda,SA,5352,Australia,138.949246,-34.5298193,+61 8 8563 0696,http://www.bvbeer.com.au/,SA,2A Murray Street
3a2f762e-be48-4caf-ba77-d9253f50182a,Barrage Brewing Co,micro,32 Allen Blvd Ste E,Farmingdale,New York,11735-5625,United States,,,6313357941,http://www.barragebrewing.com,New York,32 Allen Blvd Ste E
821ae891-f6ab-4401-835f-10e5a3f08441,Barre,brewpub,122-124 Berliner Straße,Lübbecke,Nordrhein-Westfalen,32312,Germany,8.6182605,52.295858,+49 5741 27010,http://www.barre.de,Nordrhein-Westfalen,122-124 Berliner Straße
225795a5-5470-4864-99f9-6310f40bb4bb,Barrel 41 Brewing Co,brewpub,1132 S. Commercial St.,Neenah,Wisconsin,54956,United States,-88.4642861,44.16805,9205584021,https://www.barrel41.com/,Wisconsin,1132 S. Commercial St.
4fc60749-c0d0-4f94-ab92-e5bf566d455e,Barrel and Beam,micro,260 Northwoods RD,Marquette,Michigan,49855,United States,-87.4722168,46.54578,9062732559,http://www.barrelandbeam.com,Michigan,260 Northwoods RD
d605f25e-f132-4c42-94cb-0ec7fc4fe50c,Barrel Assembly,planning,,Austin,Texas,78751-3019,United States,,,15124236579,http://www.barrelassembly.com,Texas,
75a66bb0-838f-4e86-adca-03c784fbda72,"Barrel Brothers Brewing Company, LLC",micro,399 Business Park Ct. #506,Windsor,California,95492,United States,-122.784706,38.52824916,7076969487,http://www.barrelbrothersbrewing.com,California,399 Business Park Ct. #506
0a857a91-0b76-4850-9594-08938b756d99,Barrel Culture Brewing And Blending,proprietor,4913 S Alston Ave,Durham,North Carolina,27713-4424,United States,-78.88891655,35.89445737,,,North Carolina,4913 S Alston Ave
2907b143-57b4-49ec-aa41-07df64d1e14b,Barrel Dog Brewing,micro,,Evergreen,Colorado,80439,United States,-105.321458,39.6361637,5599176846,,Colorado,
c13feda5-f313-4dfb-be56-07cb89d5f090,Barrel Harbor Brewing Co.,micro,2575 Pioneer Ave Ste 104,Vista,California,92081-8450,United States,-117.221385,33.14879,7607343949,http://www.barrelharborbrewing.com,California,2575 Pioneer Ave Ste 104
26615b1f-85a5-425c-bfc9-3ed0422329db,Barrel Head Brewhouse,brewpub,1785 Fulton St,San Francisco,California,94117-1202,United States,-122.4461033,37.77576514,4154166989,http://www.barrelheadsf.com,California,1785 Fulton St
2949226a-b599-4e47-9c00-5e19012dd22b,Barrel House Z,micro,95 Woodrock Rd,Weymouth,Massachusetts,02189-2335,United States,,,3392017888,http://www.barrelhousez.net,Massachusetts,95 Woodrock Rd
c7d72e4c-452f-4218-a12d-f14abd400565,Barrel Mountain Brewing,micro,607 E Main St,Battle Ground,Washington,98604-4887,United States,-122.5309307,45.7808639,3603428111,http://www.barrelmountainbrewing.com,Washington,607 E Main St
60a0a684-e559-4865-ac34-561f9a0affeb,Barrel Oak Farm Taphouse,micro,3623 Grove Ln,Delaplane,Virginia,20144-2226,United States,,,5403646402,http://www.barreloak.com,Virginia,3623 Grove Ln
4eb9962b-708d-4221-9eee-f68e2abead7a,Barrel of Monks Brewing,micro,1141 S Rogers Cir Ste 5,Boca Raton,Florida,33487-2789,United States,,,5615101253,http://www.barrelofmonks.com,Florida,1141 S Rogers Cir Ste 5
e11f74dd-00c9-4b81-b284-879dc08f3132,Barrel Theory Beer Company,micro,248 7th St E,Saint Paul,Minnesota,55101-2349,United States,-93.08803482,44.95106551,6516003422,http://www.barreltheory.com,Minnesota,248 7th St E
6ea2ecc3-d933-4c8d-852c-f20db3b19976,Barreled Souls Brewing Company LLC,micro,743 Portland Rd,Saco,Maine,04072-9005,United States,-70.405728,43.553358,2076026439,http://www.barreledsouls.com,Maine,743 Portland Rd
9bf73e25-63d1-48df-a3b8-f916d9f9edeb,Barrelhead Brewery,micro,2 Fairview Strand,Dublin,Dublin,D03 R8P3,Ireland,-6.2400171,53.3625745,353879900914,https://barrelheadbrewery.com/,Dublin,2 Fairview Strand
fcac3d27-e6e5-4249-821b-15a0306895bb,Barrelhouse Brewing,micro,3055 Limestone Way,Paso Robles,California,93446-5988,United States,-120.6911529,35.5762216,8052961128,http://www.barrelhousebrewing.com,California,3055 Limestone Way
ace9df76-b786-4d17-9be9-33a009f48ba2,Barrels & Bottles Brewery,brewpub,600 12th St Ste 160,Golden,Colorado,80401-6145,United States,-105.2202098,39.7562107,7203283643,http://www.barrelsbottles.com,Colorado,600 12th St Ste 160
bd4c1883-0fa4-4ebf-84a5-750eeccb7546,Barrie Brewing Company,planning,,Gainesville,Florida,32607-4807,United States,,,,,Florida,
a6704545-a3ff-4e4d-a458-90979968fe1c,Barrier Brewing Co,micro,3001 New St Ste A2,Oceanside,New York,11572-2747,United States,,,5165941028,http://www.barrierbrewing.com,New York,3001 New St Ste A2
d92bd59c-e6ad-4311-90a0-ff2c7fa721ee,Barrington Brewery and Restaurant,brewpub,420 Stockbridge Rd Ste 4,Great Barrington,Massachusetts,01230-9512,United States,,,4135288282,http://www.barringtonbrewery.net,Massachusetts,420 Stockbridge Rd Ste 4
40c40840-a67e-42c5-9393-71c82bead0da,Barrington’s Craft Brewery,brewpub,Barrington's,Plettenberg Bay,Western Cape,6600,South Africa,23.3564,-34.0521,+27 44 050 3767,https://barringtonsplett.co.za/,Western Cape,Barrington's
01f591c5-3a87-4685-af4f-c4e9fccb3a47,Barrio Brewing Co,micro,800 E 16th St,Tucson,Arizona,85719-6603,United States,-110.959665,32.214613,5207912739,http://www.barriobrewing.co,Arizona,800 E 16th St
8000063a-f3ac-41e0-8c1d-ad58ba3ad562,Barrow Brewing Company,micro,108 Royal St,Salado,Texas,76571,United States,-97.53703133,30.94295989,2549473544,http://www.barrowbrewing.com,Texas,108 Royal St
ed597116-57e6-472c-8cd1-41d2915d6544,Barsideous Brewing Co,brewpub,644 S Main St,Lebanon,Oregon,97355-3337,United States,-122.9070824,44.5247777,5415701789,http://www.barsideousbrewing.com,Oregon,644 S Main St
c582e59d-8a6f-4adb-8777-40a49b33ad39,Barther Brauerei,closed,6 Gewerbegebiet am Betonwerk,Barth,Mecklenburg-Vorpommern,18356,Germany,12.69887,54.371801,+49 38231 450052,http://www.brauerei-barth.de,Mecklenburg-Vorpommern,6 Gewerbegebiet am Betonwerk
481b46b4-5731-45cb-a1b9-f773c55b8372,Bartlett Hall,brewpub,242 Ofarrell St,San Francisco,California,94102-2119,United States,-122.4087293,37.78640638,4154334332,http://www.bartletthall.com,California,242 Ofarrell St
d73def5b-b039-4331-98b7-d84bd8a18a64,Bascule Brewery And Public House,micro,1397 Colorado Ave,Lorain,Ohio,44052-3377,United States,-82.15710792,41.46560548,,http://www.basculebrewingcompany.com,Ohio,1397 Colorado Ave
c4e818fa-6abc-440b-bdb5-c8172bb5fbd8,Base Camp Brewing Co,micro,930 SE Oak St,Portland,Oregon,97214-1307,United States,-122.6561108,45.5198818,5034777479,http://www.basecampbrewingco.com,Oregon,930 SE Oak St
49cb9e16-c55d-4ddc-90e6-789ca4da0992,Base Camp Provisions,brewpub,155 N. Mulberry St.,Fruita,Colorado,81521,United States,-108.732637,39.160152,9706392888,https://www.basecampfruita.com,Colorado,155 N. Mulberry St.
1d7e5d18-1159-4ff0-ae9a-eb00af7d14cb,Basecamp Brewing,brewpub,25 S Mountain Rd,Lincoln,New Hampshire,03251-4268,United States,,,6037457290,http://www.onelovebrewery.com,New Hampshire,25 S Mountain Rd
4a9101f6-a7eb-461c-95c9-a0ce6bffdaeb,Basement Brewers of Texas,micro,521 Clay St,Kerrville,Texas,78028-4525,United States,-99.1392822,30.05042839,8309555073,http://www.basementbrewersoftexas.com,Texas,521 Clay St
101d5ecf-137f-4ee6-8fa6-c7e0fcced52c,Basement Brewhouse,micro,8 Greenfield Parade,Bankstown,NSW,2200,Australia,151.0334231,-33.9199158,+61 2 9722 9888,http://www.bankstownsports.com/brewhouse,NSW,8 Greenfield Parade
c9df8aa5-3a45-42fb-bac7-731e8aed32cb,Basic City Beer Co.,micro,1010 E Main St,Waynesboro,Virginia,22980-5855,United States,-78.87398588,38.0644451,8162713211,http://www.basiccitybeer.com,Virginia,1010 E Main St
1e03e945-7418-4d87-9e61-ca95542a4580,Basic City Beer Co. (Southside RVA),micro,212 W 6th St,Richmond,Virginia,23224,United States,,,8044474735,https://www.basiccitybeer.com/rva-map,Virginia,212 W 6th St
4d515475-dfce-446d-bf21-62a12a4021c3,Basket Case Brewing Co,brewpub,1340 Mill St,Jasper,Indiana,47546-2310,United States,-86.92850063,38.39736355,8124824345,http://www.basketcasebeer.com,Indiana,1340 Mill St
3be1e4b7-54d8-42f2-a49f-30a38b452570,Basset Breweries,micro,57 Club Lane,Pennington,KwaZulu-Natal,4184,South Africa,30.6865,-30.3876,+27 82 822 4434,https://www.bassetbreweries.co.za/,KwaZulu-Natal,57 Club Lane
66e4ffa1-88da-4a41-8bf3-fea86dbcaada,Bastard Brothers Brewing Company,micro,2114 Penta Dr,High Ridge,Missouri,63049-2684,United States,-90.503349,38.48282,3145203401,http://www.bastardbrothersbrewery.com,Missouri,2114 Penta Dr
469e0667-cecc-4e07-b27c-443a187baf51,Bastet Brewing,planning,,Tampa,Florida,33613-1254,United States,,,,http://www.bastetbrewing.com,Florida,
52f98458-5a40-43bc-88f7-f6dbc6b4cc95,Bastion Brewing Company,brewpub,12529 Christianson Rd,Anacortes,Washington,98221-8682,United States,-122.5708729,48.46080506,3603991614,http://www.bastionbrewingcompany.com,Washington,12529 Christianson Rd
e48f036b-e371-4e7e-b78f-08a976dc26db,Bastone Brewery,brewpub,419 S Main St,Royal Oak,Michigan,48067-2615,United States,-83.1440578,42.4836283,2485446250,http://www.bastone.net/br/bastone-brewery,Michigan,419 S Main St
e9ce69e2-13cf-48bd-81e2-10235db692aa,Batch Brewing Co,brewpub,1400 Porter St,Detroit,Michigan,48216-1934,United States,-83.088689,42.3184806,3133388008,http://www.BatchBrewingCompany.com,Michigan,1400 Porter St
a8fae596-9e28-4451-a881-2d44c33df418,Batch Brewing Co,micro,44 Sydenham Road,Marrickville,NSW,2204,Australia,151.1648777,-33.9118045,+61 2 9550 5432,http://www.batchbrewingco.com.au/,NSW,44 Sydenham Road
208f49b8-d747-4197-a6bc-234da030a523,Batch Brewing Co.,micro,44 Sydenham Road,Marrickville,NSW,2204,Australia,151.1648777,-33.9118045,+61 2 9550 5432,http://www.batchbrewingco.com.au/,NSW,44 Sydenham Road
a151f905-61b7-4be5-8ea9-4d2a121a3980,Batch Brewing Company,micro,44 Sydenham Road,Marrickville,NSW,2204,Australia,151.1648777,-33.9118045,+61 2 9550 5432,http://www.batchbrewingco.com.au/,NSW,44 Sydenham Road
a0fe534d-c9f1-4232-88cd-b918d16952d8,Batch Craft Beer and Kolaches,planning,,Austin,Texas,78723,United States,,,5124013025,http://www.batchatx.com,Texas,
b9371de8-5c61-41c2-b2dd-9d4f5fd6eae7,Bath Brewing Company,brewpub,141 Front St,Bath,Maine,04530,United States,-69.81414593,43.91408541,2075603389,http://www.bathbrewing.com,Maine,141 Front St
7166c5a7-c772-44de-b0e1-fea41d5b4368,Bathtub Row Brewing Co-op,micro,163 Central Park Sq,Los Alamos,New Mexico,87544-4029,United States,-106.3007594,35.8839054,5055008381,,New Mexico,163 Central Park Sq
8fa5ceba-e668-479e-9eb6-792be566eff2,Battered Boar Brewing Co,micro,14700 Metro Plaza Blvd Ste F,Edmond,Oklahoma,73013-1991,United States,-97.50849,35.619996,4052545000,http://www.batteredboar.com,Oklahoma,14700 Metro Plaza Blvd Ste F
183c07fd-e383-482c-ae49-3338cc4a086d,Battery Island Brewing Company,nano,101A N Washington St,Havre de Grace,Maryland,21078,United States,-76.0896568,39.5479443,4434170534,https://batteryislandbrewing.com/,Maryland,101A N Washington St
5d9e917f-4b58-41bf-9acb-a4d06fcacba5,Battery Steele Brewing,micro,1 Industrial Way Ste 12,Portland,Maine,04103-1072,United States,,,,http://www.batterysteele.com,Maine,1 Industrial Way Ste 12
b630a613-c4e9-4d35-a437-beef57df6fd7,Battle Born® Beer,contract,100 N Arlington Ave Ste 100,Reno,Nevada,89501-1233,United States,,,8183173128,http://battleborn.beer,Nevada,100 N Arlington Ave Ste 100
ef48afa5-9ac1-439c-851d-0fb04b43786f,Battle Brewery,micro,North Trade Road,Battle,East Sussex,TN33 0HN,England,0.457425,50.916346,1424772838,http://battlebrewery.co.uk/,East Sussex,North Trade Road
ee894df8-970e-4fcd-96fd-56a385f03aab,Battle Hill Brewing Company,micro,4 Charles Street,Fort Ann,New York,12827,United States,-73.48739346,43.41676935,5186391033,http://www.battlehillbrewing.com,New York,4 Charles Street
247f6183-0e55-4613-bd72-06d88eee5fed,Battle Mountain Brewing Co,brewpub,330 Third St,Castle Rock,Colorado,80104,United States,-104.859545,39.3721413,7202871961,https://www.battlemountaincr.com,Colorado,330 Third St
bbacaa05-6e27-4383-8e2d-f36e3f52b8d5,Battle Road Brewing Co,micro,5 Clock Tower Pl,Maynard,Massachusetts,01754-2530,United States,-71.45416113,42.43001225,9782985229,http://www.battleroadbh.com,Massachusetts,5 Clock Tower Pl
b5857838-ef52-47ed-b4e4-849a321374eb,Battlefield Brew Works,brewpub,248 Hunterstown Rd,Gettysburg,Pennsylvania,17325-7840,United States,,,7173982907,http://www.battlefieldbrewworks.com,Pennsylvania,248 Hunterstown Rd
aa5a338a-a6ac-46d1-9fb1-d376df65e0bb,Battlefield Brewing Co,brewpub,4187 Plank Rd,Fredericksburg,Virginia,22407-4896,United States,,,5407852164,,Virginia,4187 Plank Rd
cbe608f9-a825-478c-bdab-ef2359ab53c5,BattleHops Brewing,planning,,Katy,Texas,77494,United States,,,8323245284,http://www.battlehopsbrewing.com,Texas,
a3d48843-21ee-44be-9f51-d83784bf12f7,Battlemage Brewing Co,micro,2870 Scott St Ste 102,Vista,California,92081-8556,United States,-117.227634,33.140153,7602166425,http://www.battlemagebrewing.com,California,2870 Scott St Ste 102
299656e1-ccc9-4659-8fe8-e62b86be62eb,Batzen,regional,Via Andreas Hofer 30,Bolzano,Bolzano,39100,Italy,46.501855459782,11.357376358549,+39 0471 050 950,https://www.batzen.it/brauerei/,Bolzano,Via Andreas Hofer 30
4ed5d507-4af0-47ec-b3bf-a8a31ff7b9ca,Bauer's,closed,2 Am Straußenhof,Hohenaltheim,Bayern,86745,Germany,10.5369853,48.7834309,+49 9088 887,http://www.bauers-brauerei.de,Bayern,2 Am Straußenhof
24409440-5053-46e4-ab24-f2bf80bdb3fb,Bauerncafe Dieckmann,brewpub,49 Isendorf,Emsdetten,Nordrhein-Westfalen,48282,Germany,7.5251244,52.2051625,,http://www.bauerncafe-dieckmann.de,Nordrhein-Westfalen,49 Isendorf
c91fae81-7bd4-4a04-9759-4c5f2c39b940,Bauernhof- & Wintersportmusem,micro,5 Brunnbichl,Schliersee,Bayern,83727,Germany,11.8780282,47.7078404,+49 8026 929220,http://www.wasmeier.de,Bayern,5 Brunnbichl
45bf9811-0d89-40c3-a020-2d2638a0c932,Bauhaus Brew Labs,micro,1315 Tyler St NE,Minneapolis,Minnesota,55413-1530,United States,-93.237365,45.042082,6122976911,http://bauhausbrewlabs.com,Minnesota,1315 Tyler St NE
81010e86-c5d0-4c04-bbef-4e6fbb77f4ee,Bauhöfer,brewpub,12 Ullenburg Straße,Renchen,Baden-Württemberg,77871,Germany,8.0490726,48.580086,+49 7843 94740,http://www.ulmer-bier.de,Baden-Württemberg,12 Ullenburg Straße
af1b6148-1637-4deb-9a1b-9ca8084f2b1c,Baumer,closed,1 Marktplatz,Gars am Inn,Bayern,83536,Germany,12.2772244,48.1522585,+49 8073 1219,,Bayern,1 Marktplatz
d5242d91-383f-4831-8ecc-6a5f162c2366,Bauriedl,brewpub,21 Ludwig-Müller-Straße,Eslarn,Bayern,92693,Germany,12.5218042,49.5781911,+49 9653 274,,Bayern,21 Ludwig-Müller-Straße
2685a1c6-3058-4983-a713-0b3d79d2b75e,Bautzener Brauhaus,closed,7 Thomas-Mann-Straße,Bautzen,Sachsen,02625,Germany,14.4396638,51.1798022,+49 3591 491456,http://www.bautzener-brauhaus.de,Sachsen,7 Thomas-Mann-Straße
75cf7eb3-3c01-4977-9764-8d873bfadf3a,Bavaria Brouwerij,large,Heuvel 5,Lieshout,Noord-Brabant,5737 BX,Netherlands,5.5957611,51.5178125,+31 0499 425 585,http://www.bavariabrouwerijcafe.nl/,Noord-Brabant,Heuvel 5
e5b27570-2203-47b4-b92a-92e8eb46a4f8,Bavarian Bierhaus,brewpub,700 W Lexington Blvd,Glendale,Wisconsin,53217-4912,United States,-87.91923009,43.11415845,4142367000,http://www.thebavarianbierhaus.com,Wisconsin,700 W Lexington Blvd
f5d36db3-999a-49b8-84e0-7416f86bd23a,Bavarian Brothers Brewing,brewpub,164 Shepherd Grade Rd,Shepherdstown,West Virginia,25443-4601,United States,-77.804886,39.436699,3048762551,,West Virginia,164 Shepherd Grade Rd
e57c6575-ca4b-4de1-b06f-8e3cb47a308e,Bavarian Festbeer Brewery,brewpub,6 Brauhausgasse,Ebermannstadt,Bayern,91320,Germany,11.1872692,49.7794826,,http://www.festbeer-shop.com,Bayern,6 Brauhausgasse
660afef5-2ee1-4b7b-8057-f02aa86f77c1,Bavik - De Brabandere,micro,33 Rijksweg,Harelbeke,Vlaanderen,8531,Belgium,3.2988728,50.8628259,+32 56 71 90 91,http://www.brouwerijdebrabandere.be/,Vlaanderen,33 Rijksweg
e08458f9-f602-44c6-ae63-804f90527a73,Bavik-De Brabandere,micro,33 Rijksweg,Harelbeke,Vlaanderen,8531,Belgium,3.297966,50.862178,+32 56 71 90 91,http://www.brouwerijdebrabandere.be/,Vlaanderen,33 Rijksweg
9c9033e3-8657-4d05-af18-5bc1d3077810,Bawden Street Brewing Company,micro,325 Bawden St,Ketchikan,Alaska,99901-6502,United States,-131.644822,55.34321,9072254722,https://www.facebook.com/bawdenstreetbrewing,Alaska,325 Bawden St
b1b4c4b2-771a-472a-ae1b-faadb8cac5ef,Bax Bier,micro,"Friesestraatweg 201, 2a",Groningen,Groningen,9743 AC,Netherlands,6.5351487,53.2266548,+31 050 211 2040,http://baxbier.com/,Groningen,"Friesestraatweg 201, 2a"
8fb49b63-7bf4-489e-ab18-bf77a99dfc34,"Baxter Brewing Co, LLC",regional,130 Mill St,Lewiston,Maine,04240-7774,United States,-70.219607,44.09567728,2073336769,http://www.baxterbrewing.com,Maine,130 Mill St
b39a23d8-56f2-48a3-b505-3f460935ec54,Bay Brewing Company,planning,,Miami,Florida,33130-3488,United States,,,18134763767,,Florida,
decc7931-94cf-4acb-badc-4b3ab00736be,Bay Bridge Brewing Co,micro,688 Marsat Ct Ste B,Chula Vista,California,91911-4697,United States,-117.0830312,32.601264,6199347371,http://www.baybridgebrewing.com,California,688 Marsat Ct Ste B
ee153c57-00c1-4321-8ae7-473a3cb65fa2,Bay City Brewing Co.,micro,3760 Hancock St,San Diego,California,92110,United States,-117.2117833,32.7580759,6197274926,http://www.baycitybrewingco.com,California,3760 Hancock St
f954ebc8-030d-4bd7-9685-1ffd34ac3001,Bay Road Brewing,micro,89 Donnison Street,Gosford,NSW,2250,Australia,151.3399984,-33.4269598,+61 2 4322 3046,http://www.bayrdbrewing.com.au/,NSW,89 Donnison Street
eb869777-2904-4e42-bff5-c3251b88735a,Bay State Beer Company,micro,,Sturbridge,Massachusetts,01566-1568,United States,,,6174130939,http://www.baystatebeer.com,Massachusetts,
4439df5b-9bb6-4355-a56c-56908428fd67,Bayer,brewpub,15 Schulterbachstraße,Rauhenebrach,Bayern,96181,Germany,10.5868699,49.8846745,+49 9554 293,http://www.bayer-theinheim.de,Bayern,15 Schulterbachstraße
aebfde0b-a3a3-4a65-8fe3-0b513e76311d,Bayerische-Böhmische Brauhaus,brewpub,1 Schloßplatz,Tegernsee,Bayern,83684,Germany,11.7564449,47.7078106,+49 8022 18020,https://www.brauhaus-tegernsee.de/,Bayern,1 Schloßplatz
aec8a521-93d7-4df1-bc07-c1ed4e7cb8b9,Bayerisches Brauereimuseum,micro,20 Hofer Straße,Kulmbach,Bayern,95326,Germany,11.4697406,50.114645,+49 9221 80514,http://www.bayerisches-brauereimuseum.de,Bayern,20 Hofer Straße
54ada3c7-fba6-46dd-88e6-fa786dcd394d,Bayerisches Brauhaus,brewpub,12 St.Georgen Steige,Pforzheim,Baden-Württemberg,75175,Germany,8.7045533,48.886618,+49 7231 60080,http://www.brauhaus-pforzheim.de,Baden-Württemberg,12 St.Georgen Steige
ee95babd-8312-4f94-8c5a-a411c1dbd999,Bayern Brewing Inc.,micro,1507 Montana St,Missoula,Montana,59801-1409,United States,-114.0202088,46.8725952,4067211482,http://www.bayernbrewery.com,Montana,1507 Montana St
63c8059d-182d-4ca9-b13d-3bde3d07f249,Baylands,micro,22 Victoria Street,Lower Hutt,Wellington Region,5012,New Zealand,174.8733647,-41.2258218,+64 4 566 2337,https://www.baylands.beer/,Wellington Region,22 Victoria Street
fa0b9910-a718-4a33-ace8-59e9def925f6,Bayonet Cider Company,planning,,Pittsburgh,Pennsylvania,15206-5111,United States,,,5134841943,,Pennsylvania,
faabb5c6-fc44-4300-84cd-66f8af67e8fd,Bayou Teche Brewing,micro,1002 Noth Lane,Arnaudville,Louisiana,70512,United States,-91.925099,30.391754,3377545122,http://www.bayoutechebrewing.com,Louisiana,1002 Noth Lane
cd540d28-7c5b-41bd-9038-eafefaab017a,Bayrisch Brau Pub,brewpub,38 Frauentorstraße,Augsburg,Bayern,86152,Germany,10.8954085,48.3761694,+49 821 2970718,http://www.bayrisch-brau-pub.de,Bayern,38 Frauentorstraße
3c22ed80-90c4-4142-9a0a-0a0e3606ef1b,Bays,closed,89 Pascoe Street,Nelson,Nelson Region,7011,New Zealand,173.241461,-41.2955091,,,Nelson Region,89 Pascoe Street
a555dfc1-b1d9-407f-9635-f4fce3098c03,Bays Brewery,closed,89 Pascoe Street,Nelson,Nelson Region,7011,New Zealand,173.241461,-41.2955091,,,Nelson Region,89 Pascoe Street
6885d1ac-13d1-42ff-ac3d-2f866bedf605,Bayside Brewing Co.,micro,225 Christina St N,Sarnia,Ontario,N7T 5T7,Canada,,,,http://baysidebrewing.com,Ontario,225 Christina St N
b6a77bad-f595-40f7-9741-ed4c63d804e1,BBGB Brewery And Hop Farm,brewpub,2000 Orchard Rd,North Aurora,Illinois,60542-1674,United States,,,8479093072,http://www.eathardware.com/,Illinois,2000 Orchard Rd
47e8e2d1-e24b-416b-b75a-844b2e3e11fb,BBP Dansaert,micro,188 Rue Antoine Dansaert,Bruxelles,Brussels Capital Region,1000,Belgium,4.341909,50.852757,,http://beerproject.be/pages/dansaert-taproom,Brussels Capital Region,188 Rue Antoine Dansaert
7dfe1cd0-401a-46f2-a01f-3c74b0741eeb,BC Tree Fruits Cider Co. Brewery,cidery,880 Vaughan Ave,Kelowna,British Columbia,V1Y 7E4,Canada,-119.484,49.8942,,,British Columbia,880 Vaughan Ave
a30cdbff-d7d7-48b2-8aa1-90a25758ad02,BDD Brewing Company,micro,1147 Falls Rd Ste 107,Rocky Mount,North Carolina,27804,United States,-77.80208267,35.958026,9196327551,,North Carolina,1147 Falls Rd Ste 107
ad77c6d8-4801-47a3-b9a2-28cb708ba512,Beach Cat Brewing,micro,7876 Birch Bay Dr #101,Blaine,Washington,98230,United States,-122.7447863,48.92831088,3603668065,https://beachcatbrewing.com,Washington,7876 Birch Bay Dr #101
0585bea4-0b4b-4933-9770-df4c124618c7,Beach Chalet Brewing Co,brewpub,1000 Great Hwy,San Francisco,California,94121-3268,United States,-122.502981,37.7252994,4153868439,http://www.beachchalet.com,California,1000 Great Hwy
2ba06f5f-f88d-472c-a281-cea7f32c7d36,Beach Grease Beer Company,micro,1280 Activity Dr Ste B,Vista,California,92081,United States,-117.219665,33.14225042,,http://www.beachgreasebeerco.com,California,1280 Activity Dr Ste B
864c6024-1ead-484f-9a4c-71572c000060,Beach Haus Brewery,micro,801 Main St,Belmar,New Jersey,07719-2705,United States,-74.0251959,40.1812131,7322027782,http://Www.beachhausbeer.com,New Jersey,801 Main St
827042d6-0920-484e-94ae-6f8ef520cd74,BeachFly Brewing Company,planning,,Indian Harbour Beach,Florida,32937,United States,,,3214124900,,Florida,
4f5f6278-99db-45cf-9ed3-72744cd475d4,Beachside Brew Pub,micro,1368 Ocean Shore Blvd,Ormond Beach,Florida,32176-3630,United States,-81.057048,29.326634,3868465143,http://www.beachsidebrewpub.com,Florida,1368 Ocean Shore Blvd
dfefae25-ded6-4109-b6ed-e494a393dc07,Beachwood BBQ & Brewing,brewpub,210 E 3rd St Ste A,Long Beach,California,90802-3197,United States,-118.1909007,33.77017138,5624364020,http://www.beachwoodbbq.com,California,210 E 3rd St Ste A
8a7df4b6-5ea6-4ca2-bb72-8b9813cb1e62,Beachwood Blendery,micro,247 Long Beach Blvd,Long Beach,California,90802-3136,United States,-118.1894715,33.77015096,,http://beachwoodbbq.com/blendery.html,California,247 Long Beach Blvd
67b706ab-6f63-4178-a09c-fdd2119b6b32,Beachwood Brewing,micro,7631 Woodwind Dr Ste B,Huntington Beach,California,92647-7117,United States,-117.9953281,33.70446704,5103269575,http://www.beachwoodbbq.com,California,7631 Woodwind Dr Ste B
8f3af559-423d-42c8-903e-fe45750307cb,Beale St Brewing Co,planning,,Memphis,Tennessee,38104-6826,United States,,,9014917197,http://www.bealestbrewing.com,Tennessee,
797a05a9-52b7-4d53-b0fe-f89237eaffc5,Beale's,brewpub,510 Grove St,Bedford,Virginia,24523,United States,-79.51785,37.33585,,http://www.bealesbeer.com,Virginia,510 Grove St
81a41e48-68a4-4835-bf31-1d41fd16880a,Beamish and Crawford (Heineken),large,Leitrim Street,Cork,Cork,T23 VF78,Ireland,-8.4750739,51.9037117,353214503371,http://beamish.ie/,Cork,Leitrim Street
5703ac6f-9a97-4529-b62e-7034433e0636,Bear and Bramble Brewing Company,micro,10 Payson Ave # 1,Easthampton,Massachusetts,01027-2207,United States,,,,,Massachusetts,10 Payson Ave # 1
70141f89-287c-496b-8379-bdef1a8f4d0d,Bear Bones Beer,micro,2 Cottage St Ste 1,Bridgton,Maine,04009-1137,United States,,,2076478000,,Maine,2 Cottage St Ste 1
25a5fef8-192f-4cd3-95b2-9d0a903354f5,Bear Bones Beer,micro,43 Lisbon St,Lewiston,Maine,04240-7115,United States,-70.09605519,44.02012732,2072001324,http://www.bearbonesbeer.com,Maine,43 Lisbon St
09e6754a-6a78-486d-8baf-e47ea63612f7,Bear Chase Brewing Company,planning,,Bluemont,Virginia,20135,United States,,,,,Virginia,
c682b36a-29b9-429f-b109-e75251bb6cd8,Bear Creek Brews,micro,10538 Nc 902 Hwy,Bear Creek,North Carolina,27207-9269,United States,,,9192003930,http://www.bearcreekbrews.com,North Carolina,10538 Nc 902 Hwy
376a303a-2848-48d0-9878-dd693497abdd,Bear Empire,closed,975 Aka Aka Road,Aka Aka,Waikato Region,2682,New Zealand,174.7929662,-37.2927581,+64 27 298 3551,http://www.akaakabrewing.co.nz/,Waikato Region,975 Aka Aka Road
7ce869c5-a47a-4bab-ac9f-775ee05a0a2e,Bear Island Brewing Company,micro,1620 N Liberty St,Boise,Idaho,83704-7739,United States,-116.260854,43.620592,2089082496,http://www.bearislandbrewing.com,Idaho,1620 N Liberty St
c316f64a-b4d1-40f5-a5b3-65cc2498cbc5,Bear Republic Brewing Co,regional,345 Healdsburg Ave,Healdsburg,California,95448-4105,United States,-122.8713046,38.6110317,7074332337,http://www.bearrepublic.com,California,345 Healdsburg Ave
13209af8-ee4b-40f6-8396-17ecb6ff09ff,Bear Republic Brewing Co - Production facility,regional,110 Sandholm Ln Ste 10,Cloverdale,California,95425-4439,United States,-123.0108285,38.78169817,7078942722,http://www.bearrepublic.com,California,110 Sandholm Ln Ste 10
9d17cc50-aa5b-41a1-9aa7-2ae4dd82e743,Bear Republic Brewing Co Pub & Restaurant - Lakeside,brewpub,5000 Roberts Lake Rd,Rohnert Park,California,94928,United States,-122.7101405,38.3649703,7075852722,http://bearrepublic.com,California,5000 Roberts Lake Rd
05d9957f-92a7-4616-baeb-9f85fa170f22,Bear Roots Brewing Company,micro,1213 S Santa Fe Ave,Vista,California,92083-7230,United States,-117.226238,33.188251,7607264204,http://www.bearrootsbrewing.com,California,1213 S Santa Fe Ave
a24f319e-eb59-4658-b104-3437dbb34068,Beara Brewing Co.,micro,2800 Lafayette Rd,Portsmouth,New Hampshire,03801-5915,United States,-70.790732,43.027935,3475780585,http://www.bearairishbrew.com,New Hampshire,2800 Lafayette Rd
cfd1342e-ac6e-4c57-9d5c-c120c6d7468b,Beard Engine Brewing Co,micro,208 Main St,Alba,Missouri,64830,United States,-94.418276,37.248046,4174830709,,Missouri,208 Main St
955a2a30-363a-427e-ae1e-905be4de0829,Beard's Brewing Co.,micro,10408 Alaska Rd,Fort St. John,British Columbia,V1J 3X2,Canada,-120.8531309,56.2396479,12502624104,https://www.beardsbrewing.ca,British Columbia,10408 Alaska Rd
3a8c6632-e9df-4d42-9adb-a2cb5c6863c8,Bearded Fox Brewing Co.,micro,11729 Spring Cypress Rd Ste R,Tomball,Texas,77377-6063,United States,,,8327617928,http://www.beardedfoxbrewing.com,Texas,11729 Spring Cypress Rd Ste R
667547fa-dcf1-4b05-9f59-53c6c7a24847,Bearded Iris Brewing,micro,101 Van Buren St,Nashville,Tennessee,37208-1719,United States,-86.786174,36.181424,6159287988,http://www.beardedirisbrewing.com,Tennessee,101 Van Buren St
6bece4ab-f1f5-487e-a326-150ee9487d0b,Bearded Owl Brewing,brewpub,112 State St Ste 1A,Peoria,Illinois,61602-5121,United States,,,3093601980,,Illinois,112 State St Ste 1A
b4e2e758-52bb-4745-b36a-6732aae2a4c2,Beards Brewery,brewpub,215 E Lake St,Petoskey,Michigan,49770-2415,United States,-84.95425838,45.37533801,2317532221,http://www.beardsbrewery.com,Michigan,215 E Lake St
882b9abc-a864-42f2-9cc3-f35286b0aaec,Beards Brewery Production Facility,micro,6328 Ferry Ave,Charlevoix,Michigan,49720-9504,United States,-85.249116,45.304738,,,Michigan,6328 Ferry Ave
9ba20e75-2968-42ad-b08d-8241c134deeb,Beardslee Public House,brewpub,19116 Beardslee Blvd Ste 201,Bothell,Washington,98011-0202,United States,-122.1914046,47.7663209,4252861001,https://beardsleeph.com,Washington,19116 Beardslee Blvd Ste 201
b534a072-f086-416b-bfce-3efdcba1784b,Bearpaw River Brewing Co,micro,4605 E Palmer Wasilla Hwy,Wasilla,Alaska,99654-7679,United States,-149.4127103,61.5752695,,http://bearpawriverbrewing.com,Alaska,4605 E Palmer Wasilla Hwy
a2a4f05a-7e2d-4b7c-a22f-45f90db7d334,BearWaters Brewing Co,brewpub,101 Park St,Canton,North Carolina,28716-4319,United States,-82.843001,35.53137,8282734200,http://www.bwbrewing.com,North Carolina,101 Park St
204cdaa7-75b2-43dd-b8af-b63c9a7961dd,Beau's All Natural Brewing Co.,micro,10 Terry Fox Dr,Vankleek Hill,Ontario,K0B 1R0,Canada,,,6136785444.0,https://beaus.ca,Ontario,10 Terry Fox Dr
713bb4bb-a85b-490f-aae2-9d08fcdc094f,Beaver Beer Co,closed,307 Greens Farms Rd,Westport,Connecticut,06880-6227,United States,-73.311685,41.12587,,http://www.beaverbeer.com,Connecticut,307 Greens Farms Rd
112759fc-c374-4931-8624-0c487bd7820d,Beaver Brewery,micro,14 Tang Street,Coconut Grove,NT,810,Australia,130.8545911,-12.3997094,+61 412 089 948,https://www.beaverbrewery.com.au/,NT,14 Tang Street
571e446c-b17d-40ba-98b1-a60daa9bb961,Beaver Brewery At Mo's Place,brewpub,1908 Elm St,Beaver,Kansas,67525-9231,United States,-98.667933,38.639049,6205872350,http://www.mosbrewpub.com,Kansas,1908 Elm St
c0b53d0f-5c81-435b-920d-a193e02e1b73,Beaver Brewing Co,brewpub,1820 7th Ave,Beaver Falls,Pennsylvania,15010-4001,United States,-80.3192793,40.7650557,,http://www.beaverbrewingcompany.com,Pennsylvania,1820 7th Ave
ef663619-6faa-4478-b754-c54f6f5cc823,Beaver Creek Brewery,micro,104 W Oregon Ave,Wibaux,Montana,59353-8001,United States,,,4067952337,http://www.beavercreekbrewery.com,Montana,104 W Oregon Ave
2ca3add8-8d9b-4195-a269-5cc0d4afcc07,Beaver Island Brewing Company,micro,216 6th Ave S,Saint Cloud,Minnesota,56301-4304,United States,-94.15733312,45.5585455,3202535907,http://www.beaverislandbrew.com,Minnesota,216 6th Ave S
92089237-a5bc-40cc-b7c8-b666f1db822a,Beaver Street Brewery,brewpub,11 S Beaver St Ste 1,Flagstaff,Arizona,86001-5500,United States,,,9287790079,http://www.beaverstreetbrewery.com,Arizona,11 S Beaver St Ste 1
4fc62fdf-21cf-4b30-9f08-f40ee4ffac46,Beaverhead Brewing Co,micro,218 S Montana St,Dillon,Montana,59725-2438,United States,-112.6396875,45.21575351,4069880011,http://www.beaverheadbeer.com,Montana,218 S Montana St
40b45277-e99b-4068-894b-b4fb9fbf987f,Beavers Bend Brewery,micro,46 Coho Rd,Broken Bow,Oklahoma,74728-6765,United States,-94.7595504,34.1658072,5804943455,http://www.beaversbendbrewery.com,Oklahoma,46 Coho Rd
a93cdcc7-00f3-4f69-b089-74ee4143d982,Becher-Bräu,brewpub,25 St.-Nikolaus-Straße,Bayreuth,Bayern,95445,Germany,11.5519465,49.9385572,+49 921 68993,http://www.becherbraeu.de,Bayern,25 St.-Nikolaus-Straße
1746ec27-f2f6-4c15-a056-55d2b5cc0390,Beck,brewpub,8 Steigerwaldstraße,Lisberg,Bayern,96170,Germany,10.7250006,49.8948755,+49 9549 252,http://www.beck-braeu.de,Bayern,8 Steigerwaldstraße
46bca971-41fc-43d3-afda-8d3d27e433ef,Beck's,brewpub,20 Am Deich,Bremen,Bremen,28199,Germany,8.792207,53.0768437,+49 421 50940,https://www.becks.de/,Bremen,20 Am Deich
cf734c87-a964-471c-87a0-63b061c47645,Becker,brewpub,65 Ehringhausen,Remscheid,Nordrhein-Westfalen,42859,Germany,7.171935,51.1597771,+49 2191 3746280,http://www.wirtschaft-becker.de,Nordrhein-Westfalen,65 Ehringhausen
0b77f859-3790-499b-9d8a-13cb628363d8,Bedlam Brewery Ltd,micro,Plumpton Green,Lewes,East Sussex,BN7 3DH,England,-0.068698,50.948125,1273978015,https://bedlambrewery.co.uk/,East Sussex,Plumpton Green
047d4126-a132-4123-8e9a-aba351f31031,Bedlam Brewing LLC,brewpub,2303 N Augusta St,Staunton,Virginia,24401-2597,United States,-79.05582568,38.16800319,5402211305,http://www.facebook.com/Bedlam-Brewing-536957559822021,Virginia,2303 N Augusta St
53d076da-4ee2-491f-9513-f2bee77c3688,Bee's Knees Ale House,brewpub,106 W Jasper St,Versailles,Missouri,65084,United States,-92.835774,38.479374,5735392525,,Missouri,106 W Jasper St
4e43ccbc-bc47-405d-a48b-1d928c5ca462,Beech Mountain Brewing Company,micro,1007 Beech Mountain Pkwy,Beech Mountain,North Carolina,28604-8018,United States,-81.873356,36.16819584,8283872011,http://www.beechmountainresort.com,North Carolina,1007 Beech Mountain Pkwy
a0adf1e8-ce6a-4c06-a605-434032d6fa18,Beehive Basin Brewery,micro,245 Town Center Ave,Big Sky,Montana,59716,United States,-111.3037009,45.259632,4069957444,http://www.beehivebasinbrewery.com,Montana,245 Town Center Ave
98b4c7f1-cdf7-465b-a41c-ab456bfd6a61,Beer Army,brewpub,,New Bern,North Carolina,28564-3051,United States,,,2522885814,,North Carolina,
d5fd0450-160c-444f-a9b3-e027aed21cf4,Beer By Design Brewery,contract,11490 Jackson St,Thornton,Colorado,80233-2533,United States,-104.9417886,39.9285623,3035172202,http://www.beerbydesign.com,Colorado,11490 Jackson St
4d71267a-d27f-4322-afc6-403e860fc107,Beer Church Brewing Company,contract,24 S Whittaker St,New Buffalo,Michigan,49117-1820,United States,-86.74311848,41.79322148,2192413876,http://www.beerchurchbrewing.com,Michigan,24 S Whittaker St
d137a8cd-c65a-42c7-b537-b6e98b46c7af,Beer Engine,micro,107 Larrimore Ln,Danville,Kentucky,40422-1674,United States,-84.771328,37.6481,5024035680,http://www.kybeerengine.com,Kentucky,107 Larrimore Ln
3477a416-4704-4a80-835b-adcb220c64bb,Beer Fontaine,micro,1575B Botany Road,Botany,NSW,2019,Australia,151.2007962,-33.9524167,+61 2 7208 4486,http://beerfontaine.com.au/,NSW,1575B Botany Road
2fd04e11-b782-40c8-9d56-49698bbf2afa,Beer Garden Brewing,micro,28 London Street,Port Lincoln,SA,5606,Australia,135.8699779,-34.724806,+61 8 7530 1400,http://www.portlincoln.beer/,SA,28 London Street
ccad31bf-f381-4f58-a204-993f59e3029f,Beer Hound Brewery,contract,201 Waters Pl Apt 102,Culpeper,Virginia,22701-3102,United States,,,5403175327,,Virginia,201 Waters Pl Apt 102
6602e111-bb72-4ef6-90dc-bb720b8da5f6,Beer Hunter's,brewpub,Antinkatu 11,Pori,Satakunta,28100,Finland,21.7941,61.4864,+358 2 6415599,https://www.beerhunters.fi,Satakunta,Antinkatu 11
1bfba23f-2815-4f28-9d5d-37bca2306903,Beer Is Good Brewing Company,micro,216 E Main,Norman,Oklahoma,73069,United States,-97.4411294,35.2216069,4058577080,http://bigbrew.co,Oklahoma,216 E Main
bf244193-89cd-4321-906c-abda26f7199d,Beer Lab HI - Beretania,micro,1318 S Beretania St,Honolulu,Hawaii,96814-1512,United States,-157.84062241753,21.301160773613,8088880500,https://www.beerlabhi.com/beretania,Hawaii,1318 S Beretania St
cd6359e5-3449-49a1-aa3d-23e0bfc8b2d8,Beer Lab HI - Pearlridge,brewpub,98-1005 Moanalua Rd #884,Aiea,Hawaii,96701-4700,United States,-157.93993050588,21.383085776812,8087620027,https://www.beerlabhi.com/pearlridge,Hawaii,98-1005 Moanalua Rd #884
8b27739b-7bf1-4e11-ae31-920941115b64,Beer Lab HI - Puck's Alley,brewpub,2600 S King St #107,Honolulu,Hawaii,96826-3266,United States,-157.82140526171,21.292193299947,8087440253,https://www.beerlabhi.com/pucks,Hawaii,2600 S King St #107
bb4ba62d-f718-46d1-929b-3a8b4e96b80c,Beer Me Brewery,brewpub,Grand Parade,Eastbourne,East Sussex,BN21 3YN,England,0.291598,50.767006,1323729967,https://beermebrewery.co.uk/,East Sussex,Grand Parade
3c2c022b-b5c3-438e-b7fc-67b76b715f86,Beer Naked Brewery,brewpub,7678 VT-RTE 9,Marlboro,Vermont,05344,United States,,,8024647702,http://www.beernakedbrewery.com,Vermont,7678 VT-RTE 9
a8a27ab9-3403-4fa9-a852-ceb6fe938af4,Beer On Earth,micro,425 W Fountain St #104,Providence,Rhode Island,02903,United States,-71.4238514,41.8189698,4018850580,http://www.beeronearth.com,Rhode Island,425 W Fountain St #104
7aa429f1-a3c8-4ff8-b2c3-18a451dee621,Beer Religion,planning,,Winter Park,Florida,32792-5111,United States,,,,,Florida,
2d71ef89-cdf4-4e5a-b862-14aca5e47c93,"Beer Research Institute, The",brewpub,1641 S Stateley Dr Ste 104,Mesa,Arizona,85204,United States,,,4808922020,http://www.bri.beer,Arizona,1641 S Stateley Dr Ste 104
3e53001e-282d-4c9e-970e-0dfc10173651,Beer stand MARCA,brewpub,1-1-14 Sangenyanishi,Osaka,Osaka,551-0001,Japan,135.4799445,34.66768998,818021106099,https://beermarca.jp/,Osaka,1-1-14 Sangenyanishi
c9e49c03-2d0b-4e2c-95d1-78c3e24d4969,Beer Tasting Experience in Brussels,micro,49 Rue Montagne aux Herbes Potagères,Bruxelles,Brussels Capital Region,1000,Belgium,4.3570879,50.8496521,+32 2 881 01 78,https://www.beerexperiencebrussels.com/,Brussels Capital Region,49 Rue Montagne aux Herbes Potagères
0d1319b0-3903-4e0d-88a1-7994da395a3c,Beer Thug Brewing Company,micro,4400 Gage Ave,Bell,California,90201,United States,-118.18860164471,33.978161447335,2133068955,https://www.beerthugbrew.com/,California,4400 Gage Ave
36e42b14-6bb0-4bba-b9d4-662def2778a6,Beer Tree Brew Co,micro,197 Rte 369,Port Crane,New York,13833,United States,,,,http://www.beertreebrew.com,New York,197 Rte 369
b2acd8dd-3606-4794-bddb-db8e476f5ef2,Beer Valley Brewing Co,micro,937 SE 12th Ave,Ontario,Oregon,97914-4473,United States,-116.9539806,44.01504307,5418819088,http://www.beervalleybrewing.com,Oregon,937 SE 12th Ave
cbce47ad-2da8-4de9-806f-9c8e3fb39f76,Beerded Brothers Brewing,closed,106 W 6th St,Vancouver,Washington,98660,United States,-122.6718911,45.62576802,3606065806,http://www.beerdedbrothers.net,Washington,106 W 6th St
25ba48be-b514-4a04-9278-96dd6192e172,Beerfarm,micro,177 Gale Road,Metricup,WA,6280,Australia,115.1491063,-33.7866894,+61 8 9755 7177,http://www.beerfarm.com.au/,WA,177 Gale Road
09c40072-dae9-445b-a8e5-574ac4c9371a,Beerfoot Beach Bar,micro,2816 Avenue R 1/2,Galveston,Texas,77550-7742,United States,,,4097622337,http://www.yagaspresents.com/beerfoot/index.html,Texas,2816 Avenue R 1/2
c74f72b0-00a4-4e79-880c-31a80bbef261,BeerSecret,micro,3 Goudenleeuwplein,Gent,Vlaanderen,9000,Belgium,3.7234972,51.0544141,+32 472 60 47 46,http://www.beersecret.com/,Vlaanderen,3 Goudenleeuwplein
05e4c64b-b988-4303-a9a7-77afc9eed392,Beerstorming,micro,75 Chaussée d'Alsemberg,Saint-Gilles,Brussels Capital Region,1060,Belgium,4.343211,50.82435,+32 470 01 45 58,http://www.beerstorming.net/,Brussels Capital Region,75 Chaussée d'Alsemberg
6bd89d4b-cf1e-4498-99d4-857036cfe203,"Beg, Borrow & Brew",micro,20 Bond Street,Wellington,Wellington Region,6011,New Zealand,174.7756195,-41.2892342,+64 4 472 0033,http://www.forkandbrewer.co.nz/,Wellington Region,20 Bond Street
01883283-4a13-4857-9aad-e06298863ff3,Begyle Brewing,micro,1800 W Cuyler Ave Ste 1E,Chicago,Illinois,60613-3892,United States,,,7736616963,http://www.begylebrewing.com,Illinois,1800 W Cuyler Ave Ste 1E
78510c80-d335-404c-96f5-192557262ba7,Behemoth,contract,1A Charles Street,Auckland,Auckland,1024,New Zealand,174.7525195,-36.8706536,,https://www.behemothbrewing.co.nz/,Auckland,1A Charles Street
4179acc1-6db7-40e8-aa41-04a693599e25,Behringer,brewpub,35 Marktplatz,Vohenstrauß,Bayern,92648,Germany,12.3406698,49.6246699,+49 9651 9244604,https://www.brauerei-behringer.de/,Bayern,35 Marktplatz
8617a78e-e352-479d-adfd-8c1cb2aef36a,Belching Beaver Brewery,regional,1334 Rocky Point Dr,Oceanside,California,92056-5864,United States,-117.292416,33.2139275,7607321415,,California,1334 Rocky Point Dr
a349e5e8-16d6-47e1-8c62-4403a2709927,Belching Beaver Brewery Tavern & Grill,brewpub,302 E Broadway,Vista,California,92084-6020,United States,-117.241029,33.2021182,7605995832,,California,302 E Broadway
93cacbb3-3e6b-47a9-a446-43ad639e6762,Belching Beaver Brewery Vista,micro,980 Park Center Dr Ste A,Vista,California,92081-8351,United States,-117.2410328,33.20215305,7605995832,http://www.belchingbeaver.com,California,980 Park Center Dr Ste A
c351a7a3-6003-4573-962c-16d51a56bd53,Belding Brewing Company,planning,,Belding,Michigan,48809-1678,United States,,,6163086285,,Michigan,
ebb8c392-eddb-44c8-9561-44f9186b8518,Belfast Bay Brewing Co,contract,100 Searsport Ave,Belfast,Maine,04915-7221,United States,-68.9880177,44.4309432,2074608654,http://www.belfastbaybrewing.com,Maine,100 Searsport Ave
20ebe2cc-2803-4085-aada-cc38ea1a1f74,Belford Brewing Company,micro,84 Leonardville Rd,Belford,New Jersey,07718-1144,United States,,,7327697168,http://www.belfordbrewing.com,New Jersey,84 Leonardville Rd
6075a706-77e6-4a16-b999-90163ae36eee,BelgaBrew - Met Yvegem bier houd je de kerk in het midden! Santé!🍻,micro,68 Ingooigemplaats,Anzegem,Vlaanderen,8570,Belgium,3.4282362,50.8195539,+32 56 77 72 86,https://www.belgabrew.com/,Vlaanderen,68 Ingooigemplaats
7afc5765-2181-4793-bdcd-490da665ebe9,Belgian Beer World Experience,micro,80 Boulevard Anspach,Bruxelles,Brussels Capital Region,1000,Belgium,4.3499006,50.8482035,+32 2 880 47 00,https://www.belgianbeerworld.be/,Brussels Capital Region,80 Boulevard Anspach
ebea1e8c-c5a0-407f-a87c-adb16ed960cd,Belgian Brewers Museum,micro,10 Grand Place,Bruxelles,Brussels Capital Region,1000,Belgium,4.352523,50.8462191,+32 2 511 49 87,https://beermuseum.be/,Brussels Capital Region,10 Grand Place
43fd7230-116c-4c72-a9d3-5bd96411c362,Belgian Mare Brewery,closed,207 Gilsum Mine Rd,Alstead,New Hampshire,03602-3915,United States,-72.28542213,43.10984838,6038357801,http://www.belgianmare.com,New Hampshire,207 Gilsum Mine Rd
cf59373a-0f44-48dc-976f-2b92064e8df1,Belgian Moon,micro,28 Bathurst Street,Toronto,Ontario,M5V0R4,Canada,-79.40217,43.64096,416-384-9987,https://www.bluemooncanada.ca/en-CA,Ontario,28 Bathurst Street
9c87604e-a5ae-4a86-b40a-6fd47da53d35,Belgium Peak Beer,micro,123 Route de Botrange,Waimes,Région wallonne,4950,Belgium,6.1092891,50.4864161,+32 80 21 48 76,http://www.peakbeer.be/,Région wallonne,123 Route de Botrange
c0762027-9f7e-4f1c-a004-5d33fce51c30,Belgo Sapiens,closed,5 Rue du Travail,Nivelles,Région wallonne,1400,Belgium,4.3617726,50.589878,+32 67 33 99 17,http://www.belgosapiens.be/,Région wallonne,5 Rue du Travail
eaae81c0-c6ad-47e0-ad93-b110f803914a,Belgoo Brewery,micro,61 Georges Wittouck,Sint-Pieters-Leeuw,Vlaanderen,1600,Belgium,4.2792224,50.7904942,+32 475 69 24 60,http://www.belgoobeer.net/,Vlaanderen,61 Georges Wittouck
753c642c-4239-427f-a7e1-7c8d2d4f28e3,"Bell's Brewery, Inc",regional,8938 Krum Ave,Galesburg,Michigan,49053-9558,United States,,,2693822338,http://www.bellsbeer.com,Michigan,8938 Krum Ave
ddb10d3b-41f8-4a89-a91a-5e751230f8ec,Bell's Eccentric Cafe,brewpub,355 E Kalamazoo Ave,Kalamazoo,Michigan,49007-3807,United States,-85.57887292,42.29491555,2693822332,http://www.bellsbeer.com,Michigan,355 E Kalamazoo Ave
767cf890-0184-4c32-afd8-0260ce1a0f0b,Bella Casa Di Vino,brewpub,201 N Riverside Ave,Saint Clair,Michigan,48079-5491,United States,-82.48591,42.823895,8103261212,http://www.suescoffeehouse.com,Michigan,201 N Riverside Ave
5ce26e95-3deb-4b79-be7d-3d7962abc3f3,Belle Isle Restaurant and Brewing Co,brewpub,1900 NW Expressway Ste 44,Oklahoma City,Oklahoma,73118-1832,United States,-97.545912,35.522258,4058401911,http://www.belleislerestaurant.com,Oklahoma,1900 NW Expressway Ste 44
3c9196e9-95d7-4298-a5e0-872a9676fd2a,Belle-Vue,micro,144 Bergensesteenweg,Sint-Pieters-Leeuw,Région flamande,1600,Belgium,4.287223,50.798541,,http://www.ab-inbev.com/,Région flamande,144 Bergensesteenweg
ae40dc08-d065-4649-970a-08d653b75d91,Belle-Vue,micro,144 Bergensesteenweg,Sint-Pieters-Leeuw,Région flamande,1600,Belgium,4.2872451,50.7990111,,http://www.ab-inbev.com/,Région flamande,144 Bergensesteenweg
262a1ab1-6ea6-445e-bd22-5d56d3877287,Bellefonte Brewing Co,micro,3605 Old Capitol Trl Unit C7/C8,Wilmington,Delaware,19808-6043,United States,,,3025401055,http://www.bellefontebrewingco.com,Delaware,3605 Old Capitol Trl Unit C7/C8
e9c1c319-e977-4be2-9772-fc345b0b3078,Bellevaux,micro,1 Rue de la Foncenale,Malmedy,Région wallonne,4960,Belgium,6.00735,50.391892,+32 456 08 58 56,http://www.brasseriedebellevaux.be/,Région wallonne,1 Rue de la Foncenale
098131e3-d4fb-4b66-b969-525867ea43e8,Bellevue Brewing Spring District Brewpub,brewpub,12190 NE District Way,Bellevue,Washington,98005,United States,-122.1777366164,47.621516191743,4254978686,http://www.bellevuebrewing.com,Washington,12190 NE District Way
7bee8fbd-fb43-4c7a-a5b6-53c80d9f5ad3,Bellheimer,brewpub,20-22 Karl-Silbernagel-Straße,Bellheim,Rheinland-Pfalz,76756,Germany,8.2789512,49.189647,+49 7272 7010,http://www.bellheimer.de,Rheinland-Pfalz,20-22 Karl-Silbernagel-Straße
d91eef0b-b1b1-40f8-9895-b92c6e865027,Bellport Brewing Company,proprietor,,Rocky Point,New York,11778-8986,United States,,,6319094457,http://www.bellportbrewing.com,New York,
7554565b-edb0-4dbc-89b6-dda7b5f0ef3f,Bells,brewpub,27 Niederhutstraße,Bad Neuenahr-Ahrweiler,Rheinland-Pfalz,53474,Germany,7.0972532,50.5431775,+49 2641 900243,http://www.apbells.de,Rheinland-Pfalz,27 Niederhutstraße
d88e48bb-6bc9-46a6-a91f-56ec550e3262,Bells Beach Brewing,micro,22 Baines Crescent,Torquay,VIC,3228,Australia,144.3143953,-38.326986,+61 3 7019 8161,http://www.bellsbeachbrewing.com/,VIC,22 Baines Crescent
6c1b68ee-5a2c-4572-9412-aa97f5c174f6,Belltown Brewery,closed,200 Bell St,Seattle,Washington,98121-1716,United States,-122.3456669,47.6142953,2064857233,http://www.belltownbrewingseattle.com,Washington,200 Bell St
7258dd32-e31a-42a1-ad47-68b29e59bfef,Bellwether Brewing Co,micro,2019 N Monroe St,Spokane,Washington,99205-4542,United States,-117.4265497,47.67645574,5092808345,http://www.bellwetherbrewing.net,Washington,2019 N Monroe St
78a81456-1f2c-4d09-ba3a-0672073e82c0,Bellwoods Brewing - Hafis,micro,20 Hafis Rd,Toronto,Ontario,M6M2V7,Canada,-79.4693734,43.7067582,416.535.4586,http://www.bellwoodsbrewery.com/,Ontario,20 Hafis Rd
a22f3a90-0025-4f67-8d76-fc4e7df45ce5,Bellwoods Brewing - Ossington,micro,124 Ossington,Toronto,Ontario,M6J2Z5,Canada,-79.4201617,43.6470653,416.535.4586,http://www.bellwoodsbrewery.com/,Ontario,124 Ossington
3a6fa1f2-5baa-48b0-ab62-17580ee59c80,Belly Love Brewing Company,brewpub,725 E Main St,Purcellville,Virginia,20132-3178,United States,-77.7015903,39.1364247,5404413159,http://www.bellylovebrewing.com,Virginia,725 E Main St
1fcbc3b2-91be-4668-9519-e0ec141e1ec6,Belly Up Beer Company,micro,,Western Springs,Illinois,60558,United States,,,7088379762,http://www.bellyupbeer.com,Illinois,
b5c1920a-6015-4f9e-9ba6-58e654fe2138,Belmont Brewing Co,brewpub,25 39th Pl,Long Beach,California,90803-2806,United States,-118.1480454,33.759551,5624333891,http://www.belmontbrewing.com,California,25 39th Pl
0825c760-b25e-4d4d-ac6f-67498bffe8f6,Below the Radar Brewing Co,closed,220 Holmes Ave NE,Huntsville,Alabama,35801-4837,United States,-86.58583931,34.73272365,2564696617,http://www.btrbrew.com,Alabama,220 Holmes Ave NE
26751bfc-aaed-4c20-adf6-b0d51be2e6c7,Beltane,closed,96 Oxford Terrace,Christchurch,Canterbury Region,8011,New Zealand,172.6339697,-43.5339702,+64 210 770 719,https://canterburybrewerscollective.nz/,Canterbury Region,96 Oxford Terrace
3e8bc011-fde9-480c-aed4-b1aa9a99fa57,Beltway Brewing Company,micro,22620 Davis Dr Ste 110,Sterling,Virginia,20164-4470,United States,-77.4172876,38.9914289,5719892739,http://www.beltwaybrewco.com,Virginia,22620 Davis Dr Ste 110
e99c9fda-b861-4dc4-99bb-58b685654f4f,Bemidji Brewing Company,brewpub,211 America Ave NW,Bemidji,Minnesota,56601-3176,United States,-94.88482747,47.4699022,2184447011,http://www.bemidjibeer.com,Minnesota,211 America Ave NW
6483ac2b-301b-4d41-a61e-a0012c2007d7,Ben Middlemiss,closed,11 McDonald Street,Auckland,Auckland,1025,New Zealand,174.7375586,-36.8759389,+64 210 214 2287,https://www.batsmenbrewing.cool/,Auckland,11 McDonald Street
80fb35c8-eef8-49f7-8d97-ed0a432d52c3,Ben's Brewing Station,micro,719 Walnut Street,Yankton,South Dakota,57078-3542,United States,-97.39428007,42.8771861,6056619090,http://www.bensbrewing.shop,South Dakota,719 Walnut Street
db8a8a89-3084-4632-8215-36c9446426b5,Ben's Tune-Up / Ben's Beer,brewpub,195 Hilliard Ave,Asheville,North Carolina,28801-3616,United States,-82.5557931,35.5912756,8284247580,http://www.benstuneup.com,North Carolina,195 Hilliard Ave
ef1075c7-0384-4bfe-8034-2ba2e99a5a0c,Benchmark Brewing Co,closed,6190 Fairmount Ave Ste G,San Diego,California,92120-3428,United States,-117.1020694,32.78737066,6197952911,http://www.benchmarkbrewing.com,California,6190 Fairmount Ave Ste G
b644eedc-dda5-49a4-b05f-8baed4791d41,Benchtop Brewing Company,micro,1129 Boissevain Ave,Norfolk,Virginia,23507-1401,United States,-76.30742245,36.86493389,7573219482,http://www.benchtopbrewing.com,Virginia,1129 Boissevain Ave
66d441d7-df24-4f32-83be-9a80d9d63951,Bend Brewing Co,brewpub,1019 NW Brooks St,Bend,Oregon,97703-2018,United States,-121.3139312,44.06051115,5413831599,http://www.bendbrewingco.com,Oregon,1019 NW Brooks St
58d75aca-9aef-48d1-b81a-0d085c4f4da5,Bend Brewing High Desert,closed,20650 NE High Desert Lane,Bend,Oregon,97701,United States,-121.2914842,44.08727607,5413831599,,Oregon,20650 NE High Desert Lane
b91bc958-55d5-40d7-814b-0e395d8fac9a,Bender,closed,7-9 Kirchgasse,Mühlhausen,Bayern,92360,Germany,11.4442251,49.1686751,+49 9185 406,,Bayern,7-9 Kirchgasse
39e157a0-d45a-486e-b23e-17010910d1f1,Bendigo Brewing,micro,25 Farmer Lane,Bendigo,VIC,3550,Australia,144.2833465,-36.7554722,+61 429 232 928,https://www.bendigobrewing.com.au/,VIC,25 Farmer Lane
2740427b-cb76-4b45-bb8d-364e82541041,Benford Brewing Co.,micro,2271 Boxcar Rd,Lancaster,South Carolina,29720-9443,United States,,,,,South Carolina,2271 Boxcar Rd
71531995-c5a9-42fc-8e1e-04b3b57f13b5,"Bengal Brewing, LLC.",planning,,Spring Lake Park,Minnesota,55432-2802,United States,,,6125188146,http://www.BengalBrewingLLC.com,Minnesota,
903f91f9-2c57-4909-87f7-fa268e44d454,Benjamin Beer Co,closed,507 6th St,Racine,Wisconsin,53403-1117,United States,-87.78630172,42.72641512,2625832034,http://www.benjaminbeer.com,Wisconsin,507 6th St
74266e58-c60c-4eed-bb2a-e582ac87c18c,Bennidito's Brewpub,brewpub,1909 E Sprague Ave,Spokane,Washington,99202-3120,United States,-117.2178526,47.6571208,5092905018,http://www.benniditosbrewpub.com,Washington,1909 E Sprague Ave
05568be7-ce8c-4ce8-bcc0-571f87651359,Benno's Brauhaus,brewpub,4 Hammerstraße,Witten,Nordrhein-Westfalen,58452,Germany,7.3333927,51.4373684,+49 15565 571104,http://www.facebook.com/bennosbrauhaus/,Nordrhein-Westfalen,4 Hammerstraße
d20b7fb9-43a2-4ee6-bc77-46a26866cbfa,Benny Boy Brewing,micro,1821 Daly St,Los Angeles,California,90031,United States,-118.21606709577,34.064259318212,,https://bennyboybrewing.com/,California,1821 Daly St
709f000d-826d-45e8-ab4f-c89137a58790,Benny Brewing Co.,micro,1429 Sans Souci Pkwy,Wilkes Barre,Pennsylvania,18706-6025,United States,,,5702356995,http://www.martysblueroom.com,Pennsylvania,1429 Sans Souci Pkwy
d19a5bc3-75b2-4119-b18d-fec643a1a3bc,Benoit-Casper Brewing,micro,1201 Pennsylvania Ave Ste E,Richmond,California,94801-2300,United States,-122.3578637,37.94244029,4086953449,http://www.bcbrewing.com,California,1201 Pennsylvania Ave Ste E
c74f06ec-3978-451b-88b4-92d813b11903,Benson Brewery,brewpub,6059 Maple St,Omaha,Nebraska,68104-4050,United States,-96.00634511,41.28489756,4029348668,http://www.bensonbrewery.com,Nebraska,6059 Maple St
67b57b32-f216-4506-86eb-6ffd5ce23a00,Benson Brothers Brewing,micro,18 Translink Drive,Keilor Park,VIC,3042,Australia,144.848697,-37.7224426,+61 3 9336 7077,https://www.thebeerfactory.net.au/?utm_source=Google&utm_medium=Organic&utm_campaign=GMB,VIC,18 Translink Drive
82a77cad-f8b2-42ed-9427-ba12789ff73f,Bent Barley Brewing Co,micro,15416 E Orchard Rd,Centennial,Colorado,80016,United States,-104.8095432,39.6101371,3036906311,https://www.bentbarley.com/,Colorado,15416 E Orchard Rd
d246dbd2-5991-48f5-9e47-3bca8b6027f0,Bent Bine Brew Co. LLC,brewpub,23297 WA-3,Belfair,Washington,98394,United States,-122.83223,47.445115,8142739379,http://www.bentbine.com,Washington,23297 WA-3
449a1e99-45aa-40d0-a3a8-d825919641d6,Bent Brewstillery,micro,1744 Terrace Dr,Roseville,Minnesota,55113-1315,United States,-93.17364906,45.02557829,8448792368,http://www.bentbrewstillery.com,Minnesota,1744 Terrace Dr
11a4731f-5d28-410a-b5fe-a2302ea49e84,Bent Bridge Brewing,micro,141 Nicholson Street,Brunswick East,VIC,3057,Australia,144.9793033,-37.7716941,+61 3 9967 5232,http://www.bridgeroadbrewers.com.au/,VIC,141 Nicholson Street
f4431225-2c10-4479-9ece-0090a958c1c1,Bent Hill Brewery,micro,1972 Bent Hill Rd,Randolph,Vermont,05060-8833,United States,,,8022491125,http://www.benthilbrewery.com,Vermont,1972 Bent Hill Rd
bdd49c54-8f0c-4e5f-8757-802bed30d8c9,Bent Kettle Brewing Company,closed,1507 Montclair Pl,Fort Atkinson,Wisconsin,53538-3102,United States,-88.861232,42.9348495,9203909038,http://www.bentkettle.com,Wisconsin,1507 Montclair Pl
8b43bd7c-41f0-4865-a9cf-0d82a7b53dcb,Bent Paddle Brewing Co,regional,1912 W Michigan St,Duluth,Minnesota,55806-2135,United States,-92.1219171,46.7676912,2182792722,http://www.bentpaddlebrewing.com,Minnesota,1912 W Michigan St
5e6cbfb1-f958-47d5-9a19-d8a639216888,Bent River Brewing Co,brewpub,500 Jefferson St,Burlington,Iowa,52601,United States,-91.1052085,40.8106128,3192092773,http://www.burlingtonbentriver.com,Iowa,500 Jefferson St
457f03ac-e315-4d9a-9a66-f091e90698da,Bent River Brewing Co,brewpub,1413 5th Ave,Moline,Illinois,61265-1335,United States,-90.51736337,41.50590516,3097972722,http://www.bentriverbrewing.com,Illinois,1413 5th Ave
c542eae9-6b85-4583-84c4-cba24c0cd68c,Bent River Brewing Co Production & Tasting Room,micro,512 24th St,Rock Island,Illinois,61201-8928,United States,-90.5669283,41.5076339,3092834811,http://www.bentriverbrewery.com,Illinois,512 24th St
eeabc125-dc98-49cf-a9da-969ee820c348,Bent Run Brewing Co,brewpub,5607 SR 957,Lander,Pennsylvania,16345,United States,,,8147578269,http://www.bentrunbrewing.com,Pennsylvania,5607 SR 957
2daabc96-c1c4-4bbc-a784-a0720a5c96c3,Bent Shovel Brewing,micro,21678 S Latourette Rd,Oregon City,Oregon,97045-9453,United States,-122.421183,45.37878928,5038980220,http://www.bentshovelbrewing.com,Oregon,21678 S Latourette Rd
ec45b763-05a4-490d-8a78-956939c38c6e,Bent Shovel Brewing,micro,20179 S Springwater Rd,Oregon City,Oregon,97023,United States,-122.3922913,45.31388797,5038980220,http://www.bentshovelbrewing.com,Oregon,20179 S Springwater Rd
05d4fc7f-58bc-4cc0-b5f8-c6829b0f6d86,Bent Water Brewing Company,micro,180 Commercial St Ste 18,Lynn,Massachusetts,01905-3058,United States,,,,http://www.bentwaterbrewing.com,Massachusetts,180 Commercial St Ste 18
247d83f9-7df3-4842-afd7-4104946fb455,Bentonville Brewing Co,micro,1700 S 1st St,Rogers,Arkansas,72756-5923,United States,-94.1178372,36.3168272,4799037330,http://www.bentonvillebrewing.com,Arkansas,1700 S 1st St
f8f12185-fa7e-4442-a54c-d95544033a91,Bentspoke Brewing Co,micro,38 Mort Street,Braddon,ACT,2612,Australia,149.1320159,-35.2730566,+61 2 6257 5220,http://www.bentspokebrewing.com.au/,ACT,38 Mort Street
b3b6361d-6cc8-43a7-9d36-23537e4bbf33,BentSpoke Brewing Co.,micro,38 Mort Street,Braddon,ACT,2612,Australia,149.1320159,-35.2730566,+61 2 6257 5220,http://www.bentspokebrewing.com.au/,ACT,38 Mort Street
25a72c40-7b7c-4cb2-aa0d-1e4790931895,Berabecka Boandl-Bräu,brewpub,36 Hauptstraße,Aichach,Bayern,86551,Germany,11.127037,48.470683,+49 8251 52355,http://www.boandlbraeu.de,Bayern,36 Hauptstraße
97ad3cff-f0ad-4ba3-94cd-f150d79c788d,Berchman's Brewing Company,closed,25 N Front St Ste 2,Yakima,Washington,98901-2648,United States,,,5099521058,http://berchmansbrewingcompany.com,Washington,25 N Front St Ste 2
a4462335-d4e7-4e4d-b306-703aa8b37927,Berg,brewpub,2 Brauhausstraße,Ehingen (Donau),Baden-Württemberg,89584,Germany,9.7353128,48.2623255,+49 7391 771710,http://www.bergbier.de,Baden-Württemberg,2 Brauhausstraße
4b7fc8c9-464c-449f-9c6a-1ef990870184,Berg River Brewery,brewpub,34-36,Paarl,Western Cape,7646,South Africa,18.9781,-33.7214,+27 21 872 1308,https://www.bergriverbrewery.co.za/,Western Cape,34-36
a6c0ec91-a2a9-4485-92a5-7cd09f3bb92b,Bergbräu,brewpub,10 Rosenstraße,Uslar,Niedersachsen,37170,Germany,9.6421466,51.6591322,+49 5571 92220,http://www.bergbraeu.de,Niedersachsen,10 Rosenstraße
112f20d5-c6f8-40cc-b6df-4546d0052cc8,Berger,brewpub,3 Öttinger Straße,Reischach,Bayern,84571,Germany,12.7251573,48.2900526,+49 8670 218,http://www.brauerei-berger.de/,Bayern,3 Öttinger Straße
10ce0b22-d232-440c-bc1c-330a70d705ee,Berggasthof Sonne,closed,12 Imberg,Sonthofen,Bayern,87527,Germany,10.31413,47.4979723,,http://www.berggasthof-sonne.de,Bayern,12 Imberg
ec8700ac-6c55-4427-a64b-d30612a988fb,Berghammer,brewpub,55 Donaustraße,Bad Abbach,Bayern,93077,Germany,12.0172235,48.9480575,+49 9405 962176,http://www.brauerei-berghammer.de,Bayern,55 Donaustraße
c6f7015d-cd17-435f-bd87-c9b487843a52,Berghoeve Brouwerij,micro,Achteres 15,Den Ham,Overijssel,7683 SX,Netherlands,6.5180278,52.4661069,+31 06 18278345,http://www.berghoevebrouwerij.nl/,Overijssel,Achteres 15
46a0a7e7-d969-4005-936f-19de94e5f278,Bergmann,brewpub,2 Elias-Bahn-Weg,Dortmund,Nordrhein-Westfalen,44263,Germany,7.4880546,51.4891427,+49 231 9503901,http://www.harte-arbeit-ehrlicher-lohn.de,Nordrhein-Westfalen,2 Elias-Bahn-Weg
0b6ba94e-ab5c-4714-9a68-f92027cef3a3,Bergquell,brewpub,7 Weststraße,Löbau,Sachsen,02708,Germany,14.6596143,51.108704,+49 3585 47470,http://www.bergquell-loebau.de,Sachsen,7 Weststraße
f007364e-036a-4d4f-abed-400788920817,Bergschlösschen,brewpub,25 Cunnersdorfer Straße,Dresden,Sachsen,01189,Germany,13.707629,51.0159028,+49 351 40830,http://www.missionshof-lieske.de,Sachsen,25 Cunnersdorfer Straße
dcf991c9-6692-4346-a52a-b6e9ff25520e,Berkeley Springs Brewing Co,brewpub,110 Michigan Ln,Berkeley Springs,West Virginia,25411-3008,United States,-78.271156,39.576782,3042583369,http://www.berkeleyspringsbrewingcompany.com,West Virginia,110 Michigan Ln
fdc796fe-ad16-4995-ad31-c7e896422d47,Berkley Beer Company,micro,,Berkley,Massachusetts,02779-1101,United States,,,5083269954,http://www.berkleybeer.com,Massachusetts,
3cbbbfeb-a69b-4cea-be92-f7ae2808a1eb,Berkshire Brewing Co Inc,regional,12 Railroad St,South Deerfield,Massachusetts,01373-0096,United States,-72.61025086,42.47779797,4136656600,http://www.Berkshire-Brewing.com,Massachusetts,12 Railroad St
41962a71-dd2f-4aa8-9ec2-fd99dc0e684d,Berlin Brewing Company,micro,220 S White Horse Pike,Berlin,New Jersey,08009-1902,United States,-74.92998973,39.79199228,8563362038,http://www.berlinbrewco.com,New Jersey,220 S White Horse Pike
5e69d342-1efc-469e-bf8b-22d276c6d863,Berlin Craft Beer Experience,bar,Reichenberger Str. 176,Berlin,Berlin,10999,Germany,52.4995161,13.4168836,4915779216971,http://www.berlincraftbeerexperience.com/,Berlin,Reichenberger Str. 176
c75eb363-ba15-4f96-a3cf-d6462867a4e3,Berlin Craft Beer Experience,bar,Reichenberger Str. 176,Berlin,Berlin,10999,Germany,52.4995161,13.4168836,4915779216971,http://www.berlincraftbeerexperience.com/,Berlin,Reichenberger Str. 176
75a67b02-da04-4f9e-8cee-9381d152d17a,Berliner Berg Brauerei,brewpub,39 Treptower Straße,Berlin,Berlin,12059,Germany,13.4580395,52.4847416,+49 30 64435906,http://www.berlinerberg.com,Berlin,39 Treptower Straße
3b109373-3e38-4737-82d9-9ae954127df4,Berliner-Kindl-Schultheiss,brewpub,66-69 Indira-Gandhi-Straße,Berlin,Berlin,13053,Germany,13.469868,52.5425763,+49 30 96090,http://www.schultheiss.de,Berlin,66-69 Indira-Gandhi-Straße
74631351-c8b4-4395-b29e-0ad8fe8ab83a,BernardiBräu,brewpub,7 Kammeregger Weg,Rettenberg,Bayern,87549,Germany,10.3110528,47.5742673,+49 8327 9326180,http://www.bernardibraeu.de,Bayern,7 Kammeregger Weg
6540698e-cf27-41e2-8175-c810b172160e,Berryessa Brewing Co,micro,27260 State Highway 128,Winters,California,95694-9066,United States,-122.0032197,38.51383288,5303042202,http://www.berryessabrewingco.com,California,27260 State Highway 128
9e7c32bd-ac46-4e84-bfec-20a3be839c8e,Berthoud Brewing Company,micro,450 S 8th St Unit B,Berthoud,Colorado,80513,United States,,,9705329850,http://www.berthoudbrewing.com,Colorado,450 S 8th St Unit B
2a05ac59-f9f7-4dea-97a0-fdd35ab3b638,Bertinchamps Brewery,micro,4 Rue Bertinchamps,Gembloux,Région wallonne,5030,Belgium,4.6416153,50.5571613,+32 81 87 85 28,http://www.bertinchamps.be/,Région wallonne,4 Rue Bertinchamps
c495b454-6bbb-4f13-adb9-05d88e03136a,Bertrams Salmon Valley Brewery,brewpub,535 Main St,Salmon,Idaho,83467-4246,United States,-113.8932079,45.1751978,2087563391,http://salmonvalleybrewery.com,Idaho,535 Main St
6c10e5ba-1ebd-47b8-a4ce-c41603a6c662,Berts Brewing Co.,planning,,Orange,California,92867-6942,United States,-117.8704931,33.7500378,2069139711,,California,
8b33dd81-0c75-4be9-90c0-72d5ed79f436,Berwick Brewing Co,brewpub,328 W Front St,Berwick,Pennsylvania,18603-4757,United States,-76.2381632,41.05243327,5707524313,http://www.berwickbrewing.com,Pennsylvania,328 W Front St
b635b07f-9dba-4619-ac00-f17ca8313c43,Bespoke Brewing Company,brewpub,242 Gap Rd,Ronks,Pennsylvania,17572,United States,,,7172882255,https://www.bespokebrewingco.com,Pennsylvania,242 Gap Rd
6f148564-9296-4d6c-ac6b-44bad3765fd2,Best of Hands Barrelhouse,closed,7500 35th Ave SW,Seattle,Washington,98126,United States,-122.3763875,47.53628883,2067081166,https://www.bestofhandsbarrelhouse.com,Washington,7500 35th Ave SW
45e5c569-1abb-496c-a961-9d2f2686b2d3,Bestens Brewery Ltd,taproom,Church Lane,Horsham,West Sussex,RH13 6LU,England,-0.26049,51.041848,1403892556,https://www.bestensbrewery.co.uk/,West Sussex,Church Lane
8dcd6f88-53ee-4962-8558-bdaadade0da8,Better Half Brewing,closed,59 North Main St,Bristol,Connecticut,06010,United States,,,8602617062,https://www.betterhalfbrewing.com/,Connecticut,59 North Main St
e40105c1-c1d6-4350-884f-b28b0268be05,Betz,micro,15 Oberglaim,Ergolding,Bayern,84030,Germany,12.1127913,48.6092265,+49 8784 262,http://www.gasthaus-betz.de,Bayern,15 Oberglaim
420a01c4-0936-4181-8703-e51b6903e24c,Beurener Fels Brauerei,micro,Weiler Steige,Beuren,Baden-Württemberg,72660,Germany,9.4187429,48.5706148,,http://www.beurenerfelsbrauerei.de,Baden-Württemberg,Weiler Steige
c86f788e-63b2-44e6-a469-4b2e3a04ba22,Bevel Craft Brewing,planning,,Bend,Oregon,97701-4924,United States,-121.2917516,44.04614868,8313451922,http://www.bevelbeer.com,Oregon,
957afb07-a6ff-4ba3-9288-820bf0e7b107,Bewilder Brewing Co,brewpub,445 S 400 W,Salt Lake City,Utah,84101-2202,United States,-111.9017072,40.7594039,3855283840,https://bewilderbrewing.com,Utah,445 S 400 W
01e79aac-e955-4846-826e-1936e03bfd13,Beyond The Mountain Brewing Company,micro,6035 Longbow Dr Unit 109,Boulder,Colorado,80301-3203,United States,,,7574072346,http://www.btmbrewing.com,Colorado,6035 Longbow Dr Unit 109
9d994a2e-256e-48c8-ad38-d69aa67996bb,Beyond the Pale Brewing Company,micro,403 Churchill Ave N,Ottawa,Ontario,K1Z 5C2,Canada,,,6132803822.0,http://beyondthepale.ca,Ontario,403 Churchill Ave N
e5fc6a44-a2f0-4c19-82a7-cb160e3a7a86,Bhramari Brewhouse,micro,101 S Lexington Ave,Asheville,North Carolina,28801-3309,United States,-82.55191879,35.59166763,8282147981,http://www.bhramaribrewing.com,North Carolina,101 S Lexington Ave
e29bb9cb-e459-4aab-b24d-390bc235f4b7,Bias Brewing,micro,409 1st Ave E Ste B,Kalispell,Montana,59901,United States,,,4067303020,http://www.biasbrewing.com,Montana,409 1st Ave E Ste B
268bd37e-bfae-4eaf-979e-fd557a439759,Biber Brauerei,closed,32 Eifelring,Euskirchen,Nordrhein-Westfalen,53879,Germany,6.7902,50.65217,,http://www.biberbrauerei.de,Nordrhein-Westfalen,32 Eifelring
540900b0-9813-4c05-8288-523a448081b0,Bicheno Beer Co.,micro,57D Burgess Street,Bicheno,TAS,7215,Australia,148.3046867,-41.8759185,,https://www.bichenobeer.com.au/,TAS,57D Burgess Street
e0b1ae5f-45b1-46fe-ab8a-891a802a5e2e,Bicheno Brewing,micro,53a Burgess Street,Bicheno,TAS,7215,Australia,148.3043332,-41.8762315,+61 3 6375 1868,https://www.bichenobrewing.com/,TAS,53a Burgess Street
0f7cb775-114f-4c6f-ad6b-4a3552568d91,Bickerson's Brewhouse,micro,4710 NE 4th St #C105,Renton,Washington,98059,United States,-122.1555405,47.48904979,4254422347,https://www.bickersonsbrewhouse.com,Washington,4710 NE 4th St #C105
ec5747af-b192-4ca5-b875-285b25d69f61,Bickford Brewing Co,micro,292A Harbord Street,Toronto,Ontario,M6G1G6,Canada,-79.4151848,43.6605305,,https://bickfordbrewing.ca/,Ontario,292A Harbord Street
3175793e-d45a-4519-9a82-82f525bb7f54,Bicycle Craft Brewery,micro,1840 St Joseph Blvd,Ottawa,Ontario,K1C 7E6,Canada,,,,http://www.bicyclecraftbrewery.ca,Ontario,1840 St Joseph Blvd
11737bcc-a377-45ea-a0fd-8e2295429015,Bier Brewery and Taproom,micro,5133 E 65th St,Indianapolis,Indiana,46220-4816,United States,,,3176960200,http://www.bierbrewery.com,Indiana,5133 E 65th St
6b5ae555-89e4-4363-baac-a21e3e93a5d1,Bier Distillery,micro,5295 West River Dr NE Ste 100,Comstock Park,Michigan,49321-8030,United States,,,6168889746,http://bierdistillery.com,Michigan,5295 West River Dr NE Ste 100
73c446de-b63b-4975-922a-5c79bb2ebdc3,Bier en Karakter,micro,46 Slypsstraat,Moorslede,Vlaanderen,8890,Belgium,3.0826626,50.8734145,+32 456 24 01 18,http://www.hoevedumoulin.be/,Vlaanderen,46 Slypsstraat
80e9b35a-d269-4b0b-b103-68849afb477e,Bier Hannes,brewpub,568 Hanauer Landstraße,Frankfurt am Main,Hessen,60386,Germany,8.7680832,50.1332285,+49 69 412890,http://www.bier-hannes.de,Hessen,568 Hanauer Landstraße
c6f9f271-cdbd-4342-b2dd-8399a3cd6670,Bier One Brewing,brewpub,424 SW Coast Hwy,Newport,Oregon,97365-4930,United States,-124.0572864,44.6330765,5412654630,http://www.bier-one.com,Oregon,424 SW Coast Hwy
11ceebc9-8b61-4d50-97ea-9160f2236f5e,Bier-Schmiede,brewpub,88 Hauptstraße,Bendorf,Rheinland-Pfalz,56170,Germany,7.5775936,50.4229226,+49 2622 8954696,http://www.bierschmiede-bendorf.de,Rheinland-Pfalz,88 Hauptstraße
48e2f92a-744b-4c7b-8b02-30a784d4da3e,Bierblume,closed,8 Neißstraße,Görlitz,Sachsen,02826,Germany,14.9928298,51.1572274,+49 3581 6673313,http://www.bierblume-goerlitz.de/,Sachsen,8 Neißstraße
ba551dd6-4850-4682-841c-437673e43ddd,Bierbrauerei Dackel,brewpub,20 Am Mittelhafen,Münster,Nordrhein-Westfalen,48155,Germany,7.6424727,51.9511209,+49 251 74867004,http://www.dasdackel.de,Nordrhein-Westfalen,20 Am Mittelhafen
86dc9da0-8c8a-4f8b-bf48-efa70cd5a978,Bierbrauhaus,closed,3 Großdöbschützer Straße,Obergurig,Sachsen,02692,Germany,14.4177034,51.1267916,+49 35938 57684,http://www.bierbrauhaus.de,Sachsen,3 Großdöbschützer Straße
f033ae1e-6e3c-4e37-8b29-4943cfbe4b21,Bierbrouwerij De Koningshoeven,micro,Eindhovenseweg 3,Berkel-Enschot,Noord-Brabant,5056 RP,Netherlands,5.1294129,51.5425075,+31 013 535 8147,https://nl.latrappetrappist.com/nl/nl.html,Noord-Brabant,Eindhovenseweg 3
ff791d08-24c2-4f31-b9e5-4ceca362773d,Bierbrouwerij Emelisse,micro,Nieuweweg 7,Kamperland,Zeeland,4493 PA,Netherlands,3.708862,51.57543,+31 0113 370 262,http://www.restaurantdebrouwerij.nl/,Zeeland,Nieuweweg 7
1c13cd9e-684d-48c3-98d6-428d76a7dd42,Bierbrouwerij Maallust,micro,Hoofdweg 140,Veenhuizen,Drenthe,9341 BL,Netherlands,6.3875368,53.0332193,+31 0592 388 971,http://www.maallust.nl/,Drenthe,Hoofdweg 140
ca9de819-109c-462d-b1bd-214339f4325c,Bierbrouwerij Oijen,brewpub,Oijense Bovendijk 61,Oijen,Noord-Brabant,5394 LA,Netherlands,5.5310204,51.8104867,+31 0412 492 217,https://bierbrouwerij-oijen.nl/,Noord-Brabant,Oijense Bovendijk 61
f5e23510-be1e-4fbe-bbeb-175a25bf2412,Bierbrouwerij St. Christoffel,micro,Metaalweg 10,Roermond,Limburg,6045 JB,Netherlands,6.0504787,51.1686563,+31 0475 341 447,http://www.christoffelbieren.com/,Limburg,Metaalweg 10
4af8972b-a42f-43c7-a871-c28ba96f378a,Biercamp,brewpub,1643 S State St,Ann Arbor,Michigan,48104-4302,United States,-83.740111,42.2586786,7349952437,http://www.bier-camp.com,Michigan,1643 S State St
701239cb-5319-4d2e-92c1-129ab0b3b440,Bière de la Plaine,micro,16 Rue Saint Pierre,Marseille,Bouche du Rhône,13006,France,5.38767154,43.29366192,491473254,https://brasseriedelaplaine.fr/,Bouche du Rhône,16 Rue Saint Pierre
71ed116d-2a0c-405f-9595-66b00f37030d,Biere De Mac Brew Works,micro,14277 N Mackinaw Hwy,Mackinaw City,Michigan,49701-8622,United States,,,2314277007,http://www.bieredemac.com,Michigan,14277 N Mackinaw Hwy
74390e45-23b3-4989-baa9-21de59ebeeb8,Bierfabrik,brewpub,13 Karl-Liebknecht-Straße,Berlin,Berlin,10178,Germany,13.4079375,52.5225596,+49 30 30878989,http://www.berlinerbierfabrik.com,Berlin,13 Karl-Liebknecht-Straße
df527867-05b0-4b1c-b014-fe3eef2676ce,Bierfabrik Erzgebirge,brewpub,6 Bahnhofstraße,Pockau-Lengefeld,Sachsen,09514,Germany,13.1923206,50.7418794,+49 172 9598266,http://www.bierfabrik-erzgebirge.de,Sachsen,6 Bahnhofstraße
5b4eaf49-3385-4a08-9b42-5d5982708f3a,Bierhimmel,brewpub,100 Friedrich-Ebert-Straße,Fürth,Bayern,90766,Germany,10.9738569,49.4863733,+49 911 7873091,http://www.bierhimmel.bayern,Bayern,100 Friedrich-Ebert-Straße
7ff4982b-11b8-48f7-8faa-f85505caed1e,BIERkulturGUT,brewpub,2 Weiße-Tor-Straße,Philippsburg,Baden-Württemberg,76661,Germany,8.4536201,49.2366581,+49 179 2123094,http://www.bierkulturgut.com,Baden-Württemberg,2 Weiße-Tor-Straße
a7ea14a8-dc7d-4cd5-8314-7632451807fe,Bierly Brewing @ Eats and Treats,brewpub,1644 Main St,Philomath,Oregon,97370-9237,United States,-123.3625416,44.539936,5412575126,,Oregon,1644 Main St
8ad132fc-7e89-4dc0-b1e6-186e937b1d93,Biermanufaktur Dangel,closed,32 An der Bümmert,Eslohe (Sauerland),Nordrhein-Westfalen,59889,Germany,8.1864091,51.2803953,+49 160 8984516,http://www.biermanufaktur-dangel.de,Nordrhein-Westfalen,32 An der Bümmert
a98205b4-e51c-41df-b567-eb37a7cbff4a,Biermanufaktur Rotenburg,brewpub,7 Obertor,Rotenburg an der Fulda,Hessen,36199,Germany,9.7317962,50.9949722,+49 6623 9141220,http://www.bier-rotenburg.de,Hessen,7 Obertor
fdd8c0de-3556-4f49-b02a-494559a43e9f,Biermanufaktur Sparifankal,brewpub,7 Zechenstraße,Peiting,Bayern,86971,Germany,10.9442663,47.7849731,+49 171 8097979,http://www.sparifankal.de,Bayern,7 Zechenstraße
80a4dc31-7d52-4eee-b40b-adc0687e6935,Bierprojekt Landau,closed,8 Mühlweg,Siebeldingen,Rheinland-Pfalz,76833,Germany,8.0466194,49.2093826,,http://www.bierprojekt-landau.de,Rheinland-Pfalz,8 Mühlweg
c3d41248-80ed-4c14-8078-c100308e5450,Bierstadt Lagerhaus,brewpub,2875 Blake St,Denver,Colorado,80205-2210,United States,-104.9838084,39.7630094,7205707824,http://www.bierstadtlager.com,Colorado,2875 Blake St
0a857d52-3744-4f42-ab40-5598ea2dcff5,Bierwerk Gerstenfux,closed,40 Oberensinger Straße,Nürtingen,Baden-Württemberg,72622,Germany,9.3456679,48.6405257,+49 7022 7864015,http://www.bierwerkgerstenfux.de,Baden-Württemberg,40 Oberensinger Straße
16b4e7be-07b1-4846-81e8-a94acab94f65,Bierwerk Kreativbrauerei / Hausbrauerei Wohlfart,brewpub,2a Bründeläckerstraße,Lauf an der Pegnitz,Bayern,91207,Germany,11.2177723,49.5309956,+49 162 2801313,http://www.bierwerk.bayern,Bayern,2a Bründeläckerstraße
58bbeef3-65a9-4cdf-b2f3-0acb2c53f1f8,BierWerks,brewpub,121 E. Midland Ave,Woodland Park,Colorado,80863,United States,-105.0519462,38.9941414,7196868100,http://www.bierwerks.com,Colorado,121 E. Midland Ave
6baafd1a-3faf-41f6-bce8-7f9c223b2d1c,Big Alice Brewing Company,micro,808 43rd Rd,Long Island City,New York,11101-6820,United States,,,3476882337,http://www.bigalicebrewing.com,New York,808 43rd Rd
97bb99d6-94da-4f54-8fe7-9d7d7f102556,Big Ash Brewing Company,planning,,Cincinnati,Ohio,45244-3244,United States,,,5133079688,http://www.BigAshBrewing.com,Ohio,
03fe4348-0e01-446b-81af-dda8167284e8,Big Axe Brewing Company,brewpub,25435 Main St,Nisswa,Minnesota,56468-5001,United States,-94.2891095,46.5199477,2189612337,http://www.bigaxebrewing.com,Minnesota,25435 Main St
b9237ad4-42fd-43e1-a953-19fc451f9601,Big Barn Brewing Co / Bodacious Berries Fruits and Brews,micro,16004 N Applewood Ln,Mead,Washington,99021-7818,United States,-117.266079,47.80652793,5097102961,http://www.bigbarnbrewing.com,Washington,16004 N Applewood Ln
1dc47da7-faa4-498f-8e97-e83e74d1c79d,Big Beach Brewing Company,micro,300 E 24th Ave,Gulf Shores,Alabama,36542-3104,United States,-87.683039,30.278051,2519482337,http://www.bigbeachbrewing.com,Alabama,300 E 24th Ave
1a67833a-71e7-482e-9f85-9726583aceb7,Big Bear Brewing Co,brewpub,1800 N University Dr,Coral Springs,Florida,33071-6031,United States,-80.2505088,26.2992083,9543415545,http://www.bigbearbrewingco.com,Florida,1800 N University Dr
6ce0f40e-a10e-4dde-82a6-c51662b2fe09,Big Bear Lake Brewing Co,brewpub,40827 Stone Rd,Big Bear Lake,California,92315,United States,-116.9110287,34.2425583,9098780283,http://www.bblbc.com,California,40827 Stone Rd
08d14e79-430e-448f-a264-7bc200af83d5,Big Bear Mountain Brewery,brewpub,40260 Big Bear Blvd,Big Bear Lake,California,92315,United States,-116.923042,34.23876062,9098662337,http://www.mountainbrewery.com,California,40260 Big Bear Blvd
1b8be5f6-7f57-4a6e-830a-3d565e2e03d7,Big Beaver Brewing Co,micro,2707 W Eisenhower Blvd Ste 9,Loveland,Colorado,80537-3141,United States,,,9708186064,http://www.bigbeaverbrew.com,Colorado,2707 W Eisenhower Blvd Ste 9
5fe8f212-8c52-4183-85ff-687307298047,Big Bend Brewing Co,micro,3401 W Highway 90,Alpine,Texas,79830-4127,United States,,,4328373700,http://www.bigbendbrewing.com,Texas,3401 W Highway 90
d05957b0-56af-4e14-8e32-326fa3769253,Big Block Brewing,micro,3310 E Lake Sammamish Pkwy SE,Sammamish,Washington,98075-7497,United States,-122.07474,47.57926212,4254570515,https://www.bigblockbrewery.com/sammamish-taproom,Washington,3310 E Lake Sammamish Pkwy SE
67d3c520-42cb-481f-9256-dfb29c62c3b4,Big Block Brewing - Carnation Taproom,micro,4534 Tolt Ave,Carnation,Washington,98014-7627,United States,-121.9136604029,47.648469887927,4255490018,https://www.bigblockbrewery.com/carnation-taproom,Washington,4534 Tolt Ave
e4631ae5-8fbe-4576-8d03-cd284bec84cd,Big Block Brewing - Redmond Taproom,micro,14950 NE 95th St,Redmond,Washington,98052-2500,United States,-122.1410868,47.68654123,4256583644,https://www.bigblockbrewery.com/redmond-taproom,Washington,14950 NE 95th St
b9f816db-8d71-4be2-9370-5100c2b1257a,Big Blue Brewing,brewpub,4721 SE 10th Pl,Cape Coral,Florida,33904-9168,United States,-81.95242639,26.56445895,9737693294,http://www.bigbluebrewing.com,Florida,4721 SE 10th Pl
5071d551-c086-4480-a57f-d2dbfcd7fbcc,Big Boiler Brewing,brewpub,318 E Main St,Lowell,Michigan,49331-1714,United States,-85.33655351,42.93462931,6169873155,http://bigboilerbrewing.com,Michigan,318 E Main St
b1813df6-ffad-4604-b909-874bfb56e41b,Big Boss Brewing Co,micro,1249 Wicker Dr Ste A,Raleigh,North Carolina,27604-1683,United States,,,9198340045,http://www.bigbossbrewing.com,North Carolina,1249 Wicker Dr Ste A
4dd9752b-954d-41fa-b899-c3e26aef7812,Big Bottom Brewery,micro,6 Tristan Dr,Dillsburg,Pennsylvania,17019-1627,United States,,,7175028800,http://www.facebook.com/bigbottombrewery,Pennsylvania,6 Tristan Dr
b203b9a5-a84a-461f-a64a-938adf44a7d4,Big Cat Brewing Company,brewpub,8699 S Good Harbor Trl,Cedar,Michigan,49621-8580,United States,-85.79311511,44.85319287,2312282282,http://www.bigcatbrewingco.com,Michigan,8699 S Good Harbor Trl
b2ad6e2c-1bdc-45df-a0bc-c8e075949e75,Big Choice Brewing Co,micro,21 S 1st Ave,Brighton,Colorado,80601-1603,United States,-104.822433,39.98642943,3034692616,http://www.bigchoicebrewing.com,Colorado,21 S 1st Ave
8c42a9fc-a6c9-4c26-a0d3-0bf8c94be918,Big Data Brewing Company LLC,planning,,Sterling,Virginia,20165-7227,United States,,,5713088293,http://www.bigdatabrewco.com/,Virginia,
5db014b6-be92-4c4d-b95e-f5156550ad05,Big Ditch Brewing Company,micro,55 E Huron St,Buffalo,New York,14203-1632,United States,-78.8709352,42.888031,7168545050,http://www.bigditchbrewing.com,New York,55 E Huron St
2c048f27-d9fc-4117-ae9a-c3c79ea2470e,Big Dog's Brewing Co,brewpub,4547 N Rancho Dr Ste A,Las Vegas,Nevada,89130-3432,United States,,,7023683715,http://www.bigdogsbrews.com,Nevada,4547 N Rancho Dr Ste A
36840152-444d-4615-b422-752e0e0bf044,Big Draft Brewing,micro,697 Main St E,White Sulphur Springs,West Virginia,24986-3003,United States,-80.3001175,37.7945598,3049152442,https://bigdraftbrewing.com/,West Virginia,697 Main St E
0aff7bc2-29eb-4127-b80c-d5fc3e05274a,Big Elm Brewing,micro,65 Silver St,Sheffield,Massachusetts,01257,United States,-73.351236,42.093595,4132292348,http://www.bigelmbrewery.com,Massachusetts,65 Silver St
4e558cde-490f-4c49-b0c0-28d3abb9458b,Big Frog Brewing Company,micro,2122 Dayton Blvd,Red Bank,Tennessee,37415-6414,United States,-85.31017603,35.0916037,4238039046,http://www.bigfrogbrewery.com,Tennessee,2122 Dayton Blvd
b1040378-9992-4329-90d8-989fabdf5097,Big Grove Brewery,micro,1225 S Gilbert St,Iowa City,Iowa,52240-4507,United States,-91.53189828,41.64713299,3195941891,http://www.biggrovebrewery.com,Iowa,1225 S Gilbert St
7541c361-f556-481e-905f-172dab289cce,Big Grove Brewery & Tap Room,brewpub,1225 S Gilbert St,Iowa City,Iowa,52240-4507,United States,-91.53189828,41.64713299,3196242337,,Iowa,1225 S Gilbert St
bb73393e-c239-49d4-a902-1eb9812b5665,Big Growler,closed,20 Bond Street,Wellington,Wellington Region,6011,New Zealand,174.7756195,-41.2892342,+64 4 472 0033,http://www.forkandbrewer.co.nz/,Wellington Region,20 Bond Street
f59742d0-8848-414d-a1e1-59b428315374,Big Hart Brewing Company,brewpub,4086 W Polk Rd,Hart,Michigan,49420-8172,United States,,,2313018226,http://www.bighartbrewing.com,Michigan,4086 W Polk Rd
eefcf946-59e2-4ad0-ac41-955cffa9f701,Big Head Brewing Co.,micro,6204 W State St,Milwaukee,Wisconsin,53213-2906,United States,-87.9201437,43.0429687,6082359636,http://www.bigheadbrewingco.com,Wisconsin,6204 W State St
f5a551d7-6af0-418e-bec2-0f16044bb3f2,Big Horse Brewpub,brewpub,115 State St,Hood River,Oregon,97031-2315,United States,-121.5120956,45.7079528,5413864411,http://www.bighorsebrewpub.com,Oregon,115 State St
f8f6a528-f887-48dd-a161-1ad325233a3e,Big House Brew Pub,brewpub,11 S Palouse St,Walla Walla,Washington,99362-1925,United States,-118.334839,46.06937,5095222440,https://www.bighousebrewpub.com,Washington,11 S Palouse St
dcc9cdb6-415f-4783-aa42-c5cfb7664dc6,Big Inlet Brewing,planning,,Mayville,New York,14757-9730,United States,,,7165737564,http://www.biginletbrewing.com,New York,
d2699492-6d8c-492d-a52d-e71342e717ca,Big Island Brewhaus,brewpub,64-1066 Mamalahoa Hwy Unit 5,Kamuela,Hawaii,96743-7309,United States,-155.661471,20.025552,8088871717,http://www.bigislandbrewhaus.com,Hawaii,64-1066 Mamalahoa Hwy Unit 5
4383b079-c8fe-49c0-9999-9ff23a8f4f8e,Big Lake Brewing,micro,13 W 7th St,Holland,Michigan,49423-2821,United States,-86.10791587,42.79149405,6167968888,http://www.biglakebrewing.com,Michigan,13 W 7th St
0a229c47-5c8f-46e8-bf5c-e9866e006341,Big Lake Brewing Production Facility,micro,166 E 19th St,Holland,Michigan,49423-4230,United States,-86.09988824,42.78029471,,,Michigan,166 E 19th St
4445772e-e9d6-41c3-80cd-d5f4b70e7825,Big Leaf Brewing,micro,1320 Durkees Ferry Rd,West Terre Haute,Indiana,47885-9626,United States,,,8122812187,,Indiana,1320 Durkees Ferry Rd
eccf5719-1dea-4661-b675-e862c8f3d475,Big Lick Brewing Company,micro,409 Salem Ave SW,Roanoke,Virginia,24016,United States,-79.94873144,37.2724144,5405628383,http://www.biglickbrewingco.com,Virginia,409 Salem Ave SW
98d91c43-a67c-446f-9a59-6398e4fa5281,Big Little Brewing,micro,7 Kirrawee Road,Gosford,NSW,2250,Australia,151.3429875,-33.4113839,+61 494 192 303,http://www.biglittlebrewing.com.au/,NSW,7 Kirrawee Road
36215801-9e64-49fa-9ad8-b80649d7de07,Big Lost Meadery and Brewery,micro,105 Warren Ave,Gillette,Wyoming,82716-3727,United States,-105.5046114,44.2866583,3076708100,http://www.biglostmeadery.com,Wyoming,105 Warren Ave
f00adb8d-12dc-45ef-852e-57d10d79f7ff,Big Lug Canteen,brewpub,1435 E 86th St,Indianapolis,Indiana,46240-1911,United States,-86.079957,39.912628,,,Indiana,1435 E 86th St
13508268-325c-40ae-b1da-c7a4a295c6cb,Big Muddy Brewing Co,micro,1430 N 7th St,Murphysboro,Illinois,62966-3938,United States,-89.33204055,37.78182292,6186848833,http://www.bigmuddybrewing.com,Illinois,1430 N 7th St
11121ed7-befa-45c6-9e9a-500d4bbff5a4,Big Niles Brewing Co.,micro,1A Mort Avenue,Dalmeny,NSW,2546,Australia,150.1102596,-36.1688167,+61 418 813 237,https://www.bignilesbrewingco.com.au/,NSW,1A Mort Avenue
62b7e476-a41e-4d17-a57a-e3658fc9224c,Big Rack Brew Haus,micro,2475 Hiatt Apple Trl,Winterset,Iowa,50273-8113,United States,-93.923386,41.286503,,http://www.bigrackbrewhaus.com,Iowa,2475 Hiatt Apple Trl
8c9f84a1-485e-4ccc-92c1-e8bd54b2e246,Big Ridge Brewing Company,closed,5580 152nd St,Surrey,British Columbia,V3S 5J9,Canada,-122.8008912,49.1041652,,,British Columbia,5580 152nd St
b6988045-ad5b-4efd-863f-27b605894ea7,Big Rig Brewery,brewpub,2750 Iris St,Ottawa,Ontario,K2C 1E5,Canada,,,6137260100.0,http://bigrigbrewery.com,Ontario,2750 Iris St
068bdaad-c6e9-47b2-a3f8-fbdf24c059b6,Big Rip Brewing Company,micro,216 E 9th Ave,North Kansas City,Missouri,64116-4315,United States,-94.57786,39.1261133,8168660747,http://www.bigripbrewing.com,Missouri,216 E 9th Ave
8db35211-a4ca-44d7-a6dd-a31c3e2ead66,"Big River Brewery, LLC",micro,505 W Nolana Loop,Pharr,Texas,78577-8345,United States,,,9565661455,,Texas,505 W Nolana Loop
002012b4-afef-4e35-95bf-56930dbc599e,Big River Grille & Brewing Works - Chattanooga,closed,222 Broad St,Chattanooga,Tennessee,37402-1009,United States,-85.31070875,35.05387554,4232672739,http://www.craftworksrestaurants.com,Tennessee,222 Broad St
077585a3-1bbb-46fa-90ac-6494765afc75,Big River Grille & Brewing Works - Disney,brewpub,2101 Epcot Resorts Blvd,Lake Buena Vista,Florida,32830-8442,United States,,,4075600253,http://www.craftworksrestaurants.com,Florida,2101 Epcot Resorts Blvd
f0570db4-92b3-4b86-8b98-9628d917ffcc,Big Rock Chop House & Brewery,contract,245 S Eton St,Birmingham,Michigan,48009-6577,United States,-83.19603911,42.54693868,2486477774,http://www.bigrockchophouse.com,Michigan,245 S Eton St
63356683-db1c-4f75-9bb5-98a0d4adf722,Big Rock Urban Brewery - British Columbia Brewery,closed,310 W 4th Ave,Vancouver,British Columbia,V5Y 1H3,Canada,-123.110776,49.2674915,,https://bigrockurban.com,British Columbia,310 W 4th Ave
6f458334-b27f-4637-bbef-08902a118637,Big Sexy Brewing Company,micro,5861 88th St Ste 800,Sacramento,California,95828-1131,United States,-121.3757237,38.52149864,9163747332,http://www.bigsexybrewing.com,California,5861 88th St Ste 800
e0c54ca2-410c-4279-86da-1c10b44e2f2b,Big Shed Brewing Co,micro,1154 Old Port Road,Royal Park,SA,5014,Australia,138.5107437,-34.8649329,+61 8 8240 5037,http://www.bigshed.beer/,SA,1154 Old Port Road
c0bc0f33-14bc-4a3c-b056-176cf994a79e,Big Shed Brewing Concern,micro,1154 Old Port Road,Royal Park,SA,5014,Australia,138.5107437,-34.8649329,+61 8 8240 5037,http://www.bigshed.beer/,SA,1154 Old Port Road
96e9ab03-28cd-4240-9ad6-5e49f716d1a0,Big Sioux Brewing Company,planning,,Humboldt,South Dakota,57035-6106,United States,,,,,South Dakota,
9f87a804-b9ce-4264-9cc1-c8f6edfdb83f,Big Sky Brewing Co,regional,5417 Trumpeter Way,Missoula,Montana,59808-8680,United States,-114.0730248,46.9224156,4065492777,http://www.bigskybrew.com,Montana,5417 Trumpeter Way
d5e9205f-ff1f-4cd2-9eec-2844197449f1,Big Slide Brewery,brewpub,5686 Cascade Road,Lake Placid,New York,12946,United States,-73.96977615,44.26461237,5185237844,http://www.bigslidebrewery.com,New York,5686 Cascade Road
20a11408-a1f1-408c-89c0-aef4faef79c4,Big Storm Brewing,micro,839 Miramar St,Cape Coral,Florida,33904-9046,United States,-81.9557454,26.5609342,,,Florida,839 Miramar St
881c39be-bb1c-4517-ad04-f6bd052fd74c,Big Storm Brewing,micro,2330 Success Dr,Odessa,Florida,33556,United States,-82.62618762,28.19192178,7273762890,,Florida,2330 Success Dr
491566c3-b7e2-42f6-a400-545ef0ceffdb,Big Storm Brewing Co.,micro,12707 49th St N,Clearwater,Florida,33762-4604,United States,,,7274970666,http://www.bigstormbrewery.com,Florida,12707 49th St N
9002d0c7-e0c1-4db2-ba73-fb31043ea41f,Big Stump Brewing Company,micro,1716 L St,Sacramento,California,95811-4024,United States,-121.4263334,38.68887875,9166687433,http://www.bigstumpbrewco.com/,California,1716 L St
dc1b146d-741e-426b-8216-a65911e0f76a,Big Texan Brewery,brewpub,7701 Interstate 40 Access Rd,Amarillo,Texas,79118-6915,United States,,,8063726000,http://www.bigtexan.com,Texas,7701 Interstate 40 Access Rd
797e1d68-c1e1-478c-bc92-9561c7d951b5,Big Thompson Brewery,micro,114 E 15th St,Loveland,Colorado,80538-3832,United States,-105.0746687,40.40811243,,,Colorado,114 E 15th St
dc4706e6-80e6-4c6e-adc1-504f0711adbc,Big Thorn Farm and Brewery,micro,14274 E 600 North Rd,Georgetown,Illinois,61846-7594,United States,,,2175970156,http://www.bigthornfarm.com,Illinois,14274 E 600 North Rd
77e31ad7-17aa-4c92-9200-ab12888aaacd,Big Timber Brewing,micro,1210 S Davis Ave,Elkins,West Virginia,26241-3437,United States,-79.85143109,38.91765609,3046375008,http://www.bigtimberbrewing.com,West Virginia,1210 S Davis Ave
a1964010-0e7c-4bd0-9da1-1aef938faf44,Big Time Brewery,brewpub,4133 University Way NE,Seattle,Washington,98105-6213,United States,-122.3135759,47.65785225,2065454509,http://www.bigtimebrewery.com,Washington,4133 University Way NE
83b19e83-5855-4e53-88e4-987ab398d8ae,Big Top Brewing Company,micro,6111 Porter Way Unit B,Sarasota,Florida,34232-6224,United States,,,,http://Bigtopbrewing.com,Florida,6111 Porter Way Unit B
04fdb76b-b189-4234-a26e-caa9a43d55f0,Big Truck Farm Brewery,micro,19919 Cameron Mill Road,Parkton,Maryland,21120,United States,-76.6603546,39.6710739,4439344231,http://www.bigtruckfarms.com,Maryland,19919 Cameron Mill Road
00eddf9c-e274-4d9a-8957-457e3ea570ac,Big Tupper Brewing,brewpub,12 Cliff Ave,Tupper Lake,New York,12986-1719,United States,-74.46576367,44.223293,5183596350,http://www.bigtupperbrewing.com,New York,12 Cliff Ave
76b27550-7e67-4aae-9e70-384e5c84bc79,Big Ugly Brewing Co,micro,1296 Battlefield Blvd S,Chesapeake,Virginia,23322-4378,United States,-76.22847989,36.67862015,7576092739,http://www.biguglybrewing.com,Virginia,1296 Battlefield Blvd S
e9e4c64c-bd3f-4c43-aab3-9b685f70d9b0,Big Water Brewery,micro,24 Robie Rd,Salisbury,New Hampshire,03268-5423,United States,-71.717004,43.409129,6036486068,http://www.bigwaterbrewery.net,New Hampshire,24 Robie Rd
fcae18a9-9809-487e-a8e8-21125010ce4a,Big Wood Brewery,micro,2222 4th St Ste REAR,White Bear Lake,Minnesota,55110-3045,United States,,,6123602986,http://www.bigwoodbrewery.com,Minnesota,2222 4th St Ste REAR
5a56a77e-507d-4fb8-b62d-31c48240d512,Big Woods Brewery,brewpub,2222 4th Street,White Bear Lake,Minnesota,55110,United States,-93.007108,45.08530367,8139886000,http://www.bigwoodsbeer.com,Minnesota,2222 4th Street
810dda02-89b0-44a0-a287-228109259314,Big's BBQ Brewpub,brewpub,124 2nd Ave NW,Mount Vernon,Iowa,52314,United States,-91.41772002,41.92299939,3195351060,http://www.bigsbbqmv.com,Iowa,124 2nd Ave NW
f62eed3c-818b-49a8-9aca-20ebe1793f23,Bigelow Brewing Company,brewpub,473 Bigelow Hill Rd,Skowhegan,Maine,04976-5126,United States,-69.72961613,44.71991967,2073996262,http://www.bigelowbrewing.com,Maine,473 Bigelow Hill Rd
2ebb8fea-f982-43a0-bc95-b0ac01ae3f99,Bike Dog Brewing Co,micro,2534 Industrial Blvd Ste 110,West Sacramento,California,95691-3471,United States,-121.5433734,38.5660851,,,California,2534 Industrial Blvd Ste 110
7d5db948-1fc5-45b6-a277-8d69a6352055,Bike Rack Brewing Co,micro,410 SW A St Ste 6,Bentonville,Arkansas,72712-5839,United States,,,4792686648,http://www.bikerackbrewing.com,Arkansas,410 SW A St Ste 6
8d77bca9-de55-47a3-93e1-a72290a39c08,Bike Rack Brewing Co - 8th Street Market,micro,801 SE 8th St,Bentonville,Arkansas,72712-6409,United States,-94.200584,36.364069,4793196593,http://www.bikerackbrewing.com,Arkansas,801 SE 8th St
40dbdacc-6531-4c83-8622-49758b82a052,Bike TrAle Brewing,micro,101 Loudoun St SE,Leesburg,Virginia,20175-3106,United States,-77.562422,39.113418,5712930050,http://www.BikeTrAleBrewing.com,Virginia,101 Loudoun St SE
ddad9761-9bd4-4dbd-a744-890c38eb61ac,Biker Brew House,micro,5700 Interstate Blvd,Austintown,Ohio,44515-1170,United States,,,,http://www.bikerbrewhouse.com,Ohio,5700 Interstate Blvd
5e549a83-df46-462c-aa98-3bd6dd0e65fd,Bilbo's Pizza and Brewery,brewpub,3307 Stadium Dr,Kalamazoo,Michigan,49008-1528,United States,-85.63122494,42.27160225,2693825544,http://www.bilbospizza.com,Michigan,3307 Stadium Dr
2e6d6446-a752-4ed5-85dc-164d7bb799ba,Bill's Brewing Co.,brewpub,4238 Market St.,Wilmington,North Carolina,28403,United States,-77.892361,34.242224,9107626333,http://www.billsfrontporch.com,North Carolina,4238 Market St.
76f46964-b68a-4156-8a61-dbd2e6acaacf,Bill's Front Porch Pub and Brewery,brewpub,4238 Market St,Wilmington,North Carolina,28403-1409,United States,-77.892361,34.242224,9107626333,http://www.billsfrontporch.com,North Carolina,4238 Market St
47a98559-734f-4475-ad82-f8bad6a69bf1,Bill's Tavern and Brewhouse,brewpub,188 N Hemlock St,Cannon Beach,Oregon,97110-3037,United States,-123.9610943,45.89803615,5034362202,http://www.billstavernandbrewhouse.com,Oregon,188 N Hemlock St
26e2db12-3e83-438b-9ed7-c43eb0fed1f9,Billsburg Brewery,micro,2054 Jamestown Rd,Williamsburg,Virginia,23185-7911,United States,-76.7129558,37.2682365,,http://www.billsburg.com,Virginia,2054 Jamestown Rd
dcebe21d-0595-42ae-b25f-f0e24b9c95d2,Billycart Brewing,micro,65 Tolga Road,Atherton,QLD,4883,Australia,145.4760255,-17.2538481,+61 475 900 747,http://www.billycartbrewing.com.au/,QLD,65 Tolga Road
d238261c-e421-4ee9-a530-2e661d417d62,Biloba Brewing,micro,18720 Pleasant St Stop 4,Brookfield,Wisconsin,53045-3447,United States,,,2623095820,http://www.bilobabrewing.com,Wisconsin,18720 Pleasant St Stop 4
c66e7af2-41c2-4e8b-b66d-32ea62e28d4f,Biloxi Brewing Co,micro,186 Bohn St,Biloxi,Mississippi,39530-3812,United States,-88.89361913,30.3982915,2282731638,http://www.biloxibrewing.com,Mississippi,186 Bohn St
d6457470-0a83-42eb-a3f9-9374f490b769,Bilpin Cider,micro,2369 Bells Line of Road,Bilpin,NSW,2758,Australia,150.5299259,-33.5034269,+61 1300 245 746,http://www.bilpincider.com/,NSW,2369 Bells Line of Road
6ccd6e8a-5d6c-4a5e-a285-57067d8b3a41,Biltmore Brewing Company,proprietor,1 N Pack Sq C/O Biltmore Winery Estates,Asheville,North Carolina,28801-3462,United States,,,8004113812,http://www.biltmore.com,North Carolina,1 N Pack Sq C/O Biltmore Winery Estates
de54992a-65f2-494e-834a-c55b4b1f94ba,Binchoise,micro,38b Faubourg Saint-Paul,Binche,Région wallonne,7130,Belgium,4.166372,50.4082177,+32 64 33 61 86,http://www.labinchoise.be/,Région wallonne,38b Faubourg Saint-Paul
2a07391b-a93e-4cf1-9d4e-853d752fdcb0,Binding,bar,13 Wallstraße,Frankfurt am Main,Hessen,60594,Germany,8.6884342,50.1049117,+49 1515 7801106,http://www.binding.de,Hessen,13 Wallstraße
aa7a58a8-b2af-4c19-a73b-7b803262bfad,Bine Valley Brewing,micro,2027 25th St SE,Salem,Oregon,97302-1130,United States,-123.0104248,44.92083964,7602249889,http://www.binebrews.com,Oregon,2027 25th St SE
5b64e8ae-f38a-4cf0-8d60-e3f0cf3c9572,Binghamton Brewing Co,micro,15 Avenue B,Johnson City,New York,13790-2234,United States,-75.95337584,42.11473563,6072383448,http://www.bingbrew.com,New York,15 Avenue B
106a32d5-54fd-4431-8406-0803aef87605,Bingo Beer Company,planning,2900 W Broad St,Richmond,Virginia,23230,United States,,,8043975226,http://www.bingorva.com/,Virginia,2900 W Broad St
d59ae9c0-d156-400c-8df0-e8fc598e7700,Bio Bräu Wagner,brewpub,31-35 Landsberger Straße,München,Bayern,80339,Germany,11.5425211,48.13937,+49 89 519940,http://www.hofbrauerei-wagner.de,Bayern,31-35 Landsberger Straße
fa7aa781-1f4a-4137-aaa7-42f9b54f2af1,Bio-Brouwerij Den Hopperd,micro,41 Netestraat,Hulshout,Vlaanderen,2235,Belgium,4.8342713,51.0630583,+32 16 68 09 78,http://www.denhopperd.be/,Vlaanderen,41 Netestraat
ffd991bf-fb26-470c-9167-77d54c1fd57b,Birch's On the Lake,brewpub,1310 Wayzata Blvd,Long Lake,Minnesota,55356-8314,United States,-93.55601814,44.98493915,9524737373,http://www.birchsrestaurantandbar.com,Minnesota,1310 Wayzata Blvd
16be946c-4c1b-415b-ac5d-05a5efe1429c,Bircus Brewing,micro,322 Elm St,Ludlow,Kentucky,41016-1451,United States,-84.54923129,39.0935089,8593607757,http://www.bircus.com,Kentucky,322 Elm St
0b8ab2be-1d15-4a60-8bd2-e526a6615567,Bird Brain Brewing Company,contract,435 Nikki Ter SE,Leesburg,Virginia,20175-8962,United States,-77.54348368,39.09389489,,,Virginia,435 Nikki Ter SE
2e8fe7d6-9f40-4ad8-aa13-bb4fd069af4d,Bird Brewery,micro,Diemerbospad 1a,Diemen,Noord-Holland,1111 PZ,Netherlands,4.990673,52.3325138,+31 020 214 6555,http://birdbrewery.com/,Noord-Holland,Diemerbospad 1a
88559f42-b68b-4ba9-963c-c15d13986a72,Bird Nickel Brewing Company,closed,7592 Tred Avon Cir,Easton,Maryland,21601,United States,-76.1085271,38.7580923,4103106042,https://birdnickel.com,Maryland,7592 Tred Avon Cir
817d37b5-07f0-4722-9b9d-d37e238a6fbe,Bird Street Brewing,micro,242 Heinlen St,Lemoore,California,93245-2947,United States,-119.784711,36.30146756,5593094649,http://www.birdstreetbrewing.com,California,242 Heinlen St
78cc5335-72ed-4756-8c08-b18c65ea3675,Birdboy Brewing Co,micro,210 E Collins Rd,Fort Wayne,Indiana,46825-5304,United States,-85.13900142,41.12187792,2605795508,http://www.birdboybrewing.com,Indiana,210 E Collins Rd
55cf083b-d2b1-4839-878f-730d1a00fc27,BirdFish Brewing Co,micro,16 S Main St,Columbiana,Ohio,44408-1348,United States,-80.69353036,40.888487,3303339385,http://www.birdfishbrew.com,Ohio,16 S Main St
b47dbcd6-1beb-434c-a9fb-3f8d88772800,Birds Fly South Ale Project,micro,1320 Hampton Avenue Ext,Greenville,South Carolina,29601-1012,United States,,,8644128825,,South Carolina,1320 Hampton Avenue Ext
2f8dee5a-fc6e-49f3-84de-20ca5580acd4,Birdsong Brewing Co.,micro,1016 N Davidson St,Charlotte,North Carolina,28206-3371,United States,-80.82704272,35.23060753,7043321810,http://www.birdsongbrewing.com,North Carolina,1016 N Davidson St
10617c0b-c29a-4e60-bd3d-5e4d56649398,BirdsView Brewing Co,micro,38302 State Route 20,Concrete,Washington,98237-9460,United States,-121.7378167,48.5357818,3608263406,http://www.birdsviewbrewingcompany.com,Washington,38302 State Route 20
69bdb3dd-708a-430b-ac8c-5346f382f0d3,Birgit,beergarden,Schleusenufer 3,Berlin,Berlin,10997,Germany,52.5093176,13.4123414,491725746904,https://www.birgit.club/,Berlin,Schleusenufer 3
91c3a9b6-22f3-42cc-814d-d9895dadb1af,Birkenhead Brewery,brewpub,R326,Stanford,Western Cape,7210,South Africa,19.4682,-34.4265,+27 28 341 0183,https://www.birkenhead.co.za/,Western Cape,R326
90b065cd-1cae-4927-ad6a-018ce7bb8c6d,Birkenhead Brewing Company,contract,17 Birkenhead Avenue,Auckland,Auckland,0626,New Zealand,174.7264826,-36.8118055,+64 9 320 5055,https://bbc.kiwi/,Auckland,17 Birkenhead Avenue
c1b16bee-8dc2-4b8f-ae1a-3f9134183d29,Birmingham District Brewing,taproom,2201 2nd Ave SvSte 102,Birmingham,Alabama,35233-2303,United States,-86.800083617111,33.512227971511,2052025779,https://www.birminghamdistrictbrewing.com,Alabama,2201 2nd Ave SvSte 102
ceabe2ed-e384-453c-a972-245ff8abc850,Birravino,brewpub,183 Riverside Ave,Red Bank,New Jersey,07701-1015,United States,-74.07536238,40.35352565,7328425990,http://www.birravino.com,New Jersey,183 Riverside Ave
f27949c9-c51f-4645-a8d5-53560f26b4da,Birreria - Deuxer Botschaft,closed,24 Am Weidenbach,Köln,Nordrhein-Westfalen,50676,Germany,6.945498,50.9278981,+49 221 3377310,http://www.birreria-koeln.de,Nordrhein-Westfalen,24 Am Weidenbach
aec527a2-0534-4252-86e0-56c621fc835d,Birreria @ Eataly,brewpub,200 5th Ave Fl 14,New York,New York,10010-3302,United States,,,2125390204,http://www.eatalyny.com,New York,200 5th Ave Fl 14
66cb7863-0a8f-49e0-96e5-d29ed5b69e86,Birreria @ Eataly,brewpub,43 E Ohio St,Chicago,Illinois,60611-2701,United States,-87.6262332,41.89209845,,http://www.eataly.com,Illinois,43 E Ohio St
fe78c40e-fdfa-42b0-9189-262612d5f241,Birrificio Shanghait,brewpub,Schaeferstrasse 26,Hamburg,Hamburg,20357,Germany,,,,http://www.shanghait.beer,Hamburg,Schaeferstrasse 26
27c38f61-cc1b-4e9c-baea-a55193ba486b,Birthright Brewing Co.,brewpub,57 S Main St,Nazareth,Pennsylvania,18064-2037,United States,-75.31224579,40.74211365,6103652225,http://www.birthrightbrewingco.com,Pennsylvania,57 S Main St
9baed18a-8f26-4e9a-a56f-280ced6d1d7a,Biscayne Bay Brewing Co,micro,8000 NW 25th St Ste 500,Miami,Florida,33122-1631,United States,,,,,Florida,8000 NW 25th St Ste 500
efbc4c79-d23e-4cc5-877f-e1c1922a7649,Bischoff,closed,6 An den Hopfengärten,Winnweiler,Rheinland-Pfalz,67722,Germany,7.8581536,49.5720399,+49 6302 9120,http://www.bischoff-bier.de,Rheinland-Pfalz,6 An den Hopfengärten
696b3ed9-6495-4105-b674-dfc3a55f8824,Bischoff'sche Brauerei,brewpub,Weilerhof,Brühl,Nordrhein-Westfalen,50321,Germany,6.894164,50.8507513,+49 2232 922703,http://www.bischoff-koelsch.de,Nordrhein-Westfalen,Weilerhof
d7efa13d-4084-4dd8-a0e2-af9480661600,Bischofshof,brewpub,2 Heitzerstraße,Regensburg,Bayern,93049,Germany,12.0761156,49.0151786,+49 941 20010,http://www.bischofshof.de,Bayern,2 Heitzerstraße
105076f0-ca29-4fb5-8c91-73e1d7dbfb9d,Bismarck Brewing,brewpub,1100 Canada Ave Suite 1,Bismarck,North Dakota,58503-1814,United States,-100.7737552,46.86270313,,http://www.bismarckbrew.com,North Dakota,1100 Canada Ave Suite 1
7e37544f-5e87-4652-95db-e946e58ae9ed,Bison Brewing Co,contract,1627 S 7th St,San Jose,California,95112-5932,United States,-121.8665257,37.31531409,5108125996,http://bisonbrew.com,California,1627 S 7th St
9ca594a0-97b0-4bd5-a4fe-5b8ee789289f,Bissell Brothers Brewing,micro,4 Thompsons Pt Ste 108,Portland,Maine,04102-2639,United States,-70.2904097,43.6514062,2074233622,http://www.bissellbrothers.com,Maine,4 Thompsons Pt Ste 108
ca126895-6f1e-4fc1-abc7-78e57126e077,Bistro Belgo Belge,brewpub,20 Rue Saint-Joseph,Namur,Région wallonne,5000,Belgium,4.8642196,50.466448,+32 81 81 00 82,https://bistrobelgobelge.be/,Région wallonne,20 Rue Saint-Joseph
77c019ef-bc30-40e4-aa2b-5c51ffa38453,Bistronomy B2B Craft Brewery,brewpub,3118 Central Ave SE,Albuquerque,New Mexico,87106-2216,United States,-106.6102147,35.080354,5052622222,http://www.bistronomyb2b.com,New Mexico,3118 Central Ave SE
aa1c1b26-722e-42d7-9d2d-74c0eca0a110,Bitburger,brewpub,3 Römermauer,Bitburg,Rheinland-Pfalz,54634,Germany,6.5223335,49.9744776,+49 6561 142497,http://www.bitburger.de,Rheinland-Pfalz,3 Römermauer
3169d94b-9531-4639-8eea-54f94d72eace,Bitter Brothers Brewing Co.,micro,4170 Morena Blvd Ste F,San Diego,California,92117-5252,United States,-117.2202906,32.81614831,6199616690,http://www.bitterbrothers.com,California,4170 Morena Blvd Ste F
bfdbcc50-5bfa-443b-a2fa-586f433a28e0,Bitter Creek Brewing Co,closed,604 Broadway St,Rock Springs,Wyoming,82901-6348,United States,-109.2181243,41.58683904,3073624782,http://www.bittercreekbrewing.com,Wyoming,604 Broadway St
80dd3663-71f9-46db-811e-7b1610731542,Bitter Old Fecker Rustic Ales,micro,12855 E Old US Hwy 12,Chelsea,Michigan,48118-9229,United States,-83.98452281,42.2995379,7344445201,,Michigan,12855 E Old US Hwy 12
2f3d22a3-113e-424a-aed6-b8a2f2f785c2,Bitter Root Brewing Co,micro,101 Marcus St,Hamilton,Montana,59840-2541,United States,-114.1551946,46.24733778,4063637468,http://www.bitterrootbrewing.com,Montana,101 Marcus St
27812208-7d7b-4c77-b62a-bc405d6af897,Bitter Sisters Brewing Company,micro,15103 Surveyor Blvd,Addison,Texas,75001-4316,United States,-96.845846,32.951222,9724790949,http://www.bittersistersbrewery.com,Texas,15103 Surveyor Blvd
8f2bb98b-273e-4dd1-8c47-aab114743994,Bitterfelder,brewpub,5 Hinter dem Bahnhof,Bitterfeld-Wolfen,Sachsen-Anhalt,06749,Germany,12.3141718,51.6256401,+49 3493 515990,http://www.bitterfelder-bier.de,Sachsen-Anhalt,5 Hinter dem Bahnhof
1946d91f-cffd-4794-9f88-4264b923f398,"Bittersweet Brewing Company, LLC",micro,191 S Oak Park Blvd Ste 3,Grover Beach,California,93433-2265,United States,-120.6088596,35.12009944,,http://www.bittersweetbrewing.com,California,191 S Oak Park Blvd Ste 3
3a53f072-1296-4003-ac65-cf269eb0ad9d,Bizarre Brewing,micro,4441 26th Ave SW Ste A,Seattle,Washington,98199-1218,United States,-122.390297,47.660564,,https://bizarrebrewing.com,Washington,4441 26th Ave SW Ste A
8f291173-eb33-4277-96a6-81a3a1b32709,BJ's Brewhouse,regional,602 E Central Ave,Temple,Texas,76501-4319,United States,-97.33525536,31.09509964,7145002400,,Texas,602 E Central Ave
57b4c49f-7c62-4f88-8027-deeb7aa29a99,BJs Restaurant & Brewery - Boulder,brewpub,1690 28th St,Boulder,Colorado,80301-,United States,-105.258512,40.0291592,3034405200,http://www.bjsrestaurants.com,Colorado,1690 28th St
b550667b-11ec-49f0-8609-071ca0395269,BJs Restaurant & Brewery - Brea,brewpub,600 Brea Mall Dr,Brea,California,92821-5764,United States,-117.8863245,33.9152037,7149902095,http://www.bjsrestaurants.com,California,600 Brea Mall Dr
a9888981-3b31-4cb8-80ec-83b4e089dc04,BJs Restaurant & Brewery - Chandler,brewpub,3155 W Chandler Blvd,Chandler,Arizona,85226-5175,United States,-111.911126,33.3053455,4809170631,http://www.bjsrestaurants.com,Arizona,3155 W Chandler Blvd
8fe53360-1c28-4c1a-8e98-49ff1966fc25,BJs Restaurant & Brewery - Reno,brewpub,13999 S Virginia St,Reno,Nevada,89511-8917,United States,-119.8122668,39.5244083,7758537575,http://www.bjsbrewhouse.com,Nevada,13999 S Virginia St
d4b77aea-a845-46b2-8f6e-b81378525c89,BJs Restaurant & Brewery - West Covina,brewpub,2917 E Eastland Ctr Dr,West Covina,California,91791-1603,United States,-117.8867988,34.07298952,6268580054,http://www.bjsrestaurants.com,California,2917 E Eastland Ctr Dr
283ac187-d4fb-4859-b536-3a4566d9631a,BJs Restauraunt & Brewhouse,brewpub,4502 S. Steele St. Suite 1500,Tacoma,Washington,98409-7277,United States,-122.467515,47.214875,2534721220,https://www.bjsrestaurants.com/locations/wa/tacoma,Washington,4502 S. Steele St. Suite 1500
9e7959cb-8292-4892-aa10-6467c2b764b0,BKS Artisan Ales,micro,633 E 63rd St #120,Kansas City,Missouri,64110,United States,-94.493961,39.010093,8166733027,http://www.bksartisanales.com,Missouri,633 E 63rd St #120
64fd68cb-1304-41c8-b42d-0b5e801e7156,Black Acre Brewing Co,brewpub,5632 E Washington St,Indianapolis,Indiana,46219-6428,United States,-86.1452662,39.7668669,3177973316,http://www.blackacrebrewing.com,Indiana,5632 E Washington St
6cab717d-2883-4869-ab9a-879f09319efb,Black Beak Brewing,planning,,Denver,Colorado,80237-1907,United States,-104.984696,39.7391428,3032107836,,Colorado,
77c455db-9445-408f-8447-c4d28830edf9,Black Bear Brewery,micro,19 Mill St Ste 4,Orono,Maine,04473-4095,United States,,,2078899123,http://www.blackbearmicrobrew.com,Maine,19 Mill St Ste 4
2d1c4b89-4d44-4f47-8ea1-b11fdfc247bd,Black Bottle Brewery,brewpub,1611 S College Ave Ste STE1609,Fort Collins,Colorado,80525-1074,United States,,,9704932337,http://www.blackbottlebrewery.com,Colorado,1611 S College Ave Ste STE1609
2210f791-ad13-445f-9b69-a8789e372b37,Black Brewing Co,micro,3517 Caves Road,Wilyabrup,WA,6280,Australia,115.0310562,-33.7505266,,https://blackbrewingco.com.au/?utm_source=google&utm_medium=organic&utm_campaign=gmb-wilyabrup,WA,3517 Caves Road
c616ab6b-bba4-4d23-b341-b325251f3420,Black Bridge Brewery,micro,421 E Beale St,Kingman,Arizona,86401-5833,United States,-114.051737,35.1895877,9283773618,http://www.blackbridgebrewery.com,Arizona,421 E Beale St
01a7842a-3139-475e-95e9-e5a671c236ef,Black Cat Brewing,planning,,Boulder,Colorado,80302,United States,-105.2705456,40.0149856,,http://www.blackcatbrewing.com,Colorado,
fd28030a-631f-410a-b426-9c67c29b3175,Black Circle Brewing Co,micro,2201 E 46th St,Indianapolis,Indiana,46205,United States,-86.123944,39.8398813,3174260143,http://www.blackcirclebrewing.com,Indiana,2201 E 46th St
7f459973-0ae7-40d5-825c-a6eaa6f3843a,Black Cloister Brewing Co,brewpub,619 Monroe St,Toledo,Ohio,43604-1015,United States,-83.5399665,41.6499863,4192141500,http://www.blackcloister.com,Ohio,619 Monroe St
962e31a8-5230-4bf5-a006-cceed47b46bf,Black Cock Brewing Company,micro,1444 N Batavia St,Orange,California,92867-3505,United States,-117.8620026,33.8274902,7147448410,,California,1444 N Batavia St
68534594-0610-4e38-93fa-b8a9e76941c6,Black Creek Brewery,micro,111 Depot St,Roxboro,North Carolina,27573-5503,United States,-78.98146367,36.39362085,9195244319,,North Carolina,111 Depot St
a8b16f63-7cab-4581-a12c-ef6bbaea0124,Black Dog,micro,19 Blair Street,Wellington,Wellington Region,6011,New Zealand,174.7833293,-41.2933012,+64 4 381 0230,https://threesistersbrewery.store/,Wellington Region,19 Blair Street
5a534132-ae7b-462d-b58e-58e7c2d3e785,Black Dog Brewing Co,micro,339 Booth Road,Taminick,VIC,3675,Australia,146.183609,-36.3745155,+61 3 5766 2282,http://blackdogbrewery.com.au/,VIC,339 Booth Road
73174f3a-40c5-49c4-8394-1a913831f14d,Black Donkey Brewing,micro,Srah Road,Ballinlough,Roscommon,F45 KN60,Ireland,-8.640373685,53.74460665,,http://blackdonkeybeer.com/,Roscommon,Srah Road
149e2ad1-8a38-4659-a11a-0b2647d5a788,Black Doubt Brewing Company,micro,"452 Old Mammoth Rd, #104",Mammoth Lakes,California,93546,United States,-118.9668019,37.6395882,7605250462,http://www.blackdoubtbrewing.com,California,"452 Old Mammoth Rd, #104"
a539c80f-cfa0-400c-9eb5-a2fe8a882343,Black Eagle Brewery,micro,1600 25th Ave NE,Black Eagle,Montana,59414-1070,United States,-111.279526,47.528243,4068681866,http://www.pitstopblackeagle.com,Montana,1600 25th Ave NE
d7ae324d-dcc4-4b52-b857-35dca78f8c37,Black Fire Winery,micro,1261 E Munger Rd,Tecumseh,Michigan,49286-8714,United States,,,5174249232,,Michigan,1261 E Munger Rd
f6cc21c0-039d-4257-9869-b168502185d6,Black Flag Brewing Company,micro,9315 Snowden River Pkwy,Columbia,Maryland,21046-2091,United States,-76.810364,39.192524,4438645139,http://www.blackflagbrewingco.com,Maryland,9315 Snowden River Pkwy
b3147f9c-20d8-418f-9b9e-cddc3c115242,Black Flannel Brewing Co.,brewpub,21 Essex Way # 201,Essex Junction,Vermont,05452,United States,,,8028575629,https://www.blackflannel.com/,Vermont,21 Essex Way # 201
866e9938-a7ea-41c1-a2b9-81ecb26aa3b0,Black Fleet Brewing,micro,2302 Fawcett Ave,Tacoma,Washington,98402-1402,United States,-122.44036,47.24082,2533271641,http://www.blackfleetbrewing.com,Washington,2302 Fawcett Ave
a0fadb5a-1b4c-4e40-9782-27f06c10a52d,Black Forest Brew Haus,brewpub,2015 New Hwy,Farmingdale,New York,11735-1103,United States,-73.41443291,40.7550515,6313919500,http://www.blackforestbrewhaus.com,New York,2015 New Hwy
d3eba4df-b289-4ee6-ada9-da33ef0567aa,Black Forest Brewery,brewpub,301 W Main St,Ephrata,Pennsylvania,17522-1713,United States,-76.183579,40.181767,7174507217,http://www.blackforestbrewery.net,Pennsylvania,301 W Main St
c8160b2b-3e43-4db3-bbd8-32f07a0a0060,Black Forest Brewing Company,brewpub,11590 Black Forest Rd Ste 50,Colorado Springs,Colorado,80908-6000,United States,,,7193962011,http://www.blackforestbrewco.com,Colorado,11590 Black Forest Rd Ste 50
aa85b666-63af-42fd-9f3a-0484bfc6666b,Black Frog Brewing Co,micro,831 S McCord Rd,Holland,Ohio,43528-8746,United States,-83.7032185,41.6171284,4193897136,http://www.blackfrogbrewery.com,Ohio,831 S McCord Rd
e81bfb16-7efb-4b1f-bad8-9d0eeabc3157,Black Gold Brewing Co,brewpub,508 Center St,Taft,California,93268-3109,United States,-119.4591658,35.14109718,6617656550,,California,508 Center St
26d678eb-fcce-4072-95aa-97afa8505925,Black Hammer Brewing,micro,544 Bryant St,San Francisco,California,94107-1217,United States,-122.3969947,37.780655,4155002273,http://www.blackhammerbrewing.com,California,544 Bryant St
61d6bc91-4366-49a9-ac55-5eed49482fc7,Black Hat Brew Works,micro,25 Scotland Blvd # 1,Bridgewater,Massachusetts,02324-2302,United States,,,5088075172,http://www.blackhatbrewworks.com,Massachusetts,25 Scotland Blvd # 1
aac970a9-7070-42e1-b11b-c0aa516834e1,Black Hog Brewing Co,micro,"115 Hurley Road, Building 9A",Oxford,Connecticut,06478-1047,United States,-73.153812,41.475744,2032626075,http://www.blackhogbrewing.com,Connecticut,"115 Hurley Road, Building 9A"
d42db334-e706-4f48-b253-cbd3a5d25900,Black Hoof Brewing,micro,11 S King St,Leesburg,Virginia,20175-2903,United States,-77.5648925,39.1150351,5717078014,,Virginia,11 S King St
f7b65214-f0cc-4bb0-9a4c-90c0fe0896b0,Black Hops,micro,15 Gardenia Grove,Burleigh Heads,QLD,4220,Australia,153.4446103,-28.0786187,,http://blackhops.com.au/,QLD,15 Gardenia Grove
2901759c-e23c-49c1-8006-9582b31474f9,Black Hops Brewing,micro,15 Gardenia Grove,Burleigh Heads,QLD,4220,Australia,153.4446103,-28.0786187,,http://blackhops.com.au/,QLD,15 Gardenia Grove
4eac342b-e067-425f-995e-aeb089a10f85,Black Horizon Brewing Company,micro,7560 S Quincy St,Willowbrook,Illinois,60527-5545,United States,,,6304134964,http://www.blackhorizonbrewing.com,Illinois,7560 S Quincy St
7d158044-9d6a-40d2-8bb6-746035b3bc96,Black Horse Brewery,micro,1058 Burton Rd,Show Low,Arizona,85901-3924,United States,,,9285379349,http://www.blackhorsebrewery.us,Arizona,1058 Burton Rd
59fe77ea-4972-44e7-b89c-031262ea5cab,Black Horse Brewery,brewpub,32 Seekoeihoek,Magaliesburg,Gauteng,1791,South Africa,27.6719,-25.9961,+27 82 453 5295,https://www.blackhorse.co.za/,Gauteng,32 Seekoeihoek
da6ab5c6-b221-47cd-97dc-eedd9bf5e589,Black Husky Brewing LLC,micro,909 E Locust St,Milwaukee,Wisconsin,53212,United States,-87.90008457,43.071024,4045098855,http://www.blackhuskybrewing.com,Wisconsin,909 E Locust St
80cd321c-30c3-4656-b6b0-ee643cd9b85f,Black Lab Brewing,micro,818 Eastern Avenue,Toronto,Ontario,M4L1A1,Canada,-79.32907,43.6618871,(647) 352-2525,http://www.blacklab.beer/,Ontario,818 Eastern Avenue
7812960a-df16-4738-beca-842fbc54d68e,Black Label Brewing Company,micro,19 W Main Ave,Spokane,Washington,99201-5124,United States,-117.4114587,47.65900318,5098227436,http://www.blacklabelbrewing.com,Washington,19 W Main Ave
6aa5ecd3-aaec-472c-ba67-c7f8d6b75b40,Black Laboratory Breing,micro,1602 E Houston St Suite 109,San Antonio,Texas,78202,United States,-98.4753507,29.4246556,210-370-3442,http://www.blacklaboratorybrewing.com/,Texas,1602 E Houston St Suite 109
4ec0bd38-0ab1-4c4e-84bb-63510b63f4a0,Black Leg Brewery,micro,24750 62nd Ave SE,McKenzie,North Dakota,58572-9649,United States,-100.3978304,46.74842764,,http://blacklegranch.com,North Dakota,24750 62nd Ave SE
20fd4022-dff3-40a9-9bb1-9e28ff1ac58e,Black Locust Hops and Farm Brewery,nano,21305 Heathcote Rd,Freeland,Maryland,21053,United States,-76.6647545,39.708937,4103021415,http://www.blacklocusthops.com/,Maryland,21305 Heathcote Rd
a0603777-7481-46fd-805e-a00d194829d5,Black Lotus Brewing Co,brewpub,1 E 14 Mile Rd,Clawson,Michigan,48017-2132,United States,-83.141428,42.533563,2485771878,http://WWW.BLACKLOTUSBEER.COM,Michigan,1 E 14 Mile Rd
1fab0024-c031-450c-a1b6-48f2a0dd8e9a,Black Magic Brewing,planning,,Fountain Valley,California,92708-6431,United States,-117.9627349,33.7038145,,,California,
600748ca-dca4-43c4-8187-a0b1d952a597,Black Market Brewing Co,brewpub,41740 Enterprise Cir N Ste 109,Temecula,California,92590-5652,United States,-117.1697859,33.5185138,,,California,41740 Enterprise Cir N Ste 109
8f5375c1-cfa2-4f84-8967-6ca771be1ba9,Black Mesa Brewing Company,micro,3901 N Flood Ave,Norman,Oklahoma,73069,United States,-97.4819196,35.2761135,4054081848,http://www.blackmesabrewing.com,Oklahoma,3901 N Flood Ave
7868b4db-6b60-49e3-96d5-56912133a9cc,Black Narrows Brewing Company,micro,4522 Chicken City Rd,Chincoteague,Virginia,23336-2303,United States,-75.36219281,37.93125647,7869994877,http://www.blacknarrowsbrewing.com,Virginia,4522 Chicken City Rd
d67cae67-6bcf-4a02-92e0-76d81ebfb5b8,Black Page Brewing Co.,micro,210 Glen Park St.,Houston,Texas,77009,United States,,,7137846001,https://blackpagebrewing.com,Texas,210 Glen Park St.
d8ddf2ca-5a9c-4d0b-a324-6ce0c0bae06d,Black Plague Brewing,micro,2550 Jason Ct,Oceanside,California,92056-3592,United States,-117.266825,33.215571,7602072949,http://www.blackplaguebrewing.com,California,2550 Jason Ct
53e18401-9be7-44b9-9175-01c08f941741,Black Pond Brews,micro,21A Furnace St,Danielson,Connecticut,06239-3040,United States,-71.88394473,41.80470085,8602075295,http://www.blackpondbrews.com,Connecticut,21A Furnace St
e12bc89b-26c8-4835-a92d-9caa5ad81750,Black Project Spontaneous & Wild Ales,micro,1290 S Broadway,Denver,Colorado,80210-1504,United States,-104.9872018,39.6933607,7203342873,http://www.blackprojectbeer.com,Colorado,1290 S Broadway
ab360d6f-246e-455f-b706-de39ec5ac9ec,Black Raven Brewing Co,micro,14679 NE 95th St,Redmond,Washington,98052-2556,United States,-122.1455096,47.6854906,4258813020,http://www.blackravenbrewing.com,Washington,14679 NE 95th St
c8149934-3bc5-4c76-9f21-8b3cbbf31c40,Black Raven Brewing Co Woodinville,micro,15902 Woodinville-Redmond Rd NE,Woodinville,Washington,98072-4572,United States,-122.1554963,47.74343078,4258813020,http://www.blackravenbrewing.com,Washington,15902 Woodinville-Redmond Rd NE
6d748072-e564-44b7-939e-17c07435b6c2,Black Sands / Weezledog,micro,9i Westech Place,Auckland,Auckland,0602,New Zealand,174.6602846,-36.9065581,+64 9 813 0856,https://www.blacksandsbrewing.co.nz/,Auckland,9i Westech Place
4e09e7f2-b9c7-4580-8c6a-1241f8835bf9,Black Sands Brewery,micro,701 Haight St,San Francisco,California,94117-3316,United States,-122.433863,37.7715719,4155345194,,California,701 Haight St
5b5235aa-79f1-41e4-97a1-8f9fdfee1657,Black Shirt Brewing Co,brewpub,3719 Walnut St,Denver,Colorado,80205-2436,United States,-104.9729604,39.7698142,3039932799,http://www.blackshirtbrewingco.com,Colorado,3719 Walnut St
15855eaa-dfcc-43e4-a0ff-220836e5be63,Black Sky Brewery,brewpub,490 Santa Fe Dr,Denver,Colorado,80204-5024,United States,-104.9983183,39.7239431,9702154536,http://www.blackskybrewing.com,Colorado,490 Santa Fe Dr
3a255fa1-c05a-42ce-ad91-181fbe91473d,Black Star Co-op,brewpub,7020 Easy Wind Dr Ste 100,Austin,Texas,78752-2373,United States,-97.718977,30.3383262,5124522337,http://www.blackstar.coop,Texas,7020 Easy Wind Dr Ste 100
7cb5d5cc-c608-46a0-8bde-20c063f1bd1d,Black Swan Brewpub,brewpub,2067 E Hadley Rd,Plainfield,Indiana,46168-7484,United States,-86.374141,39.674729,3178387444,http://www.blackswanbrewpub.com,Indiana,2067 E Hadley Rd
1a5f4915-b1cf-4b45-a91c-cc1235f50e9f,Black Tooth Brewing Co,micro,312 Broadway St,Sheridan,Wyoming,82801-3917,United States,-106.953506,44.80089512,3076752337,http://www.blacktoothbrewingcompany.com,Wyoming,312 Broadway St
3de678fa-0f47-4f10-8fb5-a74146614407,Black Walnut Brewery,micro,210 S King St,Leesburg,Virginia,20175-3010,United States,-77.5649731,39.1127558,7037719474,,Virginia,210 S King St
f0798955-8b91-4b1f-bed3-995467ca5700,Black Warrior Brewing Co.,micro,2216 University Blvd,Tuscaloosa,Alabama,35401-1542,United States,-87.565915,33.21061755,,http://www.blackwarriorbrewing.com,Alabama,2216 University Blvd
08bc0229-4621-4ddd-a27e-8da88d0a5800,Black Wolf Brewing LLC,planning,,Pocono Pines,Pennsylvania,18350,United States,,,,,Pennsylvania,
bf4605ce-568b-4442-a8e0-41d0d261b451,Blackadder Brewing Company,micro,618 NW 60th St Ste A,Gainesville,Florida,32607-6014,United States,,,3523390324,http://www.blackadderbrewing.com,Florida,618 NW 60th St Ste A
df62d3a5-46ff-40e3-9f81-e35c286a4a94,Blackbeard's Brewing Company,brewpub,700 W Ocean Ave,Westport,Washington,98595-9603,United States,-124.1175413,46.8867861,3602687662,http://www.blackbeardsbrewing.com,Washington,700 W Ocean Ave
99642888-e928-4aa2-a7a0-655aa43c6293,Blackberry Farm Brewery,micro,910 E Harper Ave,Maryville,Tennessee,37804-4023,United States,-83.965755,35.762562,8659848166,http://www.blackberryfarm.com,Tennessee,910 E Harper Ave
edf122f0-ee16-41b8-a83c-90587faea842,Blackflag Brewing,micro,13 Brisbane Road,Mooloolaba,QLD,4557,Australia,153.1199158,-26.6811259,+61 7 5478 2521,https://www.blackflagbrewing.com.au/pages/mooloolaba,QLD,13 Brisbane Road
a7b62684-c1ff-470b-8f59-d6198987a2d0,Blackfoot River Brewing Co,micro,66 S Park Ave,Helena,Montana,59601-6271,United States,-112.0417121,46.5862933,4064493005,http://www.blackfootriverbrewing.com,Montana,66 S Park Ave
197c0988-b236-4432-90ad-da75db44166d,Blackhorse Brewery,planning,,Alcoa,Tennessee,37701,United States,,,,,Tennessee,
847d8d94-eb0a-4bd3-8941-bbc92f0311ad,Blackhorse Pub and Brewery,brewpub,132 Franklin St,Clarksville,Tennessee,37040-3438,United States,-87.3588994,36.52735085,9315523726,http://www.blackhorsebrews.com,Tennessee,132 Franklin St
908f6fa3-531d-4413-9134-09d24b652a5c,Blackhorse Pub and Brewery -  Knoxville,brewpub,4429 Kingston Pike,Knoxville,Tennessee,37919-5252,United States,-84.0443634,35.9259722,8652498511,http://www.theblackhorsepub.net,Tennessee,4429 Kingston Pike
48e1320e-3669-41d7-8bd3-c39df498a970,Blacklist Artisan Ales,micro,120 E Superior St,Duluth,Minnesota,55802-2116,United States,-92.09596598,46.7882669,2183109368,http://www.blacklistbeer.com,Minnesota,120 E Superior St
4288a6e0-e794-43bf-b5ee-ea1351fa379e,Blackman’s Brewery,micro,8 Lewalan Street,Grovedale,VIC,3216,Australia,144.3453063,-38.1971588,+61 456 794 006,http://www.blackmansbrewery.com.au/,VIC,8 Lewalan Street
f5c0e336-2bd4-442b-8913-7cd25f8d435c,Blackmans Brewery,micro,8 Lewalan Street,Grovedale,VIC,3216,Australia,144.3453063,-38.1971588,+61 456 794 006,http://www.blackmansbrewery.com.au/,VIC,8 Lewalan Street
a3da9d07-5d9c-4bb5-998d-71d01fe752e4,BlackRock Brewers,micro,1664 S Research Loop Ste 200,Tucson,Arizona,85710-6767,United States,-110.8217786,32.20160831,5202073203,http://www.brb.beer,Arizona,1664 S Research Loop Ste 200
4da03934-2c69-466f-9f84-937efbc8b74a,Blackrocks Brewery,micro,424 N 3rd St,Marquette,Michigan,49855-3555,United States,-87.39462133,46.5464589,9062731333,http://www.blackrocksbrewery.com,Michigan,424 N 3rd St
e6d1cb57-2a2e-4ec1-a91d-dab1b0b2a3cc,Blackrocks Brewery - Production Facility,micro,950 W Washington St,Marquette,Michigan,49855-4019,United States,-87.41368794,46.54594024,9062731333,http://www.blackrocksbrewery.com,Michigan,950 W Washington St
4954a924-9efc-45c1-87c7-d931b7992bcb,Blacks Brewery,micro,Farm Lane,Kinsale,Cork,P17 XW70,Ireland,-8.515723944,51.71109933,353873881074,https://www.blacksbrewery.com/,Cork,Farm Lane
e14896e7-fade-424f-97d7-4f620406b5f7,Blacksmith Brewing Co,micro,114 Main St,Stevensville,Montana,59870-2109,United States,-114.0929303,46.51154971,4067770680,http://www.blacksmithbrewing.com,Montana,114 Main St
d306cd9b-40d8-4be9-9581-5ad25289c9d4,BlackStack Brewing,micro,755 Prior Ave N Ste 110,Saint Paul,Minnesota,55104-1064,United States,,,6123692932,http://www.blackstackbrewing.com,Minnesota,755 Prior Ave N Ste 110
6f2cc06f-175c-4b85-89fd-7da62e1959a7,Blackstone Brewing Co,micro,2312 Clifton Ave,Nashville,Tennessee,37209-4115,United States,-86.80974363,36.15796783,6153209002,http://blackstonebrewery.com,Tennessee,2312 Clifton Ave
b248192a-f86e-4dbd-a324-0a71424f2656,Blackwater Brewing Co,micro,912 William Ave,Davis,West Virginia,26260-0356,United States,-79.4695264,39.1274943,3042098118,http://www.BlackwaterBrewingWV.com,West Virginia,912 William Ave
4d3d6a4a-c914-4a96-8fbc-0dbf582196d8,Blackwater Brewing Company,planning,412 Main Ave S,North Bend,Washington,98045-8117,United States,-121.787569,47.492466,4252929122,https://blackwaterbrewing.com/,Washington,412 Main Ave S
cb8add44-ed44-445c-911b-14d6c5363fd0,Blackwater Draw Brewing Company,brewpub,701 N Main,Bryan,Texas,77803,United States,-96.35277742,30.6580876,9797046191,http://www.blackwaterbrew.com,Texas,701 N Main
36433ee1-b430-4831-8082-4bad4e501146,Blackwattle Brewery,micro,76 McEvoy Street,Alexandria,NSW,2015,Australia,151.1995163,-33.9021224,,https://blackwattlebrewery.com.au/,NSW,76 McEvoy Street
6dd11447-9e89-49f2-8c7e-5332653968db,Blaker Brewing,micro,1063 Montcalire Dr,Ceres,California,95307,United States,-120.9797388,37.57642992,2095854040,http://www.blakerbrewing.com,California,1063 Montcalire Dr
c3f69105-f68c-412c-b8b0-9fce73266314,Blank,brewpub,19 Von-Speth-Straße,Riedlingen,Baden-Württemberg,88499,Germany,9.516754,48.214986,+49 7373 643,http://www.brauerei-blank.de,Baden-Württemberg,19 Von-Speth-Straße
3b7eac5f-539f-4a65-9066-1558446f68b7,Blank Canvas Brewery,micro,46 Betton St Ste 3,Brewer,Maine,04412-2636,United States,,,,http://www.blankcanvasbrewery.wordpress.com,Maine,46 Betton St Ste 3
93d8f4e9-8e75-476b-942b-2b4a2f2b628c,Blasta Brewing Co.,micro,102 Goodwood Parade,Burswood,WA,6100,Australia,115.9009015,-31.9597291,+61 428 291 562,http://www.blastabrewing.com/,WA,102 Goodwood Parade
4ab37f9a-f9dc-4fba-8b59-581c8968c668,Blasted Barley Beer Company,brewpub,404 S Mill Ave Ste 101,Tempe,Arizona,85281-2879,United States,,,4809675887,http://www.blastedbarley.com,Arizona,404 S Mill Ave Ste 101
a7343f5b-f031-4150-9ec0-cfb868ca7565,Blasty Bough Brewing Company,micro,3 Griffin Rd,Epsom,New Hampshire,03234-4816,United States,-71.2932629,43.20382502,6037384717,http://www.blastybough.com,New Hampshire,3 Griffin Rd
0c73ca9a-a654-4bae-a00e-d63b43a970a0,Blauer Löwe,brewpub,9 Brückenstraße,Höchstadt an der Aisch,Bayern,91315,Germany,10.8056391,49.7021622,+49 9193 8219,http://www.brauerei-blauer-loewe.de,Bayern,9 Brückenstraße
00afe6e1-df83-412f-8c1f-c94ec94ab184,Blaugies,micro,435 Rue de la Frontière,Dour,Région wallonne,7370,Belgium,3.8430512,50.3585658,+32 65 65 03 60,https://www.brasseriedeblaugies.com/,Région wallonne,435 Rue de la Frontière
9be2e661-7d9a-4445-b1b9-6a420a047407,Blazing Tree Brewery,micro,11426 Rojas Dr Ste A13,El Paso,Texas,79936-6486,United States,,,9153073627,,Texas,11426 Rojas Dr Ste A13
d53f051e-de72-40a1-b75e-642429eb342a,Blechschmidt,brewpub,33 Straße der Jugend,Treuen,Sachsen,08233,Germany,12.31428,50.54056,+49 37468 2867,,Sachsen,33 Straße der Jugend
2b0480fd-b00c-4c17-8e45-72335027966e,Bleckeder Brauhaus,brewpub,20 Breite Straße,Bleckede,Niedersachsen,21354,Germany,10.7311599,53.2924935,+49 5852 500,http://www.bleckeder-brauhaus.de,Niedersachsen,20 Breite Straße
967e2ae2-4955-4372-94ca-88fb0db58df7,Bleeding Heart Brewery,brewpub,562 S Denali St,Palmer,Alaska,99645-6438,United States,-149.10973617301,61.601081676375,90774624210,https://bleedingheartbrewery.com,Alaska,562 S Denali St
224f2344-53ec-4ef1-87f3-a9fa24f00931,Blewett Brewing Company,brewpub,911 Commercial St,Leavenworth,Washington,98826-1494,United States,-120.6599479,47.59518806,5098888809,http://www.blewettbrew.com,Washington,911 Commercial St
2a08f3ad-f6fc-442f-979a-2dbadd0c3c28,"Blind Bat Brewery LLC, The",micro,420 Harrison Dr,Centerport,New York,11721-1216,United States,-73.38113106,40.8959081,6318917909,http://www.BlindBatBrewery.com,New York,420 Harrison Dr
5cabe8d3-7864-4ba3-a34f-1b757718d6d9,Blind Boy Brewing,micro,8 Textile Crescent,Salisbury,QLD,4107,Australia,153.0292588,-27.5424385,+61 421 211 210,https://www.blindboybrewing.com.au/,QLD,8 Textile Crescent
c8613358-8e0b-4ac7-8859-46f1efc36fd1,Blind Owl Brewery,brewpub,5014 E 62nd St,Indianapolis,Indiana,46220-5228,United States,,,3179241000,http://www.blindowlbrewery.com,Indiana,5014 E 62nd St
67836207-49ed-4d67-8dca-8f66acdcbb00,Blind Pig Brewery,brewpub,120 N Neil St,Champaign,Illinois,61820-4023,United States,-88.24341082,40.11714609,2173985133,http://www.blindpigbrewery.com,Illinois,120 N Neil St
f2972e73-5167-41ea-ab23-08c16ec14221,Blind Squirrel Brewery,micro,4716 South US Highway 19 E Suite B,Plumtree,North Carolina,28664-0173,United States,,,8287652739,http://www.blindsquirrelbrewery.com,North Carolina,4716 South US Highway 19 E Suite B
789c9614-dbbd-473e-a5d8-7c881dfa5e51,Blind Tiger Brewery & Restaurant,brewpub,417 SW 37th St,Topeka,Kansas,66611-2354,United States,-95.6846745,39.0002602,7852672739,http://www.blindtiger.com,Kansas,417 SW 37th St
83078530-df39-4a88-bbac-362f1253a43a,Block 15,brewpub,300 SW Jefferson Ave,Corvallis,Oregon,97333-4607,United States,-123.262222,44.5622701,5417582077,,Oregon,300 SW Jefferson Ave
df8022a7-1cbc-4e06-a5e5-c163fcfa3ce1,Block 15 Brewery & Tap Room,brewpub,3415 SW Deschutes St,Corvallis,Oregon,97333-9283,United States,-123.269049,44.5305284,5417522337,http://www.block15.com,Oregon,3415 SW Deschutes St
7e39a579-8605-49a5-9988-a4d594650d1e,Block Brewing Company,brewpub,1140 S Michigan Ave,Howell,Michigan,48843-2669,United States,-83.931806,42.603858,,http://www.blockbrewingcompany.com,Michigan,1140 S Michigan Ave
46817365-aa8d-42bd-b46b-92b065fd46cb,Block N Tackle Brewery,micro,13 Cochrone Street,Kincumber,NSW,2251,Australia,151.3936442,-33.4725233,+61 466 623 233,http://www.blockntackle.beer/,NSW,13 Cochrone Street
b201fa1b-71b9-4160-9d23-941fe2f57066,Block Three Brewing Company,micro,100 Victoria St N,Kitchener,Ontario,N2H 2A9,Canada,,,,https://www.blockthreebrewing.com,Ontario,100 Victoria St N
2cdf2044-dca0-40bb-bbb7-1a8b4ff512ae,Blockbräu,brewpub,3 Bei den Sankt Pauli-Landungsbrücken,Hamburg,Hamburg,20359,Germany,9.9692527,53.5456339,+49 40 44405000,http://www.block-braeu.de,Hamburg,3 Bei den Sankt Pauli-Landungsbrücken
dad58dd9-384e-4e86-a03a-6655461fe1a1,Blood Brothers Brewing,micro,165 Geary Avenue,Toronto,Ontario,M6H2B8,Canada,-79.4361871,43.6698595,(647) 628.6062,http://www.bloodbrothersbrewing.com/,Ontario,165 Geary Avenue
b5c811b0-dcf0-42d2-801b-74b0519227e5,Bloom Brew,micro,100 Riverside Dr,West Newton,Pennsylvania,15089-1542,United States,-79.768066,40.210228,7243224494,http://www.bloombrew.com,Pennsylvania,100 Riverside Dr
01beb3b4-0ef5-4a4f-9a96-5501a1fd526d,Bloom Theory,closed,19 Blair Street,Wellington,Wellington Region,6011,New Zealand,174.7833293,-41.2933012,+64 4 381 0230,https://threesistersbrewery.store/,Wellington Region,19 Blair Street
08270e49-04d2-43a5-ae56-f9025f60668a,Bloomer Brewing Co,micro,1103 9th Ave,Bloomer,Wisconsin,54724-1409,United States,-91.48668085784,45.107450904119,7159334995,,Wisconsin,1103 9th Ave
0b768b24-8163-4b21-a633-ef4dad76b501,Bloomington Brewing Co,brewpub,1795 E 10th St,Bloomington,Indiana,47407-6955,United States,-86.51136673,39.1720504,8123392256,,Indiana,1795 E 10th St
b63e1e54-3e7d-4755-a513-0792ab9e4d12,Bloomington Brewing Co - Production Facility,micro,2234 West Industrial Drive,Bloomington,Indiana,47404,United States,,,8126992005,http://www.bbcbloomington.com,Indiana,2234 West Industrial Drive
22ef447a-0379-4be5-ab93-72d95e4a778a,Blowing Rock Brewing Company,brewpub,152 Sunset Dr,Blowing Rock,North Carolina,28605-7205,United States,-81.677229,36.1327196,8284149600,http://www.blowingrockbrewing.com,North Carolina,152 Sunset Dr
e018afc5-b867-44d2-b3e6-9f54e66bc5c8,Blü Dragonfly Brewing,brewpub,301 E 9th St # C,Cimarron,New Mexico,87714-4027,United States,-104.914428,36.511427,9186361095,,New Mexico,301 E 9th St # C
68f388b7-f7ed-4ece-8968-879d2846b189,Blue Blaze Brewing,micro,528 S Turner Ave,Charlotte,North Carolina,28208-4259,United States,-80.86710843,35.24138809,9808592586,http://www.blueblazebrewing.com,North Carolina,528 S Turner Ave
f5e7c55b-e9bc-40fd-9008-dcf443a88837,Blue Blood Brewing Company,brewpub,925 Robbers Cave Rd,Lincoln,Nebraska,68502-4200,United States,-96.70701376,40.77999602,4024772337,http://www.bluebloodbrewing.com,Nebraska,925 Robbers Cave Rd
956f2d40-477b-455a-bc21-b03779150cf0,Blue Canoe Brewery,brewpub,113 S Franklin St,Titusville,Pennsylvania,16354-1737,United States,-79.6733234,41.6230211,8147750077,,Pennsylvania,113 S Franklin St
755b03e1-07f0-4c63-952d-449a5b8f554e,Blue Canoe Brewing Co,micro,1637 E. 15th Street,Little Rock,Arkansas,72202,United States,-92.25366807,34.73235496,5014929378,http://www.bluecanoebrewco.com,Arkansas,1637 E. 15th Street
09f8b4ce-ac8a-415e-877d-38c0c2d3fde0,Blue Cat,closed,6-8 Schloßstraße,Erftstadt,Nordrhein-Westfalen,50374,Germany,6.7666798,50.8005866,+49 2235 4779921,http://www.bluecat-restaurant.de,Nordrhein-Westfalen,6-8 Schloßstraße
2daa16bf-b6ef-40f1-b70a-b3590227c0b5,Blue Cat Brew Pub,brewpub,113 18th St,Rock Island,Illinois,61201-8708,United States,-90.5145797,41.51094347,3097888247,http://www.bluecatbrewpub.com,Illinois,113 18th St
2595ff73-65f0-41ea-820c-3d7d35f453ca,"Blue Collar Brewery, Inc.",brewpub,40 Cottage St,Poughkeepsie,New York,12601-2015,United States,-73.91831,41.707234,8454542739,http://www.thebluecollarbrewery.com,New York,40 Cottage St
bfcbf176-9040-445a-a70f-58d8ce0df722,Blue Corn Cafe,brewpub,4056 Cerrillos Rd Ste G,Santa Fe,New Mexico,87507-2605,United States,,,5059841800,http://www.bluecorncafe.com,New Mexico,4056 Cerrillos Rd Ste G
b0d6f266-fc2c-4902-ac56-8037f58608c3,Blue Cow Cafe/Big Rapids Brewing Co,brewpub,119 N Michigan Ave,Big Rapids,Michigan,49307-1401,United States,-85.48211793,43.69871439,2317960100,http://www.bluecowcafe.com,Michigan,119 N Michigan Ave
3cb83545-6111-426e-8c53-f463bdefbd9b,Blue Earl Brewing Company,micro,210 Artisan Dr,Smyrna,Delaware,19977-3715,United States,-75.62418056,39.28096844,,http://www.blueearlbrewing.com,Delaware,210 Artisan Dr
2a75e9a7-c5cd-4d12-8750-94bd761f74d6,Blue Fridge,micro,107 Newton Street,Mount Maunganui,Bay of Plenty Region,3116,New Zealand,176.2047554,-37.6619351,,https://www.mountbrewingco.com/,Bay of Plenty Region,107 Newton Street
267e407e-db63-4026-8468-8043815c24e8,Blue Frog Brewing Company,micro,1740 Travis Blvd,Fairfield,California,94533-3431,United States,-122.0600589,38.2585569,7074292337,http://www.bluefrogbrewingcompany.com,California,1740 Travis Blvd
2e73516c-cb09-4946-a500-e6bc12149b97,Blue Ghost Brewing Company,brewpub,125 Underwood Rd,Fletcher,North Carolina,28732-,United States,-82.5305803,35.4368388,8283760159,http://www.blueghostbrewing.com,North Carolina,125 Underwood Rd
ff28c999-2a8b-4f5e-be5c-61708b56d8c2,Blue Heron Brew Pub,brewpub,108 W 9th St,Marshfield,Wisconsin,54449-4111,United States,-90.18148902,44.65938079,7153891868,http://www.blueheronbrewpub.com,Wisconsin,108 W 9th St
7d96c9eb-d026-4579-b0d2-703de93af667,Blue Heron Brewing,micro,2214 New Mexico 68,Embudo,New Mexico,87531,United States,,,5055799188,http://www.blueheronbrews.com,New Mexico,2214 New Mexico 68
9c8281e9-37e8-4f0f-8608-5be45c0148fd,Blue Island Beer Co,micro,13357 Olde Western Ave,Blue Island,Illinois,60406-2969,United States,,,7089548085,http://www.blueislandbeerco.com,Illinois,13357 Olde Western Ave
aef7a703-7954-41ed-9e29-c6d6bb8a23fe,Blue Line Brewery,brewpub,555 Lake Flower Ave,Saranac Lake,New York,12983-2465,United States,-74.11766659,44.31358605,5183548114,http://www.bluelinebrew.com,New York,555 Lake Flower Ave
de0da44e-8a09-4e8d-8b3a-aca03b39cc23,Blue Moon Brewery,large,3750 Chestnut Pl,Denver,Colorado,80216-3632,United States,-104.9769417,39.7735561,,,Colorado,3750 Chestnut Pl
1ec80861-6a0b-45be-a7bb-824b42088f80,Blue Mountain Barrel House and Organic Brewery,micro,495 Cooperative Way,Arrington,Virginia,22922-3305,United States,,,4342634002,http://www.bluemountainbarrel.com,Virginia,495 Cooperative Way
34ca6770-79f4-419e-b244-16f21b1273f4,Blue Mountain Brewery,micro,9519 Critzers Shop Rd,Afton,Virginia,22920-2415,United States,,,5404568020,http://www.bluemountainbrewery.com,Virginia,9519 Critzers Shop Rd
23799b52-1cb9-423e-abd5-35c913bf68e9,Blue Mountain Pizza and Brew Pub,brewpub,55 N Main St,Weaverville,North Carolina,28787-6634,United States,-82.55934457,35.70849553,8286588777,http://www.bluemountainpizza.com,North Carolina,55 N Main St
151dc23e-ecd8-4402-a4c5-2fac488d5e92,Blue Nose Brewery,micro,6119 East Ave,Hodgkins,Illinois,60525-4126,United States,-87.85833464,41.77904908,7089055198,http://www.bluenosebrewery.com,Illinois,6119 East Ave
4857f5fa-2815-44f7-b30d-2b1f0d3c0c6b,Blue Note Brewing Company,micro,750 Dead Cat Aly,Woodland,California,95695-3435,United States,-121.7712396,38.67803633,5303584677,http://www.bluenotebrewing.com,California,750 Dead Cat Aly
b2e4ab7a-3508-450d-8bea-47b39bee40d2,Blue Oak Brewing Co,micro,821 Cherry Ln,San Carlos,California,94070-3306,United States,-122.2534864,37.51008173,4152739676,http://blueoakbrewing.com,California,821 Cherry Ln
5c4c95ae-4128-4510-b2c7-2a7c483de5a2,Blue Owl Brewing,micro,2400 E Cesar Chavez St Ste 300,Austin,Texas,78702-4638,United States,-97.7189581,30.2545583,5125931262,http://www.blueowlbrewing.com,Texas,2400 E Cesar Chavez St Ste 300
638f8af8-5c7f-4eed-9b7e-5c199227e154,Blue Pants Brewery,closed,"500 Lanier Rd, Bld 1 - Ste A",Madison,Alabama,35758-8675,United States,,,2566796330,http://www.bluepantsbrew.com,Alabama,"500 Lanier Rd, Bld 1 - Ste A"
2305e910-7a97-4d2e-bc7d-573216936035,Blue Pike Cantina,brewpub,152 S Water St,Marine City,Michigan,48039-1687,United States,-82.49085669,42.71829576,8107654200,,Michigan,152 S Water St
448fb5bd-505b-40a0-ab84-0720ff5f281c,Blue Point Brewing,large,225 West Main St,Patchogue,New York,11772,United States,-73.02103705,40.76644215,,,New York,225 West Main St
593ee04a-4af6-4d32-a00d-f8ac6357469a,Blue Point Brewing Co,large,161 River Ave,Patchogue,New York,11772-3304,United States,-73.0216063,40.75913445,6314756944,http://www.bluepointbrewing.com,New York,161 River Ave
054cbb4c-2427-493a-98d6-00e3d3baeb1e,Blue Raven Brewery,taproom,209 E 18th St,Cheyenne,Wyoming,82001-4507,United States,-104.81996920028,41.157018313336,3073691978,https://www.blueravenbrewery.com,Wyoming,209 E 18th St
f1b9daa7-cb17-498a-b784-e2ff41b4257f,BLUE RIDGE BREWING,planning,,Malta,Montana,59538,United States,,,4066542855,,Montana,
05a8d9a8-670a-4e5d-86c3-fddd352cfe43,Blue Ridge Brewing Co/Foothills Brewing,brewpub,308 Trade St,Greer,South Carolina,29651-3432,United States,-82.2262648,34.9361559,8642324677,http://www.blueridgebrewing.com,South Carolina,308 Trade St
e1312a12-35d9-4636-a80a-9f9a95463964,Blue Ridge Community College,planning,,Flat Rock,North Carolina,28731-4774,United States,,,8286941674,http://www.blueridge.edu,North Carolina,
3b5c7026-2f62-4fc0-ad1b-71a62ed0989d,Blue Skye Brewery,brewpub,116 N Santa Fe Ave,Salina,Kansas,67401-2614,United States,-97.608998,38.84100296,7854521234,http://blueskyebrewery.com,Kansas,116 N Santa Fe Ave
b43d9155-7bdb-49af-b0b8-58bc87119cfe,Blue Spruce Brewing,brewpub,4151 E County Line Rd Unit G,Centennial,Colorado,80122-8113,United States,,,3037710590,http://www.bluesprucebrewing.com,Colorado,4151 E County Line Rd Unit G
20541e39-2e32-455d-9b2b-cb926fc11fa2,Blue Spruce Brewing Littleton,brewpub,10577 W Centennial Rd,Littleton,Colorado,80127-4233,United States,,,,http://www.bluesprucebrewing.com,Colorado,10577 W Centennial Rd
6d48e0c5-c4ec-43f9-8678-28daa1be8c78,Blue Stallion Brewing Company,micro,610 W Third St,Lexington,Kentucky,40508-1243,United States,-84.50136234,38.05710985,8596088490,http://www.bluestallionbrewing.com,Kentucky,610 W Third St
549145aa-cde9-4d76-a282-7508eaee9b3c,Blue Star Brewing Co,brewpub,1414 S Alamo St # 105,San Antonio,Texas,78210-1117,United States,-98.49615307,29.40989569,2102125506,http://www.bluestarbrewing.com,Texas,1414 S Alamo St # 105
eeef44bf-a841-4f54-94d3-d9864b81785c,Blue Tractor Brewing Co,brewpub,207 E Washington St,Ann Arbor,Michigan,48104-2007,United States,-83.74704578,42.28052759,7342224095,,Michigan,207 E Washington St
1487d681-ecde-4a87-a70d-12956186e99c,Blue Wolf Brewing Company LLC,micro,8515 Edinburgh Centre Dr.,Brooklyn Park,Minnesota,55443,United States,,,7633906700,http://www.bluewolfbrew.com,Minnesota,8515 Edinburgh Centre Dr.
c3d86c65-615c-4d13-9c5d-9f4bc7b5ee64,Blue Zone Brewing Co.,planning,,Saint George,Utah,84790-5716,United States,,,4353135050,,Utah,
d30dffbe-c246-4137-9ab2-e15e68c44d4b,Bluebird Brasserie,brewpub,13730 Ventura Blvd,Sherman Oaks,California,91423,United States,-118.4365891,34.1489109,,http://www.bluebirdbrasserie.com,California,13730 Ventura Blvd
fe28d7bf-10f6-4535-821b-71dab747bc14,Bluebird Microcreamery and Brewery,closed,7415 Greenwood Ave N,Seattle,Washington,98103-5044,United States,-122.355108,47.6826657,2066598154,https://www.facebook.com/bluebirdicecrm,Washington,7415 Greenwood Ave N
cc7d935c-c318-4a60-9da6-e683a3ce7fb9,Bluebonnet Beer Co,micro,1700 Bryant Dr Ste 107,Round Rock,Texas,78664-3898,United States,-97.645332,30.491657,5127744258,http://www.bluebonnetbeerco.com,Texas,1700 Bryant Dr Ste 107
769657dd-ea31-413f-a465-54e729967309,Bluegrass Brewing Co - Brewpub,brewpub,300 W Main St,Louisville,Kentucky,40202-2945,United States,-85.75508898,38.25620645,5028997070,http://www.bbcbrew.com,Kentucky,300 W Main St
2b6bb7e5-a528-4387-a970-0be422a7afcc,Bluejacket,brewpub,300 Tingey St SE,Washington,District of Columbia,20003-4625,United States,-77.0006981,38.8750965,2025244862,http://www.bluejacketdc.com,District of Columbia,300 Tingey St SE
4ff360b9-b45b-45d2-8646-c2b91975890f,Blueprint Brewing Co.,micro,1571 Gehman Rd,Harleysville,Pennsylvania,19438-2930,United States,,,4843197901,http://www.blueprintbrewco.com,Pennsylvania,1571 Gehman Rd
b4f332ec-a7a0-4acb-8d19-9c4073a4b84e,Blues City Brewing Co,regional,5151 E Raines Rd,Memphis,Tennessee,38118-7026,United States,-89.8874019,35.0350188,6087854200,http://www.citybrewing.com,Tennessee,5151 E Raines Rd
6e5e63f5-4465-4ea8-9dbf-b55213db2775,Bluestone Brewing Company,brewpub,18 Pitney St,Sayre,Pennsylvania,18840-2720,United States,-76.54508776,41.99222929,5707310222,http://www.bluestonebrewingcompany.com,Pennsylvania,18 Pitney St
804a6227-ddd1-41d8-8771-2485a1c63bdb,BlueTarp Brewing Co,micro,731 E College Ave,Decatur,Georgia,30030-5365,United States,-84.2835622,33.7740425,4046696740,http://www.bluetarpbrew.com,Georgia,731 E College Ave
6cf234fc-dbea-49e6-8f47-900554620a42,Bluewater Brewing Co,closed,318 S Royal Ave,Florence,Alabama,35630-4810,United States,-87.65970529,34.8041295,2562751221,http://www.facebook.com/pg/BluewaterBrewingCompanyInc,Alabama,318 S Royal Ave
47245471-08aa-439c-acfb-67fb282e336a,Bluewood Brewing,micro,1821 Cherokee St,Saint Louis,Missouri,63118,United States,-90.216631,38.601767,3143764166,http://www.bluewoodbrewing.com,Missouri,1821 Cherokee St
0c7d6d42-ad91-4e1c-8556-c1c1ac8617ae,"Bnaf, LLC",planning,,Austin,Texas,78727-7602,United States,,,,,Texas,
7363955c-5498-4fe3-becb-5c09ae0978bc,BNS Brewing & Distilling Co.,closed,10960 Wheatlands Ave Ste 101,Santee,California,92071-5617,United States,-116.9583418,32.84680335,6199560952,http://www.bnsbrewinganddistilling.com,California,10960 Wheatlands Ave Ste 101
033c99f9-ac36-4169-8721-1e90548a253a,Bo Bristle Brewing Co.,micro,"Unit 5, Banagher Enterprise Centre",Banagher,Offaly,R42 KX30,Ireland,-7.9921729,53.1866197,353861250283,,Offaly,"Unit 5, Banagher Enterprise Centre"
b58ed0a2-769a-4923-b0f6-360bff09ab8c,Boak Brewing Co,contract,262 Wanaque Ave Rear,Pompton Lakes,New Jersey,07442-2116,United States,,,9735706381,http://www.boaks.com,New Jersey,262 Wanaque Ave Rear
1e876ec1-817a-4153-a143-459dc0627309,Boat Town Brewing,micro,18146 Campground Rd,Phillipsburg,Missouri,65722-8122,United States,-92.712765,37.59991,4175332306,http://www.boattownbrewing.com,Missouri,18146 Campground Rd
863ccdbc-4d91-4499-9e10-c6c175e54d6d,Boathouse Brewery LLC,brewpub,47 E Sheridan St,Ely,Minnesota,55731-1289,United States,-91.8656329,47.9034136,2183654301,http://www.frontiernet.net,Minnesota,47 E Sheridan St
3b84f884-47c8-4dbb-84f7-1cb785d2c2a1,Boathouse Brothers Brewing Co,micro,16211 Main Avenue SE,Prior Lake,Minnesota,55372-2332,United States,-93.42397083,44.71449616,9522506143,,Minnesota,16211 Main Avenue SE
d4a0b14b-98cf-41d4-87df-ff18a1bfd59c,Boatrocker Brewers & Distillers,micro,34 MacBeth Street,Braeside,VIC,3195,Australia,145.1129705,-38.0030937,+61 494 025 686,https://www.boatrocker.com.au/,VIC,34 MacBeth Street
df2412ca-3731-4332-b7a8-c81945a6878f,Boatrocker Brewing Co.,micro,34 MacBeth Street,Braeside,VIC,3195,Australia,145.1129705,-38.0030937,+61 494 025 686,https://www.boatrocker.com.au/,VIC,34 MacBeth Street
cb05f966-8048-44d9-87a7-a52ea80fdd7b,Boatyard Brewing Co,micro,432 E Paterson St,Kalamazoo,Michigan,49007-2599,United States,-85.578439,42.303203,2692260300,http://www.boatyardbrewing.com,Michigan,432 E Paterson St
941a14d9-f881-4f74-992c-75ab08d5837e,Bob Loblaw Brewing,planning,,Miami,Florida,33179,United States,,,3052495628,http://www.bobloblawbrewing.com,Florida,
add8f33d-d999-4acd-a8cc-11cac7434700,Bobcat Brewery & Cafe,brewpub,5 Main St,Bristol,Vermont,05443-1317,United States,-73.07811204,44.13284975,8024533311,http://www.bobcatcafe.com,Vermont,5 Main St
fdb77a16-2e71-4c16-8158-fbe65870b7b3,Bobcaygeon Brewing Company,micro,26 King St E,Bobcaygeon,Ontario,K0M 1A0,Canada,,,,http://bobcaygeonbrewing.ca,Ontario,26 King St E
676ccc41-f722-484a-b4b8-c9b8713d6249,Bobtown Brewhouse & Grill,brewpub,220 W Main St,Roberts,Wisconsin,54023,United States,-92.55599,44.983639,7153381046,http://www.bobtownbrewhouse.com,Wisconsin,220 W Main St
88cf77cb-e24d-40bd-aab6-271ac67ad0e7,Bock's Corner Brewery,brewpub,Gerbyntie 18,Vaasa,Ostrobothnia,65230,Finland,21.6241,63.1114,+358 46 9236175,https://www.bockscornerbrewery.com,Ostrobothnia,Gerbyntie 18
056b36d5-ebb2-4385-bf6b-612840a49709,Böcken-Bräu,brewpub,107 Hullerner Straße,Haltern am See,Nordrhein-Westfalen,45721,Germany,7.2268384,51.7406855,+49 2364 5216,http://www.boeckenbraeu.de,Nordrhein-Westfalen,107 Hullerner Straße
23b9b716-16d4-4847-98d8-dd7ba145031d,Bockor,micro,5 Brouwtorenstraat,Kortrijk,Vlaanderen,8510,Belgium,3.278742,50.776596,+32 56 23 51 71,http://www.omervanderghinste.be/,Vlaanderen,5 Brouwtorenstraat
29b93a2f-cb40-4cee-b81b-f21b3660f9af,Bocq,micro,4 Rue de la Brasserie,Yvoir,Région wallonne,5530,Belgium,4.94368,50.3115026,+32 82 61 07 90,http://www.bocq.be/,Région wallonne,4 Rue de la Brasserie
77cc2f0f-98dd-45b9-8a3f-edc2c027bf64,Bodriggy Brewing co.,micro,245 Johnston Street,Abbotsford,VIC,3067,Australia,144.99446,-37.8001587,+61 3 9417 2293,https://bodriggy.beer/,VIC,245 Johnston Street
10b69082-c59b-4319-92ef-f3ba7057f3c2,Boelens,micro,7 Kerkstraat,Sint-Niklaas,Vlaanderen,9111,Belgium,4.0890882,51.1472922,+32 3 772 32 00,http://www.brouwerijboelens.be/,Vlaanderen,7 Kerkstraat
cb4f69cc-52d1-4cd4-bf89-a1d7ad39645a,Boente,brewpub,4 Augustinessenstraße,Recklinghausen,Nordrhein-Westfalen,45657,Germany,7.1951454,51.6153507,+49 2361 9044990,http://www.hausbrauerei-boente.de,Nordrhein-Westfalen,4 Augustinessenstraße
218c5541-892d-4bd8-9745-ebd90304f80b,Boerne Brewery,micro,9 Hill View Ln,Boerne,Texas,78006-7003,United States,,,8306889693,http://www.boernebrewery.com,Texas,9 Hill View Ln
3e64794e-5a83-41d5-b017-19fdc058cf3e,Boese Brothers Brewing,micro,601 Gold Ave SW,Albuquerque,New Mexico,87102-3119,United States,-106.654295,35.083957,5053827060,http://www.boesebrothers.com,New Mexico,601 Gold Ave SW
b3e33c9a-90f4-4ea3-9177-3b05e2ce0062,Bog Brewing Company,micro,218 W King St,Saint Augustine,Florida,32084-4144,United States,-81.3267969,29.8908994,9046793146,http://www.bogbrewery.com,Florida,218 W King St
8428c5dd-c356-482d-a9de-8af6b633447c,Bog Iron Brewing Co,micro,33 W Main St,Norton,Massachusetts,02766-2711,United States,-71.18849942,41.96658468,5089520555,,Massachusetts,33 W Main St
15ca5ecd-4af8-47bb-8f16-175d8cd6cb41,Bog Turtle Brewery,closed,10 East Main Street,Rising Sun,Maryland,21911,United States,-76.0624313,39.6979942,4847580416,http://www.bogturtlebrewery.com/,Maryland,10 East Main Street
1a423bc0-601e-49de-989b-f2847047207e,"Bog Turtle Brewery, LLC",micro,14 S 3rd St Ste 1,Oxford,Pennsylvania,19363-1601,United States,,,4847580416,http://www.bogturtlebrewery.com,Pennsylvania,14 S 3rd St Ste 1
e55300d0-99ac-4968-9d27-8fdd0fd45a85,Bog's Edge Brewing Company,micro,3511 Blarney Rd,Warrens,Wisconsin,54666-7000,United States,-90.5393664,44.1234273,6083436708,http://www.bogsedgebrewing.com,Wisconsin,3511 Blarney Rd
a36d09de-a9a0-4d01-8b2f-7db2c4ab48e3,Boggy Draw Brewery,micro,3535 S Platte River Dr Ste L,Sheridan,Colorado,80110-3307,United States,,,7209400338,http://www.boggydrawbrewing.com,Colorado,3535 S Platte River Dr Ste L
14c0503a-20dd-4b54-bb96-61c4f5abf7c5,Boghopper Brewery,micro,Kilderry Business Park,Muff,Donegal,F93 WN63,Ireland,-7.262928486,55.06640125,353873256993,,Donegal,Kilderry Business Park
20d1adab-670d-4b5d-9a61-24065c88c819,boGler's,brewpub,4 Am Tiefen Moor,Uetze,Niedersachsen,31311,Germany,10.142892,52.449787,+49 1516 4695659,http://boglers.jimdo.com,Niedersachsen,4 Am Tiefen Moor
dddce31e-3831-4366-ac7f-da653e730d2c,Bohemian Brewery and Grill,micro,94 7200 S,Midvale,Utah,84047-1532,United States,-111.894011,40.6206923,8015665474,http://www.bohemianbrewery.com,Utah,94 7200 S
ecc50b17-1093-4d02-9dfd-9296f3ac524e,Böhlke,closed,5 Kamp,Hötensleben,Sachsen-Anhalt,39393,Germany,11.0220256,52.0701186,+49 39401 51491,,Sachsen-Anhalt,5 Kamp
8de3de11-bd87-476d-9fd9-8c3bfa6bc3a7,Böhmisch Brauhaus,brewpub,9 Neueibauer Straße,Kottmar,Sachsen,02739,Germany,14.6643599,50.9777489,+49 3586 78140,http://www.boehmisch-brauhaus.de,Sachsen,9 Neueibauer Straße
d6aff1d6-953e-4bc7-90b6-ce8ab896bb6e,Boiler Brewing Company,micro,129 N 10th St Ste 8,Lincoln,Nebraska,68508-3633,United States,-96.707404,40.814185,4022618775,http://www.boilerbrewingcompany.com,Nebraska,129 N 10th St Ste 8
30305ea0-d4d8-47c3-88a4-877eb61e303f,Boilerhouse,micro,107 Newton Street,Mount Maunganui,Bay of Plenty Region,3116,New Zealand,176.2047554,-37.6619351,,https://www.mountbrewingco.com/,Bay of Plenty Region,107 Newton Street
8bcb5193-13f2-4d73-b12b-22f84ab9d1d4,Boiling Pot Brewing Co.,micro,130A Eumundi Noosa Road,Noosaville,QLD,4566,Australia,153.046413,-26.4091448,+61 7 5449 8360,http://www.boilingpotbrewingco.com.au/,QLD,130A Eumundi Noosa Road
0237e528-96d2-41ef-8549-54611b40eaef,Boise Brewing,micro,521 W Broad St,Boise,Idaho,83702-7642,United States,-116.203056,43.611778,2083427655,http://www.boisebrewing.com,Idaho,521 W Broad St
6ac83b12-2e87-47ac-a439-11af6b9038a2,Bold City Brewery,micro,2670 Rosselle St Ste 7,Jacksonville,Florida,32204-3004,United States,,,9043796551,http://www.boldcitybrewery.com,Florida,2670 Rosselle St Ste 7
823d7543-75ef-4ce6-b3f3-6108eea702f8,Bold City Brewery,micro,109 E Bay St,Jacksonville,Florida,32202-3414,United States,-81.656519,30.326002,9045037682,http://www.boldcitybrewery.com,Florida,109 E Bay St
bcaa1166-a27a-447f-b057-3bf43d21ed68,Bold Missy Brewery,brewpub,610 Anderson St,Charlotte,North Carolina,28205-1208,United States,-80.796429,35.24960852,9802994184,http://www.boldmissybrewery.com,North Carolina,610 Anderson St
b47c0e0d-23bf-4306-96eb-20f69302a63e,Bolero Snort Brewery,contract,65 Railroad Ave,Ridgefield Park,New Jersey,07660-1321,United States,-74.02983351,40.86058569,2018193527,http://www.bolerosnort.com,New Jersey,65 Railroad Ave
1f2d069d-af7a-4b5f-813a-338360822902,Bolo Beer Co,micro,420 E 1st St,Valentine,Nebraska,69201-1904,United States,-100.5457277,42.87204733,,http://www.bolobeer.com,Nebraska,420 E 1st St
8c4150d3-3edc-4b8d-bf03-0b89de7f4cf2,Bolt Brewery,brewpub,8179 Center St,La Mesa,California,91942-2907,United States,-117.02043,32.771889,6193037837,http://www.boltbrewery.com,California,8179 Center St
844f3eab-e8c9-4f93-9eb1-f5aff5e1c1e4,Bolten,brewpub,138 Rheydter Straße,Korschenbroich,Nordrhein-Westfalen,41352,Germany,6.4992097,51.183196,+49 2161 617900,http://www.bolten-brauerei.de,Nordrhein-Westfalen,138 Rheydter Straße
f5da109c-ab26-413e-9c86-51a3c6086e29,Bolton Beer Works,brewpub,100 Wattaquadock Hill Rd,Bolton,Massachusetts,01740-1238,United States,-71.619812,42.430173,9787795521,http://boltonbeerworks.com,Massachusetts,100 Wattaquadock Hill Rd
beb4abeb-3386-4ee8-9838-82ea78de6ecf,Bolton Landing Brewing Co.,micro,4933 Lake Shore Dr,Bolton Landing,New York,12814-7757,United States,-73.655636,43.555707,5186442739,http://www.boltonlandingbrewing.com,New York,4933 Lake Shore Dr
5ae387ac-2a8a-4710-81e8-5df49d0c01c5,Bomb Plant Brewing Company,planning,,North Augusta,South Carolina,29860-7462,United States,,,7068042722,http://www.bombplantbrewing.com,South Carolina,
c4476467-ca84-4c96-807f-9c91efefdd17,Bombastic Brewing,contract,11100 N Airport Rd,Hayden,Idaho,83835,United States,-116.8105485,47.772517,,http://www.bombasticbrewing.com,Idaho,11100 N Airport Rd
b1b07f1f-e574-401e-845b-73dfda5222e6,Bomber Brewing,micro,1488 Adanac Street,Vancouver,British Columbia,V5L 3J7,Canada,-123.074588,49.2774031,16044287457,http://www.bomberbrewing.com,British Columbia,1488 Adanac Street
ff3b3c00-18a2-4d67-ac98-ac289ef21ca1,Bombing Range Brewing Company,brewpub,2000 Logston Blvd Ste 126,Richland,Washington,99354-5330,United States,-119.2999357,46.3204119,5093923377,http://www.bombingrangebrewing.com,Washington,2000 Logston Blvd Ste 126
66279dab-08a5-4954-8a60-5d916b6cf240,BOMBrewery BVBA,micro,3 Loods,Roeselare,Vlaanderen,8800,Belgium,3.1600493,50.9225686,+32 479 68 10 24,https://triporteurbeer.com/dutchv/,Vlaanderen,3 Loods
b2c6e5d4-0637-44be-977b-ffb98569da4d,Bombs Away Beer Company,brewpub,9801 Acoma Rd SE,Albuquerque,New Mexico,87123-3301,United States,-106.53905,35.070904,5055543204,http://www.bombsawaybeer.com,New Mexico,9801 Acoma Rd SE
43a54dba-6adf-4248-bffd-50e0cf422b93,Bombshell Beer Company,micro,120 Quantum Dr,Holly Springs,North Carolina,27540-8861,United States,-78.83588932,35.65841825,9198231933,http://www.bombshellbeer.com,North Carolina,120 Quantum Dr
871b70be-e09e-4936-8b29-f92c0d2e2667,Bonaventure Brewing Co,brewpub,404 S Figueroa St Ste 418A,Los Angeles,California,90071-1797,United States,-118.2562113,34.05314634,2132360802,http://www.bonaventurebrewing.com,California,404 S Figueroa St Ste 418A
1186065b-e2c7-4d71-8bc2-30bcdd0e6150,Bond Brothers Beer Company,micro,202 E Cedar St,Cary,North Carolina,27511-3440,United States,-78.77797444,35.78798475,9194592670,http://www.bondbrothersbeer.com,North Carolina,202 E Cedar St
6387b802-f7f9-4b87-ae4a-2e8338b32163,Bond's Brewing Company - Buffalo,micro,93 N Main St,Buffalo,Wyoming,82834-1814,United States,-106.69885330015,44.348827226889,3072780018,https://bondsbrewing.com,Wyoming,93 N Main St
80ec640a-2ad0-470b-acff-f2fbde534fa6,Bond's Brewing Company - Laramie,micro,411 S 2nd St,Laramie,Wyoming,82070-3613,United States,-105.59474553207,41.30975599718,3074603385,https://bondsbrewing.com,Wyoming,411 S 2nd St
e63f4e55-4ec0-44a1-a0d5-bda2b64c588e,Bondi Brewing Co,micro,206 Hastings Parade,North Bondi,NSW,2026,Australia,151.2853625,-33.8918849,+61 439 608 385,http://www.bondi.beer/,NSW,206 Hastings Parade
a2105e97-2f68-4d9d-a1eb-e2914936f086,Bone Hook Brewing Company,micro,1514 Immokalee Rd Unit 106,Naples,Florida,34110-1454,United States,,,2396318522,http://www.bonehookbrewing.com,Florida,1514 Immokalee Rd Unit 106
6557f717-6a47-44db-8f47-bb2880471717,Bone Idol,micro,424 Ruthven Street,Toowoomba City,QLD,4350,Australia,151.9536122,-27.5604726,+61 474 527 255,https://www.boneidolbrewery.com.au/,QLD,424 Ruthven Street
6c808c0d-3021-4545-ace7-652f67dd1d44,Bone Island Brewing,micro,1111 Eaton St,Key West,Florida,33040-6926,United States,-81.79651464,24.56141707,3053043472,http://www.boneislandbrewing.com,Florida,1111 Eaton St
1c8aad05-295e-4362-b173-c4c48c287077,Bone Up Brewing Co.,micro,38 Norman St,Everett,Massachusetts,02149-1932,United States,-71.0663396,42.405551,7816919092,http://www.boneup.beer,Massachusetts,38 Norman St
ad24f7f9-cae4-4e4b-bc43-d4e91ded07f4,Boneface,micro,27 Blenheim Street,Upper Hutt,Wellington Region,5018,New Zealand,175.0682987,-41.1303715,+64 4 529 7042,http://www.boneface.co.nz/,Wellington Region,27 Blenheim Street
d21b0f42-78e7-4390-9cbf-9b7208975fdb,Bonehead Brewing,micro,86 Parsons Street,Kensington,VIC,3031,Australia,144.9351056,-37.7903722,+61 490 334 892,https://www.boneheadbrewing.com.au/,VIC,86 Parsons Street
11c67cfd-3f90-4c50-896f-e4d9842f7b31,Bonesaw Brewing Co.,micro,570 Mullica Hill Road,Glassboro,New Jersey,08028,United States,-75.1354598,39.7129747,8562435464,http://www.bonesawbrewing.com,New Jersey,570 Mullica Hill Road
f91384a3-fabc-4df3-a467-9e14d64efb84,Boneshire Brew Works,micro,7462 Derry St,Harrisburg,Pennsylvania,17111-5228,United States,-76.8712077,40.2633825,7174127814,http://www.boneshire.com,Pennsylvania,7462 Derry St
a3bfaa8d-ad1e-4c84-ae0d-ed3918f5bd03,Boneyard Beer Co,micro,37 NW Lake Pl Ste B,Bend,Oregon,97703-2971,United States,-121.3080908,44.05412648,5413232325,,Oregon,37 NW Lake Pl Ste B
c79f5c93-c9e1-4d12-a6a8-c3ac7510664a,Boneyard Beer Co,brewpub,1955 NE Division St,Bend,Oregon,97701,United States,-121.3065353,44.07094734,5413232325,http://www.boneyardbeer.com,Oregon,1955 NE Division St
f3cd9907-119e-4d36-82f3-64cceb23c7e0,Bonfire Brewing,micro,127 W 2nd St,Eagle,Colorado,81631,United States,-106.82826,39.65531966,9703067113,http://www.bonfirebrewing.com,Colorado,127 W 2nd St
2d8a902e-c960-46cc-9222-9dfb2cdfeb46,Bonfire Brewing Production,micro,936 Chambers Ct. B-4,Eagle,Colorado,81631-5276,United States,,,9703067113,,Colorado,936 Chambers Ct. B-4
402b5bb1-9aa8-4e55-9215-824957bf45f5,Bonn Place Brewing,micro,310 Taylor St,Bethlehem,Pennsylvania,18015,United States,-75.3745048,40.6116536,6104196660,http://www.bonnbrewing.com,Pennsylvania,310 Taylor St
66ab4fe9-46a6-480c-ba0e-d9044e233017,Bonneville Brewery,micro,1641 N Main St,Tooele,Utah,84074-8023,United States,-112.2978178,40.55980233,4352480652,,Utah,1641 N Main St
800af4b4-2ba1-4fb1-9712-66d5d514912b,Bonsai Brewing Project,brewpub,549 Wisconsin Ave,Whitefish,Montana,59937-2127,United States,-114.3406189,48.4214453,4067301717,http://bonsaibrew.com,Montana,549 Wisconsin Ave
ded2c93c-0c4e-4dee-ba98-998385dae288,Boogie Van,closed,29B Tahi Road,Auckland,Auckland,1081,New Zealand,175.0553979,-36.7941804,+64 27 519 9737,,Auckland,29B Tahi Road
1e9d4558-c7eb-44a6-b943-1f7c2f39f9c5,Boojum Brewing Company,micro,357 Dayton Dr,Waynesville,North Carolina,28786-6931,United States,-82.99383657,35.52574804,8289440888,http://www.BoojumBrewing.com,North Carolina,357 Dayton Dr
2efab57a-8614-428d-a5e2-a6a528dd6cac,"Bookhouse Brewing, LLC.",planning,,Cleveland,Ohio,44113-3104,United States,,,4144264555,http://www.bookhouse.beer,Ohio,
dda9e364-55af-4b00-acd9-5d59cb82313b,Books & Brews,brewpub,9402 Uptown Dr Ste 1400,Indianapolis,Indiana,46256-1076,United States,,,3172885136,http://www.booksnbrews.com,Indiana,9402 Uptown Dr Ste 1400
32f78839-6d32-4162-bb75-8e4f714077bf,Boom City Brewing,brewpub,317 Pine St,Williamsport,Pennsylvania,17701-6509,United States,-77.00331232,41.24108564,2722022956,http://www.boomcitybrewing.com,Pennsylvania,317 Pine St
abcf36fa-7b69-4a58-b471-f4511a80512c,Boom Island Brewing Company,micro,2014 Washington Ave North #300,Minneapolis,Minnesota,55411-2220,United States,-93.2739955,44.9855585,6122279635,http://www.boomislandbrewing.com,Minnesota,2014 Washington Ave North #300
aa877eb8-397a-4230-a379-c9424d9ca96d,Boomtown Brewery,micro,700 Jackson St,Los Angeles,California,90012-3443,United States,-118.233179,34.0507711,2136178497,http://www.boomtownbrew.com,California,700 Jackson St
edfa72b9-a54d-44db-94fd-6714470fef11,BoomTown Brewery and Woodfire Grill,brewpub,531 E Howard St,Hibbing,Minnesota,55746-1713,United States,-92.9355964,47.4276931,2184401710,http://www.boomtownwoodfire.com,Minnesota,531 E Howard St
7c3cc2fa-9b9e-4f50-acca-5a9a285706c0,Boon,micro,65 Fonteinstraat,Halle,Vlaanderen,1502,Belgium,4.219575,50.712258,+32 2 356 66 44,http://www.boon.be/,Vlaanderen,65 Fonteinstraat
b45fbbe5-b8d9-416b-884d-3c31e56975f6,Boon Brewery,micro,65 Fonteinstraat,Halle,Vlaanderen,1502,Belgium,4.2193827,50.7117523,+32 2 356 66 44,http://www.boon.be/,Vlaanderen,65 Fonteinstraat
01f95ff4-9f8a-4626-8b01-75efb27f8673,Boondocks Brewing,brewpub,302 S Jefferson Ave,West Jefferson,North Carolina,28694-,United States,-81.49133567,36.39941459,3362465222,http://www.boondocksbrew.com,North Carolina,302 S Jefferson Ave
f09bda30-0156-41cf-ba7d-1625ff37dad0,Boondoggle Brewing,contract,553 Maple St,Wethersfield,Connecticut,06109-3732,United States,-72.66458677,41.6838887,8603367366,http://www.boondogglebeers.com,Connecticut,553 Maple St
90bd1462-fbc7-4ced-a354-cd24f3996576,Boone Valley Brewing Co,micro,816 7th St,Boone,Iowa,50036-2818,United States,-93.88096265,42.062643,5154321232,http://www.boonevalleybrewing.com,Iowa,816 7th St
bcdb6b87-37af-4168-ae08-976e89498a10,Booneshine Brewing Company,micro,465 Industrial Park Dr.,Boone,North Carolina,28607,United States,-81.645208,36.222104,8282634305,http://www.booneshine.beer,North Carolina,465 Industrial Park Dr.
2ee55dd3-2d93-4e76-bbc5-78bd0d1f78d7,Boortmeerbeek,micro,28 Provinciesteenweg,Boortmeerbeek,Vlaanderen,3190,Belgium,4.6106746,50.9657109,+32 16 60 15 01,http://www.haacht.com/,Vlaanderen,28 Provinciesteenweg
7dd5dd2e-62e8-427f-81a3-8ecfa17d63d6,Boot N Flute Brewery / Guild Wurst Tavern,brewpub,53 2nd St,Coralville,Iowa,52241,United States,-91.56271744,41.66788468,3193331740,http://www.guildwursttavern.com,Iowa,53 2nd St
59b00fce-d9cf-4278-982e-684554d23b87,"Boothbay Craft Brewery, Inc",micro,301 Adams Pond Rd,Boothbay,Maine,04537-4334,United States,,,2076333411,http://www.boothbaycraftbrewery.com,Maine,301 Adams Pond Rd
9fa4461a-5ab0-44dc-b912-4bdebeab35a6,Bootleg,contract,452b Tauwhare Road,Hamilton,Waikato Region,3284,New Zealand,175.3967184,-37.8054995,+64 22 463 1726,http://www.bootlegbrewery.co.nz/,Waikato Region,452b Tauwhare Road
31a00e99-284f-419b-a1e9-93cc47cec627,Bootleg Brewers - Sandhills Brewing Company,brewpub,45145 829th Rd,Taylor,Nebraska,68879-8120,United States,-99.4254083,41.8662836,3089423440,http://www.bootlegbrewers.com,Nebraska,45145 829th Rd
bab88321-60e7-4a52-a51e-7c63e63dffb8,Bootleg Brewery,micro,37 Wildberry Road,Wilyabrup,WA,6280,Australia,115.0551139,-33.7567167,,http://www.bootlegbrewery.com.au/,WA,37 Wildberry Road
3ced5c24-34e0-4346-9167-572a6d2ba16c,Bootleggers Brewery,micro,130 S Highland Ave,Fullerton,California,92832-1803,United States,-117.928591,33.87004,7148712337,,California,130 S Highland Ave
d9e00679-9ced-416c-9042-c1414a47dba4,Bootleggers Brewery,micro,1100 E Truslow Ave,Fullerton,California,92831-4626,United States,-117.9080095,33.86741253,7148712337,http://www.bootleggersbrewery.com,California,1100 E Truslow Ave
76d91768-88ce-485a-91e2-83baf9d2f10c,"Boots Brewing Company, Inc.",micro,89 Public Sq,Watertown,New York,13601-2626,United States,-75.90904644,43.97475173,3157670794,http://www.bootsbrew.com,New York,89 Public Sq
e2c8bc39-b3c3-475a-8552-2b323d1d4e0a,Bootstrap Brewing,micro,142 Pratt St,Longmont,Colorado,80501,United States,-105.1062808,40.16140505,3036524186,,Colorado,142 Pratt St
a3412077-804c-4613-a7e6-9546b47ced90,Bootstrap Brewing Co,micro,6778 N 79th St,Niwot,Colorado,80503-7118,United States,-105.1691581,40.09681247,3036524186,http://www.bootstrapbrewing.com,Colorado,6778 N 79th St
e6f749a5-aa78-46ae-9e84-c001986a9305,Booze Brothers Brewing Co.,brewpub,2545 Progress St,Vista,California,92081-8483,United States,-117.218025,33.148212,7602950217,http://www.boozebrothersbrewery.com,California,2545 Progress St
23239fd9-a723-4227-878a-4e3905885acb,Border Brewery/Border Brew Supply,micro,224 N Broadway Ste D14,Salem,New Hampshire,03079-2145,United States,,,6032169134,http://www.borderbrewsupply.com,New Hampshire,224 N Broadway Ste D14
05250da0-46b3-4d2a-bf60-c185f602780d,Border Brewing Company,micro,406 E 18th St,Kansas City,Missouri,64108,United States,-94.5786142,39.0917581,8163156807,http://www.borderbrewco.com,Missouri,406 E 18th St
e1a5d62a-19a5-4a73-9aa6-0e7ca2799868,Border Town Pub,brewpub,22 N Dixie Hwy # 28,Momence,Illinois,60954-1504,United States,-87.66261835,41.16238275,8154724340,http://www.BorderTownPub.com,Illinois,22 N Dixie Hwy # 28
b28d3c64-b98d-4c97-a1bd-ab2465b0dbdb,Border X Brewing,micro,2181 Logan Ave,San Diego,California,92113-2203,United States,-117.1397541,32.6982174,6195010503,http://www.borderxbrewing.com,California,2181 Logan Ave
e61f3a16-9521-40a6-9f86-3918b7081a6f,Border X Logan,brewpub,2181 Logan Ave,San Diego,California,92113-2203,United States,-117.1397541,32.6982174,8584050528,http://www.borderxbrewing.com,California,2181 Logan Ave
0f840953-1dd8-478d-a6b6-3ea6ce3a65ac,Borderlands Brewing Co,micro,119 E Toole Ave,Tucson,Arizona,85701-1210,United States,-110.9676305,32.22334681,5202618773,http://www.borderlandsbrewing.com,Arizona,119 E Toole Ave
73dfe26a-7ed0-43ff-b930-cf7caa16c2a1,"Boring Brewing Co., LLC",micro,38250 Pioneer Blvd,Sandy,Oregon,97009,United States,-122.2702045,45.39722205,5034278619,http://www.boringbrewing.com,Oregon,38250 Pioneer Blvd
6790b562-2eea-40fb-974a-3b0a2d57b9dd,Bosch,brewpub,15 Steinackerstraße,Bad Laasphe,Nordrhein-Westfalen,57334,Germany,8.4093276,50.9279869,+49 2752 1234,http://www.brauerei-bosch.de,Nordrhein-Westfalen,15 Steinackerstraße
58b42b92-8294-4785-9767-5c12009610fe,Boscos Squared,brewpub,2120 Madison Ave,Memphis,Tennessee,38104-6502,United States,-90.0401714,35.1417658,9014322222,http://www.boscosbeer.com,Tennessee,2120 Madison Ave
020c681e-a4f5-4616-99e9-0e78cff9e994,Boshkung Brewing Co.,micro,1012 Loop Rd,Algonquin Highlands,Ontario,K0M 1J1,Canada,,,7053585855.0,http://boshkungbrewing.com,Ontario,1012 Loop Rd
54d82d12-cdc6-4721-a519-40b53de28ffa,Bosk Brew Works,closed,14350 NE 193rd Pl,Woodinville,Washington,98072-8402,United States,-122.1492358,47.76907913,4254194782,https://boskbrewworks.com,Washington,14350 NE 193rd Pl
a2031e26-823e-42ef-ae44-4428772a3ba9,Boskal,closed,2 Frans Raatsstraat,Kalmthout,Vlaanderen,2920,Belgium,4.4705598,51.4000338,+32 497 47 99 94,,Vlaanderen,2 Frans Raatsstraat
024f587b-17f8-42b6-8554-423162e200c9,Bosque Brewing Co,micro,8900 San Mateo Blvd NE Ste I,Albuquerque,New Mexico,87113-2459,United States,,,5054333889,http://www.bosquebrewingco.com,New Mexico,8900 San Mateo Blvd NE Ste I
9cfb70f4-7918-426f-9280-2c93e0b46c09,Bosque Brewing Co - Bosque North,micro,834 W. Highway 550,Bernalillo,New Mexico,87004,United States,,,5054333889,,New Mexico,834 W. Highway 550
d4dc69ab-cf58-44b9-9456-cea49cf6dd35,Boss Dog Brewing,brewpub,2179 Lee Rd,Cleveland,Ohio,44118-2907,United States,-81.56529555,41.50030645,2163212337,http://www.bossdogbrewing.com,Ohio,2179 Lee Rd
15dd129c-9efa-4c86-825c-c0e3eae2970c,Bossuwe,micro,,Kortrijk,Vlaanderen,8500,Belgium,3.2430254,50.8145714,,http://www.bossuwebrewing.com/,Vlaanderen,
0fd01327-99ce-41c6-a14f-a697e8d2ed89,Bosteels,micro,96 Kerkstraat,Buggenhout,Vlaanderen,9255,Belgium,3.688913,51.017781,+32 52 33 23 23,https://www.bosteelsbrewery.com/nl,Vlaanderen,96 Kerkstraat
9375dc3a-6315-4ef4-a5e6-35a257deb8a3,Boston Beer Co,micro,1 Design Center Pl Ste 850,Boston,Massachusetts,02210-2300,United States,,,6173685000,,Massachusetts,1 Design Center Pl Ste 850
214c08f5-53a3-458a-a011-63b41d62254d,Boston Beer Co,micro,30 Germania St Ste 1,Boston,Massachusetts,02130-2312,United States,,,6173685000,http://www.samueladams.com,Massachusetts,30 Germania St Ste 1
a7928f72-0201-4c7e-bb72-a83016945a2e,Boston Beer Co - DBA Samuel Adams Brewing Co,regional,1625 Central Pkwy,Cincinnati,Ohio,45214-2423,United States,-84.5207651,39.11257,6173685000,http://www.samueladams.com,Ohio,1625 Central Pkwy
5e8ccdbb-df4e-4a4a-9133-2503eb7dd0bb,Boston Breweries,micro,48-50 Canterbury Street,Cape Town,Western Cape,8001,South Africa,18.4283,-33.9304,+27 21 461 4666,https://bostonbreweries.co.za/,Western Cape,48-50 Canterbury Street
8c08388d-2ce2-47f5-a2fd-ef5dd5bce18f,Boston Brewing,micro,660 Albany Highway,Victoria Park,WA,6100,Australia,115.9007975,-31.9807709,+61 8 9253 0894,http://www.bostonbrewing.com.au/,WA,660 Albany Highway
b271dedb-ca17-40fe-8715-730af9056181,Bottle Bay Brewing Co,micro,503 1/2 E 30th Ave,Spokane,Washington,99203-2557,United States,-117.402664,47.62764,5099608049,https://www.bottlebaybrewing.com,Washington,503 1/2 E 30th Ave
b342f329-7cd5-494f-9c46-7298cdb63b0e,Bottle Logic Brewing,micro,1072 N Armando St,Anaheim,California,92806-2605,United States,-117.8597226,33.8495705,714660,http://www.bottlelogic.com,California,1072 N Armando St
b98d7721-ffac-4618-8fd5-7ae3c61255b5,Bottle Rocket Brewing Co,micro,230 S 5th St,Seward,Nebraska,68434-2520,United States,-97.09777551,40.90629564,4023045673,http://www.bottlerocketbrewing.com,Nebraska,230 S 5th St
e23c476c-0f42-4d31-9a59-0fe5a809c76f,Bottle Tree Beer Co,contract,10 N Trade St Apt A,Tryon,North Carolina,28782-3476,United States,,,8642660133,http://www.bottletree.net,North Carolina,10 N Trade St Apt A
d6317b33-57b6-4509-b4f8-d96094716eef,BottleHouse Brewery,micro,13368 Madison Ave,Lakewood,Ohio,44107-4840,United States,-81.78445705,41.47721765,2162142120,http://www.thebottlehousebrewingcompany.com,Ohio,13368 Madison Ave
22046ed7-ceb2-4ba5-a77d-5a158baa87bd,Bottom Shelf Brewery,brewpub,118 E Mill St,Bayfield,Colorado,81122,United States,-107.5990683,37.2251348,9708842442,http://www.bottomshelfbrewing.com,Colorado,118 E Mill St
50c38066-568b-4e12-a4cb-536073d998c0,"Bottomless Brewing, LLC",brewpub,3543 E Lake Rd,Geneva,New York,14456-9261,United States,,,3153254380,http://www.bottomlessbrewing.com,New York,3543 E Lake Rd
bf3caa79-a482-4c05-80f7-b34e50f153df,Bouillon,micro,85 Rue du Palis,Bouillon,Région wallonne,6830,Belgium,5.086697,49.821794,+32 61 86 03 66,http://www.rochehaut-attractions.be/,Région wallonne,85 Rue du Palis
88397add-fa6c-4117-b771-fc91be338f30,Bouillon Bruxelles,micro,7 Rue des Dominicains,Bruxelles,Brussels Capital Region,1000,Belgium,4.3544409,50.8481551,+32 2 512 20 84,https://bouillonbruxelles.com/,Brussels Capital Region,7 Rue des Dominicains
9de1818b-9215-4043-a36b-d1dce42776ae,Boulder Beer Co,regional,2880 Wilderness Pl,Boulder,Colorado,80301-5401,United States,-105.2480158,40.026439,,,Colorado,2880 Wilderness Pl
d3e1adcf-6b5c-4cbc-95e7-c980ccb79742,Boulder Beer On Walnut,brewpub,1123 Walnut St,Boulder,Colorado,80302-5116,United States,-105.2804375,40.0168555,3034471345,,Colorado,1123 Walnut St
0afcc8c2-d95e-4ef3-9f55-009e01afeb4b,Boulder Dam Brewing Company,brewpub,453 Nevada Way,Boulder City,Nevada,89005-2424,United States,-114.836937,35.97842094,,,Nevada,453 Nevada Way
8aa463ce-a1d9-44ce-9e1a-36f16ff8fdf4,Boulevard Brewing Co,regional,2501 Southwest Blvd,Kansas City,Missouri,64108-2345,United States,-94.59682307,39.08196355,8164747095,http://www.boulevard.com,Missouri,2501 Southwest Blvd
36c00147-3ca6-420f-b43d-08c69aaba4d5,Boundary Bay Brewery & Bistro,brewpub,1107 Railroad Ave,Bellingham,Washington,98225-5007,United States,-122.4809958,48.7475046,3606475593,http://www.bbaybrewery.com,Washington,1107 Railroad Ave
ce244228-d25b-4e95-8f2b-91340add0fe0,Boundary Brewing Co.,micro,2 - 455 Neave Ct.,Kelowna,British Columbia,V1V2M2,Canada,-119.391574,49.9251366,,,British Columbia,2 - 455 Neave Ct.
88053194-9192-4eca-8f83-8bca5f2207a1,Boundary Island Brewery,micro,21 Marina Quay Drive,Erskine,WA,6210,Australia,115.7089439,-32.5593774,+61 8 9584 8482,http://www.boundaryislandbrewery.com.au/,WA,21 Marina Quay Drive
6fce9f76-f613-4654-b32e-1c22994ee157,Bousa Brewing Company,micro,7235 NE 4th Ave,Miami,Florida,33138-5315,United States,-80.18941017,25.8414587,3053635166,http://www.bousabrewing.com,Florida,7235 NE 4th Ave
6577673a-61c0-4ef0-830d-031e6a3ceb59,Bow and Arrow Brewing Co.,micro,608 McKnight Ave NW,Albuquerque,New Mexico,87102-1237,United States,,,5052479800,http://www.bowandarrowbrewing.com,New Mexico,608 McKnight Ave NW
977dd7c4-75e8-4d1b-bcc6-7e448aa908a7,Bowden Brewing,micro,12 Fourth Street,Bowden,SA,5007,Australia,138.5786305,-34.9060177,,https://bowdenbrewing.com/,SA,12 Fourth Street
44bb4f9a-eecc-405e-8703-47d26f11d30e,Bowen Island Brewing,micro,275-295 Terminal Avenue,Vancouver,British Columbia,V6B 1G1,Canada,-123.1207375,49.2827291,,https://www.bowenislandbeer.ca/home,British Columbia,275-295 Terminal Avenue
ec41c18f-88fd-47ba-8677-b9b44ccef39c,Bowigens Beer Company,micro,1014 State Road 436,Casselberry,Florida,32707-5722,United States,,,4079607816,http://www.bowigens.com,Florida,1014 State Road 436
191cb275-0eda-411c-a5b8-a14d7d6b52c2,Bowling Green Beer Works,micro,322 N Grove St Ste C,Bowling Green,Ohio,43402-2322,United States,,,5122992101,,Ohio,322 N Grove St Ste C
be59a906-5104-4365-ac07-d9dd7f25f9ae,Box Office Brewery,planning,,Strasburg,Virginia,22657-2238,United States,,,5402333353,http://Info@boxofficebrewery.com,Virginia,
47e5d589-a5c4-48b6-90fa-1f1f64438d58,Boxcar Brewing Co LLC,micro,306 Westtown Rd Ste C,West Chester,Pennsylvania,19382-4983,United States,,,4849472503,http://www.boxcarbrewingcompany.com,Pennsylvania,306 Westtown Rd Ste C
b4f9eab8-b927-41ca-97b9-44e51db6b303,Boxer Brewing Co.,micro,79 Main Western Road,Tamborine Mountain,QLD,4272,Australia,153.1803998,-27.9330228,+61 7 5545 2609,http://www.boxerbrewing.com.au/,QLD,79 Main Western Road
8ff02914-7639-412c-9165-dda506bdd61b,Boxing Bear Brewing Company,brewpub,10200 Corrales Rd NW,Albuquerque,New Mexico,87114-9268,United States,-106.6460549,35.2036804,5058972327,http://www.boxingbearbrewing.com,New Mexico,10200 Corrales Rd NW
280918cb-8713-4c5a-85c8-005a6b8d4d33,Boylan Bridge Brewpub,brewpub,201 S BOYLAN AVE,Raleigh,North Carolina,27603-1803,United States,-78.649139,35.778465,9198038927,http://www.boylanbridge.com,North Carolina,201 S BOYLAN AVE
2c0881d5-49a6-426d-a234-6d0bd3bb8c36,Bozeman Brewing Co,micro,504 N Broadway Ave,Bozeman,Montana,59715-3006,United States,-111.0238884,45.6845234,4065859142,http://www.bozemanbrewing.com,Montana,504 N Broadway Ave
4624d02c-8739-4c7f-b73f-23dd1b0ce886,Brabant,micro,59 Rue Banterlez,Genappe,Région wallonne,1470,Belgium,4.448936,50.584739,+32 67 79 18 79,,Région wallonne,59 Rue Banterlez
42e5dde7-9cca-4102-9c5d-99cda6ebb625,Bracket Brewing Co.,micro,48 Addison Road,Marrickville,NSW,2204,Australia,151.1659077,-33.9034485,,https://bracketbrewing.com.au/,NSW,48 Addison Road
a5d616a6-0bfb-4f0f-8f19-da804663dafe,Bradley Brew Project,micro,714 Main St,Bradley Beach,New Jersey,07720-1013,United States,-74.01742428,40.20427079,732455804,http://www.bradleybrew.com,New Jersey,714 Main St
94d0942e-52f9-4760-8da0-57bfbcfc3059,"Bradley Farm / RB Brew, LLC",micro,317 Springtown Rd,New Paltz,New York,12561-3020,United States,-74.097562,41.760486,8452558769,http://www.raybradleyfarm.com,New York,317 Springtown Rd
8d5538db-870e-486b-8e03-8c607c38ae18,Braeloch Brewing Company,planning,,Kennett Square,Pennsylvania,19348-3605,United States,,,3026056473,,Pennsylvania,
de15320f-70e1-4e39-94c0-7fc31c0a23fb,Braeside Brewing Co.,micro,43 Governor Road,Mordialloc,VIC,3195,Australia,145.0971283,-38.0086876,+61 435 985 423,http://www.braesidebrewingco.com.au/,VIC,43 Governor Road
243eba27-3da2-4016-b24b-b83d3e4da5da,Braided River Brewing Company,taproom,420 St Louis St,Mobile,Alabama,36602-2522,United States,-88.0484051963,30.692783670095,2513016879,https://www.braidedriverbrewing.com,Alabama,420 St Louis St
8bf7e66c-cc29-473a-adf8-b63cf5cc3e69,Braindead Brewing,brewpub,2625 Main St,Dallas,Texas,75226-1411,United States,-96.7854202,32.7838067,4692869005,http://www.braindeadbrewing.com,Texas,2625 Main St
9903d1d3-b439-4784-bbec-451c78afabaa,Bramanufaktur Steckenpferd,brewpub,19a Schwanenweg,Kassel,Hessen,34123,Germany,9.5129863,51.3088337,+49 1525 5429152,http://www.braumanufaktur-steckenpferd.de,Hessen,19a Schwanenweg
fb57bce5-e778-441a-bb33-335fda062351,Branagan's Brewery LLC,planning,,Sandy,Utah,84092-3902,United States,,,8018086491,http://www.branagansbrewery.com,Utah,
81500d43-53c1-4643-a63f-4a7809e93494,Branch & Bone Artisan Ales,micro,905 Wayne Ave,Dayton,Ohio,45410-1247,United States,-84.17723419,39.75223085,9377237608,http://www.branchandboneales.com,Ohio,905 Wayne Ave
3fa1aa68-187c-40cd-8add-16217f46b8b4,Branch and Blade Brewing Company,micro,17 Bradco Street,Keene,New Hampshire,03431-4094,United States,-72.29685082,42.9185404,6033543478,http://babbrewingstore.square.site/,New Hampshire,17 Bradco Street
fd53e0a1-4115-4ebf-938b-e57335d40bbd,Branchline Brewing Company,closed,3633 Metro Pkwy,San Antonio,Texas,78247-3502,United States,,,3612908817,http://www.branchlinebrewing.com,Texas,3633 Metro Pkwy
b5c379e4-7d8a-4df5-9002-086a1756ef6e,Brand Bierbrouwerij,regional,Brouwerijstraat 2,Wijlre,Limburg,6321 AG,Netherlands,5.8940572,50.8306858,+31 0800 0244321,https://www.brand.nl/,Limburg,Brouwerijstraat 2
a35abcc1-aa2b-45b6-893c-59905a5432d5,Brandy's Braugarage,brewpub,1 Schafbergstraße,Straßkirchen,Bayern,94342,Germany,12.73178,48.83254,+49 1512 1024564,http://www.brandys-braugarage.de,Bayern,1 Schafbergstraße
b5afc4b3-221a-49d5-8e55-c6a374ea45d2,Braselton Brewing Company,planning,,Braselton,Georgia,30517,United States,,,7068701458,,Georgia,
43c4cb4d-476d-4fce-989b-824dcc289d8f,Brash,micro,508 W Crosstimbers St,Houston,Texas,77018-5521,United States,-95.40974166,29.82727538,,http://www.brashbeers.com,Texas,508 W Crosstimbers St
b1730024-0cb6-4c63-9f4e-8b3d97b85378,Brass Brewing Company,micro,318 E Colorado Ave,Colorado Springs,Colorado,80903-1949,United States,-104.8189706,38.8326073,,,Colorado,318 E Colorado Ave
f7dcf65f-f9cc-4996-9b0d-3c212bb42c52,Brass Cannon Brewing,micro,5476 Mooretown Rd,Williamsburg,Virginia,23188-2108,United States,,,7575660001,http://www.brasscannonbrewing.com,Virginia,5476 Mooretown Rd
f5d52737-490c-48c3-9da4-eff851e726f1,Brass Foundry Brewing Co.,micro,8441 Wayzata Blvd Ste 290,Minneapolis,Minnesota,55426,United States,,,7633504153,http://www.brassfoundrybrewing.com,Minnesota,8441 Wayzata Blvd Ste 290
2de96915-c8c4-478d-ad67-0c8aa5828ab4,Brass Ring Brewery,brewpub,2404 Eastern Ave SE,Grand Rapids,Michigan,49507-3632,United States,-85.64741488,42.91987422,6164601587,http://www.brassringbrewing.com,Michigan,2404 Eastern Ave SE
a07b2855-4e8f-48f2-b7b1-9563f007fca3,Brass Works Brewing Company LLC,micro,2066 Thomaston Ave,Waterbury,Connecticut,06704-1038,United States,-73.05753662,41.59747633,2035276223,http://www.brassworksbrewing.com,Connecticut,2066 Thomaston Ave
aceb19f8-fded-42fb-9396-ddc790533b3c,Brasserie Artisanale de Rulles,micro,36 Rue Maurice Grévisse,Habay,Région wallonne,6724,Belgium,5.5576509,49.7183617,+32 63 41 18 38,http://www.larulles.be/,Région wallonne,36 Rue Maurice Grévisse
44033f95-2644-48ca-82d7-faf86458f406,Brasserie Balleux sprl,micro,229 Rue de Rochefort,Beauraing,Région wallonne,5570,Belgium,4.9796195,50.1214951,+32 82 71 14 14,http://www.brasserieballeux.be/,Région wallonne,229 Rue de Rochefort
49204bbc-15c2-4800-ae64-95a7ec6fa417,Brasserie Belge,micro,16 Place Victor Horta,Saint-Gilles,Brussels Capital Region,1060,Belgium,4.3344459,50.8369301,+32 495 11 48 48,https://brasseriebelge.com/,Brussels Capital Region,16 Place Victor Horta
afeab2c6-1d88-499d-96f8-9b03dc0966db,Brasserie Boemvol,micro,25 Rue Henri Maus,Bruxelles,Brussels Capital Region,1000,Belgium,4.3499962,50.8476218,+32 2 681 27 58,https://www.90folies.com/boemvol,Brussels Capital Region,25 Rue Henri Maus
e1af6278-e173-470a-a328-5ebd217834d5,Brasserie C,micro,14 Impasse des Ursulines,Liège,Région wallonne,4000,Belgium,5.577557,50.6474911,+32 4 266 06 92,http://www.brasseriec.com/,Région wallonne,14 Impasse des Ursulines
fac4c001-f3b4-42c5-b24b-ee0373a4ec10,Brasserie Caracole,micro,86 Côte Marie-Thérèse,Dinant,Région wallonne,5500,Belgium,4.8921937,50.2030727,+32 82 74 40 80,http://www.brasseriecaracole.be/,Région wallonne,86 Côte Marie-Thérèse
4725b3e3-c2cd-4010-93d3-1f2ea48a8e78,Brasserie Caulier,micro,134 Rue de Sondeville,Péruwelz,Région wallonne,7600,Belgium,3.5878759,50.5026876,+32 69 36 26 10,http://brasseriecaulier.beer/,Région wallonne,134 Rue de Sondeville
043b82ae-76f9-4cf9-95db-763d0b6dcae3,Brasserie Chouffe,micro,32 Achouffe,Houffalize,Région wallonne,6666,Belgium,5.7458087,50.1509897,,http://www.chouffe.com/,Région wallonne,32 Achouffe
06734ab4-730a-40f3-9e05-c2c1bff752fa,Brasserie de Bastogne,micro,,Somme-Leuze,Région wallonne,5377,Belgium,5.3556107,50.2929916,+32 86 32 23 93,https://brasserieminne.be/,Région wallonne,
526a2648-5cdb-4b47-9782-fb2355150c4c,Brasserie de Bellevaux,micro,1 Rue de la Foncenale,Malmedy,Région wallonne,4960,Belgium,6.0076147,50.3917978,+32 456 08 58 56,http://www.brasseriedebellevaux.be/,Région wallonne,1 Rue de la Foncenale
0e87d764-002a-45e4-91f4-6652e4ae875d,Brasserie de l'Abbaye du Val-Dieu,micro,225 Val Dieu,Aubel,Région wallonne,4880,Belgium,5.8044131,50.6979687,+32 87 68 75 87,http://www.val-dieu.com/,Région wallonne,225 Val Dieu
996ca252-049a-4730-8c4a-e796139696d6,Brasserie de l'Aérodrome de Namur,micro,44 Rue du Capitaine Aviateur Jacquet,Namur,Région wallonne,5020,Belgium,4.7693384,50.4883555,+32 81 55 93 53,https://www.aerodromedenamur.be/brasserie/,Région wallonne,44 Rue du Capitaine Aviateur Jacquet
ea6377ff-b76f-4861-88e4-2e4fa698c625,Brasserie de l'Ermitage,micro,,Brussel,Brussels Capital Region,1070,Belgium,4.3372074,50.8407377,,http://www.ermitagenanobrasserie.be/,Brussels Capital Region,
8f0bcf83-4774-4aa3-a205-a2e470ce11cd,Brasserie de L'esplanade,micro,10 Place de l'Accueil,Ottignies-Louvain-la-Neuve,Région wallonne,1348,Belgium,4.6172897,50.6717616,+32 10 81 68 37,http://labrasserie.be/,Région wallonne,10 Place de l'Accueil
d69e8757-032b-4954-9b8f-f4f5380cd674,Brasserie de la Couronne - L'Impératrice,micro,Rue Albert 1er,Binche,Région wallonne,7134,Belgium,4.2087623,50.4315439,+32 472 32 25 97,,Région wallonne,Rue Albert 1er
d62aec90-36d7-476b-adab-07a93eed61b6,Brasserie de la Houppe,micro,165 Rue de la 1 Armée Américaine,Namur,Région wallonne,5100,Belgium,4.841279,50.407276,+32 81 37 09 37,http://www.houppe.be/,Région wallonne,165 Rue de la 1 Armée Américaine
ea9351f7-ac29-43f0-a57d-87cf6df66717,Brasserie de La Poste J. Van Windekens,micro,11 Rue de Pierre de Simpel,Comines-Warneton,Région wallonne,7784,Belgium,2.9505157,50.7518949,+33 6 23 26 57 40,https://www.facebook.com/mallepostewarneton/,Région wallonne,11 Rue de Pierre de Simpel
cce533f4-f4ad-4fda-9726-8d7f6109662b,Brasserie de la Senne,micro,19 Anna Bochdreef,Brussel,Brussels Capital Region,1000,Belgium,4.3487361,50.8677251,,http://brasseriedelasenne.be/,Brussels Capital Region,19 Anna Bochdreef
aadce66a-7f85-4c1c-b470-7606f8fe1a45,Brasserie de Londres - Mons,closed,3 Avenue Frère Orban,Mons,Région wallonne,7000,Belgium,3.9549548,50.4508307,+32 65 35 13 05,,Région wallonne,3 Avenue Frère Orban
9cec90d0-09d0-41c5-bfda-35700e5aa45b,Brasserie de Waterloo,micro,591 Chaussée de Charleroi,Waterloo,Région wallonne,1410,Belgium,4.4096996,50.6855735,+32 2 655 62 62,https://brasseriedewaterloo.be/,Région wallonne,591 Chaussée de Charleroi
af89819d-b2a8-4c28-a963-9cb41f084522,Brasserie des Fagnes,micro,26 Route de Nismes,Couvin,Région wallonne,5660,Belgium,4.5233998,50.0835943,+32 60 31 39 19,http://www.brasseriedesfagnes.com/,Région wallonne,26 Route de Nismes
e53ce8ac-07c6-418d-b2c9-d90239f19f42,Brasserie des legendes,micro,19 Rue du Castel,Ath,Région wallonne,7801,Belgium,3.7570557,50.6215946,+32 68 28 79 36,http://www.brasseriedeslegendes.be/,Région wallonne,19 Rue du Castel
998e08eb-aae0-4e37-b128-bd19dce61b73,Brasserie des Legendes,micro,19 Rue du Castel,Ath,Région wallonne,7801,Belgium,3.7570557,50.6215946,+32 68 28 79 36,http://www.brasseriedeslegendes.be/,Région wallonne,19 Rue du Castel
a03a0f12-83e9-4bff-8946-8c5ac750d2b7,Brasserie du Clocher,micro,156 Rue du Petit Babin,Namur,Région wallonne,5020,Belgium,4.7918686,50.4182599,,http://www.brasserieduclocher.be/,Région wallonne,156 Rue du Petit Babin
803e1efc-0554-477b-b2ff-6cf829154e31,Brasserie du Comte dEgmont,micro,17 Grand'Place,Chièvres,Région wallonne,7950,Belgium,3.8082042,50.5876292,+32 68 66 51 12,https://www.myseniors.be/fr/hebergement/maisons-repos/province-du-hainaut/chievres/1582-residence-comte-degmont.html,Région wallonne,17 Grand'Place
050d1388-a24f-4b56-b166-7d9ceb930404,Brasserie Du Moulin,micro,7 Rue du Séminaire,Floreffe,Région wallonne,5150,Belgium,4.7588725,50.4323844,+32 81 44 53 03,,Région wallonne,7 Rue du Séminaire
cb8733c7-6422-44b4-81c7-192883886e77,Brasserie du Val de Sambre,micro,,Thuin,Région wallonne,6530,Belgium,4.282841,50.3604713,,https://www.brasserievds.be/,Région wallonne,
0800a82d-1bf7-45d6-b9d6-af734e28ef6a,Brasserie Dubuisson,micro,28 Chaussée de Mons,Leuze-en-Hainaut,Région wallonne,7904,Belgium,3.5575921,50.5762999,+32 69 67 22 22,https://www.dubuisson.com/,Région wallonne,28 Chaussée de Mons
e94e075c-7c5b-4e72-a892-6ccf8d81007b,Brasserie Dupont,micro,5 Rue Basse,Leuze-en-Hainaut,Région wallonne,7904,Belgium,3.6498464,50.5724903,+32 69 22 56 39,http://www.brasserie-dupont.com/,Région wallonne,5 Rue Basse
67f4d024-7a7b-4296-871a-94583036ba6b,Brasserie et malterie de la Marine,micro,,Brussel,Brussels Capital Region,1070,Belgium,4.3372074,50.8407377,,http://www.ermitagenanobrasserie.be/,Brussels Capital Region,
35313078-330b-478b-a1b1-c84710c46cbb,Brasserie Grain dorge,micro,3 Rue Laschet,Plombières,Région wallonne,4852,Belgium,5.9195153,50.7239602,+32 87 78 77 84,https://www.grain-dorge.com/,Région wallonne,3 Rue Laschet
887aaeec-884a-4a60-986a-daf4333cca08,Brasserie L'Etrange,planning,,Prairieville,Louisiana,70769-6114,United States,,,2258002337,,Louisiana,
9ca1ee28-655b-48ee-a034-3e93fea572d4,Brasserie la Rogère,micro,209 Rue de la Victoire,Thuin,Région wallonne,6536,Belgium,4.3245333,50.3052,+32 499 17 76 41,,Région wallonne,209 Rue de la Victoire
17bf6857-2ff8-4631-ac5c-8cc0ddf8b342,Brasserie Les Ouvriers Reunis,micro,5 Rue Edmond Foulon,Charleroi,Région wallonne,6044,Belgium,4.3932467,50.4417662,+32 489 44 68 89,,Région wallonne,5 Rue Edmond Foulon
2ebbe5c6-e182-4cbf-99e0-c5deddd8eff8,Brasserie Lion,micro,1A Rue des Praules,Gembloux,Région wallonne,5030,Belgium,4.7146419,50.5807049,,http://www.brasserielion.com/,Région wallonne,1A Rue des Praules
ebc7385e-d139-473d-bea1-da7897edf11c,Brasserie Ommegang,micro,4 Rue de la Montagne,Bruxelles,Brussels Capital Region,1000,Belgium,4.3545637,50.8468494,+32 2 387 51 61,http://www.ommegang-brussels.com/,Brussels Capital Region,4 Rue de la Montagne
5e2505bc-97da-4c61-8a17-a812efe67709,Brasserie Restaurant La Binchoise,brewpub,38b Faubourg Saint-Paul,Binche,Région wallonne,7130,Belgium,4.166372,50.4082177,+32 64 33 61 86,http://www.labinchoise.be/,Région wallonne,38b Faubourg Saint-Paul
27db60fa-fed9-40c9-9603-3c4fe5e2bfac,Brasserie Saint James,brewpub,901 S Center St,Reno,Nevada,89501-2307,United States,-119.8074531,39.51655075,7753488888,http://www.brasseriesaintjames.com,Nevada,901 S Center St
8f5fba6f-f57d-46d3-99ce-4f2657f8f955,Brasserie Saint James - The Saint Barrelhouse,micro,761 S. Virginia St,Reno,Nevada,89501-2307,United States,-119.8090037,39.5173316,7753488888,,Nevada,761 S. Virginia St
c60b5fb1-5ca1-43ed-b401-b8281a7331ea,Brasserie Saint-Monon,micro,45 Rue Principale,Nassogne,Région wallonne,6953,Belgium,5.3114981,50.1438177,+32 495 88 06 96,http://www.saintmonon.be/,Région wallonne,45 Rue Principale
90dcdcc3-4e7a-4211-90eb-b99c6693ebbe,Brasserie Surréaliste,micro,23 Place du Nouveau Marché aux Grains,Bruxelles,Brussels Capital Region,1000,Belgium,4.3439631,50.8504162,,http://www.brasseriesurrealiste.com/,Brussels Capital Region,23 Place du Nouveau Marché aux Grains
ee5bc973-fb5d-4874-a775-8e9006d63951,Brassneck Brewery,micro,2148 Main St,Vancouver,British Columbia,V5T 3C5,Canada,-123.100784,49.2656785,12364851398,http://brassneck.ca,British Columbia,2148 Main St
f55a16cf-5ce0-46d4-a5eb-8240c01721f7,Brau Brothers Brewing Co,micro,1010 E Southview Dr,Marshall,Minnesota,56258-2401,United States,-95.77836474,44.43647118,5077472337,http://www.braubeer.com,Minnesota,1010 E Southview Dr
6dd4108b-671f-4ee2-a85b-bfe76319c369,Bräu im Moos,brewpub,1 Bräu im Moos Straße,Tüßling,Bayern,84577,Germany,12.5956936,48.1875609,+49 8633 1041,http://www.braeuimmoos.de,Bayern,1 Bräu im Moos Straße
81892b74-c2c2-4b47-b482-dbd2ec359a4c,Bräu z'Loh,brewpub,7 Loh,Dorfen,Bayern,84405,Germany,12.2172716,48.2656576,+49 8082 442,http://www.braeuzloh.de,Bayern,7 Loh
3f551dd3-080d-49c8-b00a-4ceb58fd2211,Brauakademie Zellerfeld,brewpub,11 Bornhardtstraße,Clausthal-Zellerfeld,Niedersachsen,38678,Germany,10.3327056,51.8179671,+49 5328 80221,http://www.brauakademie-zellerfeld.com,Niedersachsen,11 Bornhardtstraße
81f66e31-e29e-423b-be6c-4270ac528313,BrauArt,brewpub,2-4 Angelgasse,Grünstadt,Rheinland-Pfalz,67269,Germany,8.15935,49.54849,+49 170 1697666,http://www.brau-art.com,Rheinland-Pfalz,2-4 Angelgasse
abdeb784-805b-412e-92c0-8080b0125650,Brauberger,brewpub,36 Alfstraße,Lübeck,Schleswig-Holstein,23552,Germany,10.6809594,53.8683004,+49 451 71444,http://www.brauberger.com,Schleswig-Holstein,36 Alfstraße
d481b440-36c7-4955-8133-e9b0ba0343b1,Brauer-Vereinigung,brewpub,4 Am Buchauer Berg,Pegnitz,Bayern,91257,Germany,11.5420619,49.7581857,+49 9241 4839937,,Bayern,4 Am Buchauer Berg
dc2af156-3ad3-4db6-8535-54d2f4e99ccb,Brauerei am Roßtor / Rossberger Bier,brewpub,8 Am Roßtor,Wassenberg,Nordrhein-Westfalen,41849,Germany,6.1551445,51.100122,,http://www.rossberger-bier.de,Nordrhein-Westfalen,8 Am Roßtor
30ef4016-f88f-48d6-83ea-f49aa6eb7f12,Brauerei Beura,brewpub,35 Hasestraße,Osnabrück,Niedersachsen,49074,Germany,8.0433629,52.2784618,+49 541 24535,http://www.beura.de,Niedersachsen,35 Hasestraße
aea1843a-7bec-4390-911d-b8bb6e20fe29,Brauerei Brauda,brewpub,3 Gewerbering,Seeon-Seebruck,Bayern,83370,Germany,12.4661335,47.9793527,+49 8624 4073300,http://www.camba-bavaria.de/,Bayern,3 Gewerbering
1c6a953b-ecd8-4e04-b8ab-00392fd91886,Brauerei Braunschweig,brewpub,31 Rebenring,Braunschweig,Niedersachsen,38106,Germany,10.5302439,52.276725,+49 531 28856907,http://www.oettinger-bier.de,Niedersachsen,31 Rebenring
a6e8b0d5-d8ba-4206-bd8b-31c1e8cf1061,Brauerei Forst,large,Via Venosta 10,Lagundo,Bolzano,39022,Italy,46.677512016349,11.117459635399,+39 0473 260 111,https://www.forst.it/,Bolzano,Via Venosta 10
baa7e27d-ebaa-45ed-912e-c490414597ba,Brauerei Gasthof Blomenhof 1571,closed,8 Berliner Ring,Neumarkt in der Oberpfalz,Bayern,92318,Germany,11.4613017,49.298228,+49 9181 2705527,http://www.facebook.com/BlomenhofNeumarkt/,Bayern,8 Berliner Ring
bc75414d-6c99-46a3-a41f-9ec0fcf5672d,Brauerei Heldenblut,brewpub,22/23 Wühlischstraße,Berlin,Berlin,10245,Germany,13.4606998,52.5089972,+49 30 29367534,http://www.brauerei-heldenblut.de,Berlin,22/23 Wühlischstraße
ba4509c4-d96c-4534-9b3e-be788787a24b,Brauerei im Eiswerk,closed,44 Ohlmüllerstraße,München,Bayern,81541,Germany,11.5815965,48.1222976,,http://www.brauerei-im-eiswerk.de,Bayern,44 Ohlmüllerstraße
d42651b9-c4f6-4b86-a09a-566f7343bbe2,Brauerei Kemker,brewpub,1 Wettendorf,Everswinkel,Nordrhein-Westfalen,48351,Germany,7.7738062,51.907494,+49 1512 5267867,http://www.facebook.com/BrauereiKemker/,Nordrhein-Westfalen,1 Wettendorf
bbd5d195-b4a5-435d-9616-5806e68879c7,Brauerei Mainstockeim,brewpub,3 Untere Brunnengasse,Mainstockheim,Bayern,97320,Germany,10.1512373,49.7717061,,http://www.brauerei-mainstockheim.de,Bayern,3 Untere Brunnengasse
dc0fdbf7-e375-4ad9-bdbb-9830bbe65fba,Brauerei Sandforth,brewpub,9 Wallbrink,Steinhagen,Nordrhein-Westfalen,33803,Germany,8.34959,52.00773,+49 171 6478855,http://www.brauereisandforth.de,Nordrhein-Westfalen,9 Wallbrink
cd17edb8-b0d7-45af-b5f1-812737bcc315,Brauerei Schnorres,micro,Hauptstrasse 28,Mehlingen,Rhineland-Palatinate,67678,Germany,,,,http://www.schnorres.net,Rhineland-Palatinate,Hauptstrasse 28
f7a27918-c59c-421d-91fd-2f2a7834df6d,Brauerei Taarstedt,brewpub,12 Schörderup,Stoltebüll,Schleswig-Holstein,24409,Germany,9.8504067,54.6980542,+49 160 5458702,http://www.brauerei-taarstedt.de,Schleswig-Holstein,12 Schörderup
4f301473-bd46-44b2-9bac-c05faf4b4956,Brauerei Thomas Ernst / Silbersteg Bier,brewpub,39 Schöngeisinger Straße,Fürstenfeldbruck,Bayern,82256,Germany,11.2521966,48.1766513,+49 160 7530519,http://brauerei-ernst.de/,Bayern,39 Schöngeisinger Straße
47b8e313-8f99-4ccc-8c65-3b581e42662c,Brauereigasthof St. Afra im Felde,brewpub,144 Afrastraße,Friedberg,Bayern,86316,Germany,10.9663669,48.3399966,+49 821 6089150,http://www.sankt-afra.eu,Bayern,144 Afrastraße
96912cbb-f8cc-4819-8c50-a2f698d8b00e,Brauereigenossenschaft,brewpub,3 Bräuhausstraße,Taufkirchen (Vils),Bayern,84416,Germany,12.1326082,48.3457547,+49 8084 2377,http://www.taufkirchner-brauerei.de,Bayern,3 Bräuhausstraße
9f214182-b70e-4ba3-bba2-b24df06b86fc,Braugemeinschaft Edertal,brewpub,1a Beddelhäuser Straße,Bad Berleburg,Nordrhein-Westfalen,57319,Germany,8.4960894,50.9987964,+49 2755 2199995,http://www.braugemeinschaft-edertal.de,Nordrhein-Westfalen,1a Beddelhäuser Straße
c77a1e35-b020-4d24-86b5-f3034dc2697a,Brauhaus,brewpub,17 Jägerstraße,Würzburg,Bayern,97082,Germany,9.9148122,49.7923439,+49 931 42970,http://www.brauhausbar.de,Bayern,17 Jägerstraße
207c3c9d-ea5d-4fd4-af4f-d77cab830591,Brauhaus 18·80,brewpub,4 Auf der Lache,Fritzlar,Hessen,34560,Germany,9.2769718,51.1222076,+49 5622 918809,http://www.brauhaus1880.de,Hessen,4 Auf der Lache
87b23d97-d1c3-4583-9ccd-3074dd7d8117,Brauhaus 2.0,closed,8 Egon-Eiermann-Allee,Karlsruhe,Baden-Württemberg,76187,Germany,8.3502092,49.0368166,+49 721 47050220,http://www.brauhaus-zweipunktnull.de,Baden-Württemberg,8 Egon-Eiermann-Allee
5f289e18-a3f6-4cb4-83b6-bc76ee3be3b9,Brauhaus am Ennert,brewpub,1 An den Hecken,Bonn,Nordrhein-Westfalen,53229,Germany,7.150013,50.7353745,+49 228 431784,http://www.brauhausamennert.de,Nordrhein-Westfalen,1 An den Hecken
a3d242ce-8d0a-4011-8dcd-5ecb52648f33,Brauhaus am Kreuzberg,brewpub,1 Kreuzberg,Hallerndorf,Bayern,91352,Germany,10.9555412,49.7590977,+49 9545 4736,http://www.friedels-keller.de,Bayern,1 Kreuzberg
a5148921-f252-4abc-9163-cb4c9f1f6bea,Brauhaus am Lohberg,brewpub,15 Kleine Hohe Straße,Wismar,Mecklenburg-Vorpommern,23966,Germany,11.461062,53.8953629,+49 3841 618860,http://www.brauhaus-wismar.de,Mecklenburg-Vorpommern,15 Kleine Hohe Straße
92c70439-3435-4d7b-b3a2-ebe570015a1f,Brauhaus am Markt,brewpub,2 Stiftsplatz,Kaiserslautern,Rheinland-Pfalz,67655,Germany,7.7717355,49.4447742,+49 631 61944,http://www.brauhaus-am-markt.com,Rheinland-Pfalz,2 Stiftsplatz
13c17d55-708d-4003-905a-9392317b16da,Brauhaus am Schloss,brewpub,6 Waffnergasse,Regensburg,Bayern,93047,Germany,12.0912231,49.0154914,+49 941 2804330,http://www.brauhaus-am-schloss.com,Bayern,6 Waffnergasse
67fc21da-e09e-450e-a53c-65eedf6e7af9,Brauhaus am Schlößle,brewpub,78/2 Backnanger Straße,Sulzbach an der Murr,Baden-Württemberg,71560,Germany,9.49669,49.00412,+49 176 22922941,http://www.brauhaus-am-schloessle.de,Baden-Württemberg,78/2 Backnanger Straße
fc2a2892-0ae7-418d-891c-8fbca075c821,Brauhaus am Turm,brewpub,1 Schlossstraße,Kirchheimbolanden,Rheinland-Pfalz,67292,Germany,8.0109962,49.6642482,+49 6352 3841,http://www.brauhaus-am-turm.de,Rheinland-Pfalz,1 Schlossstraße
6a820e1c-54f1-4914-9e3b-bc60226006af,Brauhaus Binkert,brewpub,5 Westring,Breitengüßbach,Bayern,96149,Germany,10.8819446,49.9636314,+49 9544 9848857,http://www.mainseidla.de,Bayern,5 Westring
29d38031-b073-4faa-9c04-c9a809cf4d64,Brauhaus Bönnsch,brewpub,4 Sterntorbrücke,Bonn,Nordrhein-Westfalen,53111,Germany,7.097364,50.736781,+49 228 650610,http://www.brauhaus-boennsch.de,Nordrhein-Westfalen,4 Sterntorbrücke
be282c19-c16c-43e5-97d8-ff7c1a7911de,Brauhaus Brandmeier,brewpub,59 Hindenburgstraße,Cadolzburg,Bayern,90556,Germany,10.8512624,49.454222,+49 9103 7129990,http://www.cadolzburger.de,Bayern,59 Hindenburgstraße
1680d0a1-7bc3-4030-92b3-d5df7a771176,Brauhaus Budenschuster,bar,4 Friedrichstraße,Bad Steben,Bayern,95138,Germany,11.6440746,50.3661598,+49 160 94832696,http://www.brauhaus-budenschuster.de,Bayern,4 Friedrichstraße
75e57315-27f9-4a3c-bc83-f187edf69e91,Brauhaus Castel,brewpub,27 Otto-Suhr-Ring,Wiesbaden,Hessen,55252,Germany,8.29242,50.01686,+49 6134 24999,http://www.brauhaus-castel.de,Hessen,27 Otto-Suhr-Ring
5822d6c5-e10d-4bb3-bcf7-d20893d5ec58,Brauhaus Ehrstein,brewpub,3 Im Handschuhteich,Hinterweidenthal,Rheinland-Pfalz,66999,Germany,7.7491084,49.1965741,+49 6396 1680000,http://www.brauhaus-ehrstein.de,Rheinland-Pfalz,3 Im Handschuhteich
e573ecc3-fdd9-42cc-abca-55354664cd72,Brauhaus Eutin,brewpub,11 Markt,Eutin,Schleswig-Holstein,23701,Germany,10.6167935,54.1367339,+49 4521 766777,http://www.brauhaus-eutin.de,Schleswig-Holstein,11 Markt
5450b2b7-9010-4106-a576-660a8d6ed237,Brauhaus Floß,brewpub,4 Graf-Gebhard-Straße,Floß,Bayern,92685,Germany,12.2777759,49.7239305,+49 9603 6769867,http://www.brauhaus-floss.de,Bayern,4 Graf-Gebhard-Straße
0eeeacf2-0423-4f23-942b-aebeb6639c59,Bräuhaus Freising,brewpub,26 Mainburger Straße,Freising,Bayern,85356,Germany,11.7467485,48.4060454,+49 8161 6010,http://www.brauhaus-freising.de,Bayern,26 Mainburger Straße
493a4717-621e-4244-89f4-35bd9de7b608,Brauhaus Germering,brewpub,15 Dorfstraße,Germering,Bayern,82110,Germany,11.3581283,48.1372993,+49 89 20921348,http://www.brauhaus-germering.de,Bayern,15 Dorfstraße
9d3bb386-5264-4c58-b932-983733c17b5e,Brauhaus Goslar,brewpub,2 Marktkirchhof,Goslar,Niedersachsen,38640,Germany,10.4280556,51.9052778,+49 5321 685804,http://www.brauhaus-goslar.de,Niedersachsen,2 Marktkirchhof
e25ed5ba-8880-4af5-a9d4-2501e55d8d1e,Brauhaus Grünstadt,brewpub,11 Turnstraße,Grünstadt,Rheinland-Pfalz,67269,Germany,8.1649154,49.5636369,+49 176 41723945,http://www.brauhaus-gruenstadt.de.tl,Rheinland-Pfalz,11 Turnstraße
a22da4a0-2727-4614-8b1d-78af8569ad89,Brauhaus Gummersbach,brewpub,15 Hindenburgstraße,Gummersbach,Nordrhein-Westfalen,51643,Germany,7.5674953,51.0255501,+49 2261 290010,http://www.brauhaus-gummersbach.de,Nordrhein-Westfalen,15 Hindenburgstraße
f86b494a-19db-4086-8900-d643a762db1a,Brauhaus Höchstadt,brewpub,11 Kellerstraße,Höchstadt an der Aisch,Bayern,91315,Germany,10.806307,49.7072797,+49 9193 8367,http://www.brauhaus-hoechstadt.de,Bayern,11 Kellerstraße
3bc9ac35-1637-4ed7-b7d1-e01dff06d6b7,Brauhaus im Wurzgrund,brewpub,58 Hauptstraße,Karlstadt,Bayern,97753,Germany,9.7646456,49.9600173,+49 9353 97710,http://www.alte-brauerei-karlstadt.de/,Bayern,58 Hauptstraße
37f2882b-7fe8-4589-9455-d8888faef9c9,Brauhaus in Spandau,brewpub,1 Neuendorfer Straße,Berlin,Berlin,13585,Germany,13.2066083,52.5407183,+49 30 3539070,http://www.brauhaus-spandau.de,Berlin,1 Neuendorfer Straße
77250acb-fa3d-4e4a-ab5b-c2a552e4acee,Brauhaus K,brewpub,8 Bahnhofstraße,Bernkastel-Kues,Rheinland-Pfalz,54470,Germany,7.0692808,49.9157156,+49 6531 9739705,http://www.brauhaus-kloster-machern.de,Rheinland-Pfalz,8 Bahnhofstraße
3d2500c7-054b-4f6d-b02a-0d926b526cd1,Brauhaus Lauterecken,brewpub,1 Bahnhofstraße,Lauterecken,Rheinland-Pfalz,67742,Germany,7.5911572,49.6537622,+49 176 64350781,http://www.brauhauslauterecken.de,Rheinland-Pfalz,1 Bahnhofstraße
bb674664-d831-4c4b-8b0e-ba99526e5155,Brauhaus Meier,brewpub,10 Brunnmattstraße,Wehr,Baden-Württemberg,79664,Germany,7.9073758,47.6130956,+49 7762 8062509,http://www.brauhaus-meier.de,Baden-Württemberg,10 Brunnmattstraße
5e65395f-1aaa-4e4b-9bf7-610bbecc4441,Bräuhaus Melkendorf,brewpub,13 Otterbachstraße,Litzendorf,Bayern,96123,Germany,11.0315904,49.8996122,,https://www.brandholz-brauerei.de/,Bayern,13 Otterbachstraße
4a47766e-d24f-4892-b3e9-d80bd4bc4ef0,Brauhaus Michelsrombacher Wald,brewpub,51 Michelsrombacher Straße,Fulda,Hessen,36039,Germany,9.6866207,50.5906329,+49 172 4706525,http://www.brauhaus-mrw.de,Hessen,51 Michelsrombacher Straße
f9c2351f-cf80-4937-803f-667b205a2012,Brauhaus Müritz,brewpub,1 Am Tiefwarensee,Waren (Müritz),Mecklenburg-Vorpommern,17192,Germany,12.6869525,53.5166893,+49 3991 125933,http://www.brauhaus-mueritz.de,Mecklenburg-Vorpommern,1 Am Tiefwarensee
ead15508-e7b7-4e5e-8b08-ecf5cb721725,Brauhaus Napoleon,brewpub,233 Prager Straße,Leipzig,Sachsen,04289,Germany,12.4229895,51.306769,+49 341 2467676,http://www.brauhaus-leipzig.com,Sachsen,233 Prager Straße
d505fb49-e3ea-4368-8aa9-82a616140550,Brauhaus Neulich,bar,20 Selchower Straße,Berlin,Berlin,12049,Germany,13.4199255,52.4784257,+49 30 60945646,http://www.brauhaus-neulich.de,Berlin,20 Selchower Straße
6585c6c0-a794-4188-b610-c0141f623ec0,Brauhaus Niederlauer,brewpub,6 Brückenauer Straße,Motten,Bayern,97786,Germany,9.7715653,50.3953363,+49 9748 710,http://www.hausbrauerbier.de,Bayern,6 Brückenauer Straße
c508ccd7-6a2b-4766-8383-0481740a781d,Brauhaus Oberstreu,brewpub,6 Brückenauer Straße,Motten,Bayern,97786,Germany,9.7715653,50.3953363,+49 9748 710,http://www.brauhaus-oberstreu.de,Bayern,6 Brückenauer Straße
3b713aa7-b03c-4931-a214-dccd8f2bf7bf,Brauhaus Pirna,brewpub,60b Basteistraße,Pirna,Sachsen,01796,Germany,13.9429966,50.979966,+49 3501 464646,http://www.brauhaus-pirna.de,Sachsen,60b Basteistraße
76688eae-2a3f-428c-bbec-ef20ec54808c,Brauhaus Radebeul,brewpub,8 Nach der Schiffsmühle,Radebeul,Sachsen,01445,Germany,13.5925459,51.1202543,+49 351 89516933,http://www.brauhaus-radebeul.de,Sachsen,8 Nach der Schiffsmühle
26bb0fa6-32a4-4eaf-9267-bc7ce1b775f7,Brauhaus Rheinbach,brewpub,1 Wilhelmsplatz,Rheinbach,Nordrhein-Westfalen,53359,Germany,6.9472389,50.6267408,+49 2226 913800,http://www.brauhaus-rheinbach.de,Nordrhein-Westfalen,1 Wilhelmsplatz
b3bb3e75-7c12-4f7d-80e3-afa4bf68b195,Brauhaus Rosenberg,brewpub,14 Rosenberger Straße,Sulzbach-Rosenberg,Bayern,92237,Germany,11.7409574,49.5042589,+49 9661 87090,http://www.brauhaus-rosenberg.de,Bayern,14 Rosenberger Straße
8f5d7f06-a66b-430d-8250-a95cd022c10c,Brauhaus Schmilka,brewpub,36 Schmilka,Bad Schandau,Sachsen,01814,Germany,14.2319154,50.8921866,,http://www.brauerei-schmilka.de,Sachsen,36 Schmilka
7a6a00f5-9c24-439b-8781-49f9bdb7b9a3,Brauhaus Ueckermünde,brewpub,3/4 Markt,Ueckermünde,Mecklenburg-Vorpommern,17373,Germany,14.046447,53.7371126,+49 39771 800,http://www.stadtkrug-ueckermuende.de,Mecklenburg-Vorpommern,3/4 Markt
bc4933ef-ccf6-44f6-a48f-d32348d2ae80,Bräuhaus Ummendorf,brewpub,10 Bachstraße,Ummendorf,Baden-Württemberg,88444,Germany,9.83275,48.06364,+49 7351 44430,http://www.braeuhaus.de,Baden-Württemberg,10 Bachstraße
1fa231e9-36e1-4330-a00c-b3e4abcf616d,Brauhaus Weltenbummler,closed,6 Sebastian-Kneipp-Straße,Bad Gottleuba-Berggießhübel,Sachsen,01816,Germany,13.9458144,50.873326,,http://www.brauhaus-weltenbummler.de,Sachsen,6 Sebastian-Kneipp-Straße
81d73244-2daa-44dc-a0d3-4955b746794d,Brauhaus Wittenberg,brewpub,6 Markt,Wittenberg,Sachsen-Anhalt,06886,Germany,12.6439,51.86597,+49 3491 433130,http://www.brauhaus-wittenberg.de,Sachsen-Anhalt,6 Markt
2d033740-c6f6-45db-aaac-84e5a20d5571,Brauhaus Zollernalb,brewpub,4 Bahnhof,Albstadt,Baden-Württemberg,72458,Germany,9.0255824,48.2105719,+49 7431 9482941,http://www.brauhaus-zollernalb.de,Baden-Württemberg,4 Bahnhof
7eba6a41-179a-46e1-be8e-81d8fce0872d,Brauhaus zu Coburg,brewpub,4 Nägleinsgasse,Coburg,Bayern,96450,Germany,10.9638777,50.2589586,+49 9561 7059192,http://www.brauhaus-coburg.de,Bayern,4 Nägleinsgasse
4bfa0fe0-e5d6-4440-a175-5076e8faedd2,Brauhaus zu Röglitz,closed,40d Röglitzer Hauptstraße,Schkopau,Sachsen-Anhalt,06258,Germany,12.1249217,51.3999443,+49 34605 21462,http://www.brauhaus-zu-roeglitz.de,Sachsen-Anhalt,40d Röglitzer Hauptstraße
1fc7b88c-bafb-4e5f-8c34-e8de2522b1e7,Brauhaus zum Löwen,brewpub,2-4 Felchtaer Straße,Mühlhausen/Thüringen,Thüringen,99974,Germany,10.4574616,51.2075459,+49 3601 4710,http://www.brauhaus-zum-loewen.de,Thüringen,2-4 Felchtaer Straße
0a8b3fa3-dfd4-4c73-bca0-42670a84018b,Brauhaus zur Post,brewpub,45 Neumayerring,Frankenthal (Pfalz),Rheinland-Pfalz,67227,Germany,8.3503927,49.534615,+49 6233 220286,http://www.brauhaus-zur-post.de,Rheinland-Pfalz,45 Neumayerring
1192010e-54ff-4ff1-9855-47062d8c6961,Brauhaus Zwickau,closed,12-20 Peter-Breuer-Straße,Zwickau,Sachsen,08056,Germany,12.4944446,50.7171153,+49 375 3032032,http://www.brauhaus-zwickau.de,Sachsen,12-20 Peter-Breuer-Straße
6a936f12-7174-45dd-99cd-f45ad471fb23,Brauhaus Zwiebel,brewpub,24 Ulricherstraße,Soest,Nordrhein-Westfalen,59494,Germany,8.1074006,51.568669,+49 2921 4424,http://www.brauhaus-zwiebel.de,Nordrhein-Westfalen,24 Ulricherstraße
2b35fae2-a3f5-4bec-b938-c1a95f6a775f,Brauhof Wilshaus,brewpub,46 Baumstraße,Hamm,Nordrhein-Westfalen,59071,Germany,7.9026863,51.6696485,+49 2385 8855,http://www.brauhof-wilshaus.de,Nordrhein-Westfalen,46 Baumstraße
6bf1bb5e-d959-419b-9d42-bf558bda65ff,Braukeller Bobenheim,closed,6 Im Pflänzer,Bobenheim am Berg,Rheinland-Pfalz,67273,Germany,8.14555,49.52364,+49 6353 932211,http://www.braukeller-bobenheim.de,Rheinland-Pfalz,6 Im Pflänzer
bba27afa-5e9b-4c5c-92d4-5ae0d8d1038b,Braukeller Erfurt,brewpub,5 Fischmarkt,Erfurt,Thüringen,99084,Germany,11.0282588,50.9774741,+49 361 21846054,http://www.braukeller-erfurt.de,Thüringen,5 Fischmarkt
67f57213-ba7b-44c0-bafc-58351ec54036,Braukeller Gotthilf,brewpub,5 Am Schwarzen Berg,Bornhöved,Schleswig-Holstein,24619,Germany,10.2484171,54.0762164,+49 4323 6172,http://www.braukeller-gotthilf.de,Schleswig-Holstein,5 Am Schwarzen Berg
5cd41322-411f-4e4f-a7c1-c086ab0be192,Braukraft,closed,20 Münchener Straße,Gilching,Bayern,82205,Germany,11.3147331,48.1072348,,http://www.braukraft.de,Bayern,20 Münchener Straße
ab7cfd95-d5fd-4665-b25d-54cb2a6de10f,Braumanufaktur,brewpub,102 Templiner Straße,Potsdam,Brandenburg,14473,Germany,13.0235965,52.3594037,+49 33209 217979,http://www.braumanufaktur.de,Brandenburg,102 Templiner Straße
3c94db44-d746-48a7-b628-46cefc72df42,BrauManufaktur Baltrum,closed,53 Westdorf,Baltrum,Niedersachsen,26579,Germany,7.3711121,53.7267755,+49 1525 3776437,http://www.bmb-baltrum.de,Niedersachsen,53 Westdorf
bff1405c-1264-4753-83e9-4450852577a8,Braumanufaktur Hertl,brewpub,61 Thüngfeld,Schlüsselfeld,Bayern,96132,Germany,10.6288136,49.7508498,+49 9552 981028,https://braumanufaktur-hertl.de/,Bayern,61 Thüngfeld
de3bc66b-04a0-49af-9bee-bfcc72fe1035,Braumanufaktur Lippert,brewpub,77 Bamberger Straße,Lichtenfels,Bayern,96215,Germany,11.0515598,50.138872,+49 9571 9480817,http://www.braumanufaktur-lippert.de,Bayern,77 Bamberger Straße
587e90e6-8c09-4efb-83f9-3b414b4d97aa,Braumanufaktur Ludwigslust,brewpub,26 Friedrich-Naumann-Allee,Ludwigslust,Mecklenburg-Vorpommern,19288,Germany,11.4889895,53.3274291,+49 171 5425535,http://www.braumanufaktur-lwl.de,Mecklenburg-Vorpommern,26 Friedrich-Naumann-Allee
4d5e138a-38e9-4f01-928f-69b04d47102b,Braumanufaktur Marstall Boitzenburg,brewpub,5 Templiner Straße,Boitzenburger Land,Brandenburg,17268,Germany,13.604319,53.2622546,+49 39889 550005,http://www.boizenburger-bier.de,Brandenburg,5 Templiner Straße
18ba9957-7aff-40ae-a4e9-69bb843a5dfd,Braumanufaktur Radebeul,brewpub,30 Straße des Friedens,Radebeul,Sachsen,01445,Germany,13.6613536,51.1002708,+49 1575 1369488,http://www.braumanufaktur-radebeul.de,Sachsen,30 Straße des Friedens
2fbc0b69-05da-4996-9856-43e610da5210,Braumanufaktur Schmalkalden,brewpub,8 Weidebrunner Gasse,Schmalkalden,Thüringen,98574,Germany,10.45262,50.72356,,http://www.braumanufaktur-schmalkalden.de,Thüringen,8 Weidebrunner Gasse
3c40b08e-3800-4435-87a5-da4596f4568e,Braun Mühle,brewpub,55 Dörnthal,Olbernhau,Sachsen,09526,Germany,13.3336061,50.7344367,+49 37360 6250,http://www.braun-muehle-doernthal.de,Sachsen,55 Dörnthal
eacf4733-9043-4640-9462-17cb9cd15181,Brauner Hirsch,brewpub,16 Sophienhof,Harztor,Thüringen,99768,Germany,10.7909324,51.6346215,+49 36331 48144,http://www.braunerhirsch-sophienhof.de,Thüringen,16 Sophienhof
c76ecfbb-db83-407f-a558-6473c1b1471c,Brauproject 777,brewpub,48 Friedrich-Wilhelm-Straße,Voerde (Niederrhein),Nordrhein-Westfalen,46562,Germany,6.6229793,51.6103903,,http://www.brauproject.de,Nordrhein-Westfalen,48 Friedrich-Wilhelm-Straße
3c8d576b-ea2d-4b65-b72b-e6dad5f6451a,Brausch Brewery,micro,1030 S South St,Wilmington,Ohio,45177-2924,United States,-83.83091585,39.43274712,9373022337,,Ohio,1030 S South St
bf84d0cf-4744-4666-bb61-2c134345aa4b,Brauschmiede,brewpub,2a Schmiedgasse,Mainbernheim,Bayern,97350,Germany,10.216905,49.7116463,,http://www.brauschmie.de,Bayern,2a Schmiedgasse
cb6cabc7-4403-4768-8ca4-3cc8106eddb7,Braustall,brewpub,33 Regensburger Straße,Deuerling,Bayern,93180,Germany,11.9049973,49.0371628,+49 171 1414981,http://www.facebook.com/braustall/,Bayern,33 Regensburger Straße
7b647253-4bb5-4206-8136-a49900109d29,Braustelle,brewpub,2 Christianstraße,Köln,Nordrhein-Westfalen,50825,Germany,6.9107515,50.9538745,+49 221 2856932,http://www.braustelle.com,Nordrhein-Westfalen,2 Christianstraße
71fc9541-2f0f-497f-874c-f3b2ad312de3,Braustil,closed,57 Oeder Weg,Frankfurt am Main,Hessen,60318,Germany,8.6803232,50.1219242,,http://www.braustil.de,Hessen,57 Oeder Weg
06c893b6-2ec3-4f3f-a8dc-35a87ff4e40e,Braustolz,closed,Am Feldschlößchen,Chemnitz,Sachsen,09116,Germany,12.8856435,50.8230444,,http://www.braustolz.de,Sachsen,Am Feldschlößchen
502dcb72-9616-4486-981b-8a5eeef1d698,Braustube Bielefelder Biermanufactur,brewpub,22 Brockhagener Straße,Bielefeld,Nordrhein-Westfalen,33649,Germany,8.4836538,51.9877274,+49 521 40086333,http://www.braustube.diemeisterwerker.de,Nordrhein-Westfalen,22 Brockhagener Straße
d8419492-6b11-4300-8bf0-5c6d57fc3f25,Brauverein Buchfart,brewpub,1 Weimarische Straße,Buchfart,Thüringen,99438,Germany,11.3326392,50.921529,+49 3643 495935,http://www.buchfarter-muehle.de,Thüringen,1 Weimarische Straße
d5761aab-c628-4272-84d3-dda5e12d1999,BRAUW,micro,37 Molenstraat,Genk,Vlaanderen,3600,Belgium,5.5027873,50.9643594,+32 478 80 15 52,http://brauw.be/,Vlaanderen,37 Molenstraat
14306ffc-12ae-40bb-a184-9210f278f04b,Bräuwerck,brewpub,2A Marktplatz,Neudrossenfeld,Bayern,95512,Germany,11.50362,50.0154973,+49 9203 9736515,http://www.braeuwerck.de,Bayern,2A Marktplatz
08791b8f-54fd-41d7-a74e-571f531fa6ff,Brauwerk,brewpub,11 Saline Karlshalle,Bad Kreuznach,Rheinland-Pfalz,55543,Germany,7.849344,49.828583,+49 671 29843330,http://www.brauwerk.info,Rheinland-Pfalz,11 Saline Karlshalle
e8daf982-a06a-44a9-8310-b6ce8fb5639b,Brauwerk Baden,brewpub,3 Gutenbergstraße,Offenburg,Baden-Württemberg,77654,Germany,7.9565856,48.4882827,,http://www.kronen-brauhaus.de,Baden-Württemberg,3 Gutenbergstraße
45d5bf76-af10-43b0-9195-c3b5f8829dc4,Brauwerk Salvermoser,closed,14 Am Mühlberg,Tuttlingen,Baden-Württemberg,78532,Germany,8.7699,47.96017,+49 7462 7986,http://www.brauwerk-salvermoser.de,Baden-Württemberg,14 Am Mühlberg
d4cec2ae-de0b-4b05-84e5-89177d23e6ea,Brauwerkstatt,brewpub,5 Am Bahnhof,Haag an der Amper,Bayern,85410,Germany,11.8364779,48.4567909,+49 8167 693737,http://www.diebrauwerkstatt.de,Bayern,5 Am Bahnhof
a98558f6-158b-4f9a-bbd3-e199fdf5931a,Brauwerkstatt Lauterachquelle,brewpub,31 Lauterachstraße,Lauterhofen,Bayern,92283,Germany,11.6015309,49.3697065,+49 9186 569,http://www.kulturstadel-lauterhofen.de,Bayern,31 Lauterachstraße
30c10773-f482-4760-8993-41dc65f6343f,BrauWerkstatt Malsfeld,brewpub,9 Brauereistraße,Malsfeld,Hessen,34323,Germany,9.5455935,51.0905518,+49 1522 8873118,http://www.brauwerkstatt-malsfeld.de,Hessen,9 Brauereistraße
d86e9627-51fa-4f7a-b9ef-5a4b7e45545e,Bräuwirt,brewpub,9 Unterer Markt,Weiden in der Oberpfalz,Bayern,92637,Germany,12.16396,49.67589,+49 961 481330,http://www.braeuwirt.de,Bayern,9 Unterer Markt
c423766b-b61c-443d-82db-6c0afca23ef2,Brauzentrum Blaubeuren,brewpub,6 Auf dem Graben,Blaubeuren,Baden-Württemberg,89143,Germany,9.7865239,48.4122368,+49 175 9280239,http://www.pumator.de,Baden-Württemberg,6 Auf dem Graben
5553397a-29cb-429e-98b7-f0a939d77b31,Brauzwerg,closed,42 Otto-Hahn-Straße,Unna,Nordrhein-Westfalen,59423,Germany,7.7133175,51.5269291,+49 2303 962049,http://www.brauzwerg.de,Nordrhein-Westfalen,42 Otto-Hahn-Straße
ab5262ab-a154-48da-8c10-5280cba2420e,Brave,micro,205 Queen Street East,Hastings,Hawke's Bay Region,4122,New Zealand,176.8455785,-39.6426334,+64 27 239 3546,http://www.bravebrewing.co.nz/,Hawke's Bay Region,205 Queen Street East
83ff5520-de51-442e-87d8-6921ba2dcf0a,Braven Brewing Company,planning,,Brooklyn,New York,11237,United States,,,9292956673,,New York,
2d36ca84-78df-4614-8f48-69f58bb4e556,Braven Brewing Company,contract,362 Jefferson St # 320,Brooklyn,New York,11237-2312,United States,-73.92464725,40.70559895,9292956673,http://www.bravenbrewing.com,New York,362 Jefferson St # 320
b6841bf6-a236-4b83-bb06-769f2742d44a,Bravery Brewing,micro,42705 8th St W,Lancaster,California,93534-7184,United States,-118.1456072,34.6582797,6619514677,http://www.braverybrewing.com,California,42705 8th St W
cf316d34-15c7-4e3c-a9d2-c76ee68a7d81,Bravo! Restaurant & Cafe,brewpub,5402 Portage Rd,Portage,Michigan,49002-1718,United States,-85.56023131,42.23892918,2693447700,http://www.bravokalamazoo.com,Michigan,5402 Portage Rd
a3e3c312-6c4e-4bf1-b096-d1517e6f0bf5,Brawling Bear,closed,15 Fulks Corner Ave,Gaithersburg,Maryland,20877-2067,United States,-77.1960114,39.1403943,2408423272,http://www.brawlingbear.com,Maryland,15 Fulks Corner Ave
7ba02a8c-09ee-459f-8bcc-22e89244e857,Braxton Brewing Company,micro,27 W 7th St,Covington,Kentucky,41011-2301,United States,-84.51080761,39.08292505,859615600,http://www.braxtonbrewing.com,Kentucky,27 W 7th St
52de8cdc-981e-41ae-a9ea-3f80f8b7ffb1,Braxton Labs,micro,95 Riviera Dr,Bellevue,Kentucky,41073-1337,United States,-84.4872671,39.10060941,859615600,,Kentucky,95 Riviera Dr
beebe3c2-f56b-4f0b-ab06-983ac5259c3a,Brazo Fuerte Artisanal Beer,proprietor,15 Main St Ste 125,Watertown,Massachusetts,02472-4403,United States,,,6176008140,http://www.brazofuertebeer.com,Massachusetts,15 Main St Ste 125
1cf71f6d-be03-4c41-894d-b496b5358dfe,Brazos Valley Brewing Company,micro,201 W 1st St,Brenham,Texas,77833,United States,-96.3986627,30.16447,9799871133,http://www.brazosvalleybrewery.com,Texas,201 W 1st St
d5768396-cf5b-4a56-8481-294fd49b0b77,Breaker Brewing Company,brewpub,787 E Northampton St,Wilkes Barre,Pennsylvania,18702-7521,United States,-75.8739352,41.2338879,,,Pennsylvania,787 E Northampton St
3595f655-43bc-4516-bad6-6b761f21715a,Breaking Point Brewery,micro,,Cleveland Heights,Ohio,44121-1706,United States,,,2162357411,,Ohio,
2cae687c-f263-42ef-91e8-e0bfd27148ce,Breaking Waves Brewing,closed,3388 NW Byron St #100,Silverdale,Washington,98383,United States,-122.6956621,47.64553955,3602862670,https://breakingwavesbrewing.com,Washington,3388 NW Byron St #100
45249b6e-b1d0-4c2f-a60e-ab483169287f,Breakside Brewery,brewpub,820 NE Dekum St,Portland,Oregon,97211-3630,United States,-122.657117,45.5716938,5037196475,http://www.breakside.com,Oregon,820 NE Dekum St
8e2d0758-3a90-41e6-ae8b-14e673e8a383,Breakside Brewery & Taproom,regional,5821 SE International Way,Milwaukie,Oregon,97222-4633,United States,-122.6032529,45.4317535,5037196475,http://www.breakside.com,Oregon,5821 SE International Way
63e51d1b-b184-4f69-ac2f-cdda3f09a232,Breakside Brewery Slabtown,brewpub,1570 NW 22nd Ave,Portland,Oregon,97210-2369,United States,-122.6966131,45.53384986,5034447597,http://breakside.com,Oregon,1570 NW 22nd Ave
87ea7a05-f276-4e84-8eb3-d56ebabc912a,Breakwall Brewing Co.,micro,60b Glasshouse Rocks Road,Narooma,NSW,2546,Australia,150.1303063,-36.2316498,,http://www.breakwallbrewingco.com.au/,NSW,60b Glasshouse Rocks Road
be80fa99-6add-4bbd-87f8-650047882214,Breakwater Brewing Co,brewpub,101 N Coast Hwy Ste C140,Oceanside,California,92054-3015,United States,-117.3791093,33.19531474,7604336064,http://www.breakwaterbrewing.com,California,101 N Coast Hwy Ste C140
74633f8b-4260-42f5-8c1d-04eda70a2ecb,Breckenridge Brewery,large,2920 Brewery Ln,Littleton,Colorado,80120-2850,United States,,,3036232739,http://www.breckenridgebrewery.com,Colorado,2920 Brewery Ln
4483d018-611f-4c98-a230-369b6fbe791d,Breckenridge Brewery & Pub,large,600 S Main St,Breckenridge,Colorado,80424-0075,United States,-106.0445665,39.47620392,9704531550,http://www.breckbrewpub.com,Colorado,600 S Main St
c2259afb-c17e-4b35-9098-95861dabe01d,Breckenridge Brewery Ale & Game House,brewpub,200 Inverness Drive W Suite 100,Englewood,Colorado,80112,United States,-104.8667328,39.5706647,3033977801,https://www.breckbrewinverness.com/,Colorado,200 Inverness Drive W Suite 100
3b57cdfc-4a70-4b87-bb02-010df7f9f7af,Breda,closed,15 Muntstraat,Leuven,Vlaanderen,3000,Belgium,4.70267,50.878141,+32 16 36 16 27,http://brouwerijbreda.beer/,Vlaanderen,15 Muntstraat
ab0ef3cc-55ab-4663-9770-2af60573e5f7,Brehon Brewhouse,micro,Dunelty,Carrickmacross,Monaghan,A91 E170,Ireland,-6.635574,53.980673,353868230914,https://brehonbrewhouse.ie/,Monaghan,Dunelty
58d96e3e-6dae-4fae-a383-1a0c2c2edbf1,Bremen Beer Ventures,planning,,Key Biscayne,Florida,33149-7213,United States,,,3059036996,,Florida,
3fe061f6-7b81-4969-acde-93f045661cd5,Bremer Brewing Company,brewpub,102 W Bremer Ave,Waverly,Iowa,50677-3318,United States,-92.4723192,42.7259202,3193522337,https://www.bremerbrewingcompany.com,Iowa,102 W Bremer Ave
38669160-4c57-46e0-bd23-4c61377601fc,Brennerei Rönsahl,brewpub,23 Hauptstraße,Kierspe,Nordrhein-Westfalen,58566,Germany,7.5060252,51.111336,,http://www.brennerei-roensahl.de,Nordrhein-Westfalen,23 Hauptstraße
bb8680ef-fa79-4409-ab82-5d6a8f5e3e99,Breugem Brewery,micro,Lagedijk 69,Zaandijk,Noord-Holland,1544 BC,Netherlands,4.8111073,52.4761056,+31 075 204 7000,http://www.brouwerijhoop.nl/,Noord-Holland,Lagedijk 69
d2bbcb0a-59a1-481e-886a-df2a0decbbc8,Brevard Brewing Co,micro,63 E Main St,Brevard,North Carolina,28712-3746,United States,-82.7303593,35.2319789,,http://www.brevard-brewing.com,North Carolina,63 E Main St
19a59099-ee5b-49d8-8cda-6de8823876b6,Brevet Brewing Co.,micro,18 Translink Drive,Keilor Park,VIC,3042,Australia,144.848697,-37.7224426,+61 3 9336 7077,https://www.thebeerfactory.net.au/?utm_source=Google&utm_medium=Organic&utm_campaign=GMB,VIC,18 Translink Drive
da170deb-574e-4582-a365-b83058312b8b,Brew 32,brewpub,1474 State Route 208,Pulaski,Pennsylvania,16143-4308,United States,,,7242528464,http://Www.brew32craft.com,Pennsylvania,1474 State Route 208
c932db7a-8671-4052-ae9b-64ed0eb05e0b,Brew Angels LLC,brewpub,6821 Caroline St,Milton,Florida,32570-2206,United States,-87.038565,30.621944,8505640034,,Florida,6821 Caroline St
8a059258-23d2-477d-934a-f5315e44dc7f,Brew Bakers,micro,6 Abdijstraat,Affligem,Vlaanderen,1790,Belgium,4.1134502,50.9242386,+32 53 66 70 25,https://abdijaffligem.wordpress.com/,Vlaanderen,6 Abdijstraat
26baf7e9-4615-4874-84b7-4b718c84d5ea,Brew Bus Brewing,brewpub,4101 N Florida Ave,Tampa,Florida,33603-3817,United States,-82.4586495,27.9826232,8139907310,http://www.brewbususa.com,Florida,4101 N Florida Ave
2c0e680d-87ee-4bfc-ae5a-8dd62b43f3a3,Brew D'Etat,micro,,Burnsville,Minnesota,55337,United States,,,4132072355,,Minnesota,
8aadd633-ee8b-4550-9b3a-ffdf6fee2b44,Brew Detroit,micro,1401 Abbott St,Detroit,Michigan,48216-1946,United States,-83.0619769,42.32770289,3139747366,http://www.brewdetroit.com,Michigan,1401 Abbott St
e9a7e33f-8187-4dba-9f5d-a6955fd566bc,Brew Gentlemen,micro,512 Braddock Ave,Braddock,Pennsylvania,15104-1806,United States,-79.8702107,40.4041599,4128715075,http://www.brewgentlemen.com,Pennsylvania,512 Braddock Ave
24809e21-a74e-4177-b138-99aae56fe7f9,Brew House No 16,closed,831 N Calvert St,Baltimore,Maryland,21202-3705,United States,-76.6127147,39.2996249,4106594084,http://www.brewhouseno16.com,Maryland,831 N Calvert St
f7977d73-f02d-4adb-b948-6080168f5545,Brew Hub Taproom,brewpub,5656 Oakland Avenue,Saint Louis,Missouri,63110,United States,-90.28300053,38.63049786,3148335453,http://www.tapbrewhub.com,Missouri,5656 Oakland Avenue
42684296-1506-42cc-a14c-1cd31a69bfc4,"Brew Hub, LLC",regional,3900 Frontage Rd S,Lakeland,Florida,33815-3205,United States,,,8636987600,http://www.brewhub.com,Florida,3900 Frontage Rd S
ec51ec32-1a6a-4e97-9571-70a81db3bec8,Brew Keepers,micro,2245 Market St,Wheeling,West Virginia,26003-2866,United States,-80.724774,40.059259,7248098968,https://www.facebook.com/BrewKeepers,West Virginia,2245 Market St
faf1bc0d-9c9d-4297-95cc-40f669107751,Brew Kettle - Production Works,micro,20102 Progress Dr,Strongsville,Ohio,44149-3259,United States,-81.84994566,41.32637626,,,Ohio,20102 Progress Dr
ca1f9cfe-a140-49ae-a24a-443173fc662a,Brew Lab,brewpub,7925 Marty St,Overland Park,Kansas,66204-3727,United States,-94.66993927,38.98568748,9134002343,http://www.brewlabkc.com,Kansas,7925 Marty St
ff125d8f-74ad-4c15-8154-b5a4ef9d767f,Brew Life Brewing,micro,5767 Beneva Rd,Sarasota,Florida,34233-4105,United States,-82.49751806,27.27001312,9419523831,http://www.brewlifebrewing.com,Florida,5767 Beneva Rd
4694844c-ce2d-411f-9dce-22a5ff52802d,Brew Link Brewing,proprietor,212 E. Main,Plainfield,Indiana,46168-9659,United States,,,3172037788,http://www.brewlinkbrewing.com,Indiana,212 E. Main
5b801978-f82b-4517-942a-536f8ef0aee8,Brew Moon,micro,12 Markham Street,Amberley,Canterbury Region,7410,New Zealand,172.7277009,-43.1535759,+64 274 561 070,http://www.brewmoon.co.nz/,Canterbury Region,12 Markham Street
7a8b288f-f197-4175-8671-981b3bc13a7d,Brew Mountain,contract,59 Gill Street,New Plymouth,Taranaki Region,4310,New Zealand,174.0769265,-39.0557041,+64 6 927 3133,http://www.shiningpeakbrewing.com/,Taranaki Region,59 Gill Street
89948fc1-81d5-4b23-ad27-5730b2872e33,"Brew Practitioners, LLC.",micro,36 Main St,Florence,Massachusetts,01062-3152,United States,,,4135842444,http://www.brewpractitioners.com,Massachusetts,36 Main St
28af5586-7124-43e6-b99c-c91bc63b90d3,Brew Pub and Kitchen,brewpub,117 W College Dr,Durango,Colorado,81301-5407,United States,-107.8831549,37.27036464,9702595959,http://www.brewpubkitchen.com,Colorado,117 W College Dr
4f12d983-7c03-42f3-b6b3-929059fd798f,Brew Rebellion,micro,33 S San Gorgonio Ave,Banning,California,92220-6001,United States,-116.876825,33.92568489,9519074844,,California,33 S San Gorgonio Ave
0d4f2536-6686-4da4-a456-93da2a6faf53,Brew Rebellion,closed,195 N Del Rosa Dr,San Bernardino,California,92408,United States,-117.2511307,34.10279311,9519074844,http://www.brewrebellion.com,California,195 N Del Rosa Dr
8ecb30eb-3537-4b11-8925-b63f09a0b3c9,Brew Republic Bierwerks,brewpub,15201 Potomac Town Pl Ste 120 Stonebridge @ Potomac Town Center,Woodbridge,Virginia,22191-6592,United States,,,7035947950,http://brewrepublic.beer,Virginia,15201 Potomac Town Pl Ste 120 Stonebridge @ Potomac Town Center
87a67e8d-eb75-4c9a-b32d-0c4c55e884cc,Brew Studio,micro,Meadowview Road,Lancing,West Sussex,BN15 0HU,England,-0.330956,50.838777,7980978350,https://www.brewstudio.co.uk/,West Sussex,Meadowview Road
ee66deae-25ae-494b-9340-59dda8cf9c58,Brew Union,micro,41 Broadway Avenue,Palmerston North,Manawatū-Whanganui Region,4410,New Zealand,175.6124924,-40.3540828,+64 6 280 3146,http://www.brewunion.co.nz/,Manawatū-Whanganui Region,41 Broadway Avenue
35966c1a-739e-4633-a101-b0e8514a2735,Brew Windsor,micro,683 Ouellette Ave,Windsor,Ontario,N9A 1C3,Canada,,,,http://brewwindsor.com,Ontario,683 Ouellette Ave
80792259-7b13-4e7c-a574-f044714302a4,Brew Works of Fremont,brewpub,5909 S Warner Ave,Fremont,Michigan,49412,United States,-85.94003325,43.44380716,2313355105,http://www.thecommonsoffremont.com,Michigan,5909 S Warner Ave
b41b75b3-1fda-4ccc-94b9-58ab8b9454c6,Brewability Lab,micro,12445 E 39th Ave Unit 314,Denver,Colorado,80239-3456,United States,,,8163515085,http://www.Brewabilitylab.com,Colorado,12445 E 39th Ave Unit 314
5b053c54-6bac-45e7-bfe5-4d0a2c192a77,Brewaucracy,micro,34 Mahana Road,Hamilton,Waikato Region,3200,New Zealand,175.2515685,-37.7589444,+64 7 282 0254,http://www.brewaucracy.co.nz/,Waikato Region,34 Mahana Road
342d3dbb-40c9-41f1-b841-2e965065b009,Brewbaker,brewpub,29 Ackerstraße,Berlin,Berlin,10115,Germany,13.395794,52.5328642,+49 30 48477770,http://www.brewbaker.de,Berlin,29 Ackerstraße
4d98fc4c-5c85-4cce-a092-b6d3a19ca70a,BrewBakers Brewery,closed,11927 84th St NE,Lake Stevens,Washington,98258-8906,United States,-122.0677165,48.07328466,3606919025,http://www.brewbakersbrewery.com,Washington,11927 84th St NE
879d91a6-e62d-43e4-863f-680eb6675d5b,Brewbakers Brewing Co,brewpub,219 E Main St,Visalia,California,93291-6355,United States,-119.2906961,36.3300786,5596272739,http://www.brewbakersbrewingco.com,California,219 E Main St
a19e46c7-9f1d-415c-995b-0415b85ca81c,Brewcaipa Brewing Co.,micro,35058 Yucaipa Blvd,Yucaipa,California,92399-4337,United States,-117.0403021,34.033958,9092722337,http://www.brewcaipa.com,California,35058 Yucaipa Blvd
d207794a-899d-404b-872a-2c830aaa9890,Brewckau,brewpub,16 Schönebecker Straße,Magdeburg,Sachsen-Anhalt,39104,Germany,11.6387275,52.1092812,+49 391 40821949,http://www.facebook.com/Brewckau/,Sachsen-Anhalt,16 Schönebecker Straße
6f1d6c06-0c99-49f9-b7a1-dfe34a9716b1,Brewcult Brewing Co,micro,841 Sydney Road,Brunswick,VIC,3056,Australia,144.9637434,-37.7565629,,http://subculturebrewing.com.au/,VIC,841 Sydney Road
a5485562-03fe-4578-856f-6005ff261cbb,Brewdog,micro,1 Champ Street,Coburg,VIC,3058,Australia,144.9683229,-37.7367888,+61 3 8840 4896,https://brewdogpentridge.com.au/?utm_campaign=gmb&utm_medium=organic&utm_source=google&utm_term=plcid_13735306181176417173,VIC,1 Champ Street
7db0fe62-fb6c-4949-9a25-d0f318959a1b,BrewDog Berlin Mitte,bar,Ackerstraße 29,Berlin,Berlin,10115,Germany,52.5170043,13.4132225,493048477770,https://www.brewdog.com/eu_de/brewdog-berlin-mitte,Berlin,Ackerstraße 29
e58d60d7-92f7-4f8d-8a1a-6d02c25a32ee,BrewDog Berlin Mitte,bar,Ackerstraße 29,Berlin,Berlin,10115,Germany,52.5170043,13.4132225,493048477770,https://www.brewdog.com/eu_de/brewdog-berlin-mitte,Berlin,Ackerstraße 29
5bf2b773-e8ae-4849-b2f7-dfc3b4163deb,"BrewDog Brewing Company, LLC",micro,96 Gender Rd,Canal Winchester,Ohio,43110-7539,United States,-82.8311352,39.8225954,6149083059,http://www.brewdog.com/usa,Ohio,96 Gender Rd
b235bb6e-ff89-4860-923a-71c5ab5f183d,Brewdog Short North & Kennels,brewpub,1175 N High St,Columbus,Ohio,43201,United States,-83.00579,39.98637,614-908-3053,https://www.brewdog.com/,Ohio,1175 N High St
cd7c55be-0a82-43f9-bba7-b43eff43c24d,Brewed By Gnomes,contract,1735 SE 33rd Ave,Portland,Oregon,97214-5024,United States,-122.6308531,45.51021595,,,Oregon,1735 SE 33rd Ave
61c3bf4d-95e0-4afd-8d93-b2764ae5eba5,Brewer's Alley Restaurant and Brewery,brewpub,124 N Market St,Frederick,Maryland,21701-5422,United States,-77.41045515,39.41607325,3016310089,http://www.brewers-alley.com,Maryland,124 N Market St
8cb10ea6-68dd-4e09-8c1f-c8eb8293975c,Brewer's Tribute,brewpub,41 Zur Alten Börse,Berlin,Berlin,12681,Germany,13.5249891,52.5159568,+49 30 55571267,http://www.brewerstribute.de,Berlin,41 Zur Alten Börse
a82d1b5a-b811-4252-97e4-af7887f2ffab,"Brewerie at Union Station, The",brewpub,123 W 14th St,Erie,Pennsylvania,16501-1717,United States,-80.0819415,42.1211965,8144542200,http://www.brewerie.com,Pennsylvania,123 W 14th St
c7e86190-5eb9-4c24-863e-99d85ccd1595,Brewerks,micro,625 W 59th Ave Units A/B,Anchorage,Alaska,99518-1623,United States,-149.89486727486,61.167619049483,,,Alaska,625 W 59th Ave Units A/B
3c666d47-78ff-4e4c-a1f0-c5a9aeb9ad9c,Brewers,planning,,Charlotte,North Carolina,28217,United States,,,,,North Carolina,
31cf78f2-54a7-4472-b4bb-323a613a8275,Brewers Fantasy,brewpub,14 Paul-Joseph-Straße,Fürth,Hessen,64658,Germany,8.7457354,49.6632373,+49 6207 4619386,http://www.brewers-fantasy.de,Hessen,14 Paul-Joseph-Straße
7d21464e-0574-44fb-901c-2481e843d8ec,Brewers Tasting Room,brewpub,11270 4th St N Ste 202,Saint Petersburg,Florida,33716-2937,United States,,,7278733900,http://www.brewerstastingroom.com,Florida,11270 4th St N Ste 202
01684e03-04b3-45e2-92f8-2c6e57d49b5a,Brewers Union Local 180,brewpub,48329 E 1st St,Oakridge,Oregon,97463-9700,United States,-122.4568787,43.7478831,5417822024,http://www.brewersunion.com,Oregon,48329 E 1st St
cfac009a-caae-4462-beb3-1f603674e2a6,Brewery 26,micro,5829 SE Powell Blvd,Portland,Oregon,97206,United States,-122.60275,45.49758,9712548488,http://www.brewery26.com,Oregon,5829 SE Powell Blvd
9c2e1d47-fae6-463d-9f85-d95d6c6e1bdc,"Brewery 33 Hocking Hills, LLC",micro,12684 College Prospect Dr,Logan,Ohio,43138-8983,United States,-82.44991565,39.54378185,,,Ohio,12684 College Prospect Dr
4cd1320b-4f5f-4117-916f-d70be24a44bf,Brewery 4 Two 4,micro,321 Douglas Ave Ste 120,Holland,Michigan,49424-6599,United States,,,6163777773,http://brewery424.com,Michigan,321 Douglas Ave Ste 120
560bd628-7e50-4072-824d-9de843aeb13a,Brewery 719,micro,817 E 3rd St,Alliance,Nebraska,69301-3945,United States,-102.8602451,42.0971391,3087612719,http://www.brewery719.com,Nebraska,817 E 3rd St
b2e61351-5eb1-45ad-b20f-f4786be4a496,Brewery 85,micro,6 Whitlee Ct,Greenville,South Carolina,29607-3791,United States,-82.34915005,34.8028183,,http://www.brewery85.com,South Carolina,6 Whitlee Ct
affcbbea-9dce-435f-9440-d0964cebae7a,Brewery 99,micro,417 Broad St Ste F,New Bern,North Carolina,28560-4900,United States,,,2522596393,http://www.brewery99.com,North Carolina,417 Broad St Ste F
6b04fb31-0531-49fc-8dbf-517138e6c1dd,Brewery ARS,micro,1927-29 W Passyunk Ave,Philadelphia,Pennsylvania,19145-3620,United States,,,2159605173,http://breweryars.com,Pennsylvania,1927-29 W Passyunk Ave
43f8e8d9-501d-4980-bf70-e34eae21afa2,Brewery At Abigaile,brewpub,1301 Manhattan Ave,Hermosa Beach,California,90254-3666,United States,-118.4048656,33.8734519,3107988227,http://www.abigailerestaurant.com,California,1301 Manhattan Ave
0de9defa-ecfa-45b8-90e7-0857a6f28d41,Brewery At Lake Tahoe,brewpub,3542 Lake Tahoe Blvd,South Lake Tahoe,California,96150-8900,United States,-119.9619157,38.94679433,5305444369,http://www.brewerylaketahoe.com,California,3542 Lake Tahoe Blvd
bf4a35aa-c5ec-4f50-a64d-42400b752212,Brewery At Simmzys Burbank,brewpub,3000 W Olive Ave,Burbank,California,91505-4537,United States,-118.3336262,34.1572656,8189622500,http://www.Simmzys.com,California,3000 W Olive Ave
14864393-a19e-42f2-81ef-bf28407a3571,Brewery At The Culinary Institute Of America,brewpub,1946 Campus Dr,Hyde Park,New York,12538,United States,-73.9331926,41.7459268,,,New York,1946 Campus Dr
783c1657-bb0f-4718-87eb-676a8094d167,Brewery Becker,brewpub,500 W Main St,Brighton,Michigan,48116-1471,United States,-83.785481,42.529522,8108440225,http://www.brauereibecker.us,Michigan,500 W Main St
cbdfe3ef-928c-4444-b5f1-c1a2fcd3e14b,Brewery Bhavana,micro,218 S Blount St,Raleigh,North Carolina,27601,United States,-78.6366938,35.77786298,4154701370,http://brewerybhavana.com,North Carolina,218 S Blount St
0ce09740-1e61-4859-9a5b-7c993b2a9dc2,Brewery Bourgogne des Flandres,micro,26 Wollestraat,Brugge,Vlaanderen,8000,Belgium,3.2260587,51.2068853,+32 50 33 54 26,http://bourgognedesflandres.be/,Vlaanderen,26 Wollestraat
2fa987a1-22f5-4337-a165-5978925ff46b,Brewery De Ranke,micro,1a Rue du Petit-Tourcoing,Mouscron,Région wallonne,7711,Belgium,3.2993347,50.733571,+32 56 58 80 08,http://www.deranke.be/,Région wallonne,1a Rue du Petit-Tourcoing
195554b8-264d-43d6-b26d-6bee62c41a8f,Brewery Draconum,micro,24407 Main St # 09,Newhall,California,91321-2801,United States,-118.5298732,34.38122051,6619931846,,California,24407 Main St # 09
88977bac-d0ac-41b8-bcde-bfc17bb0d043,Brewery Emperial,brewpub,1829 Oak St,Kansas City,Missouri,64108,United States,-94.57886314,39.09119471,8169459625,http://www.breweryemperial.com,Missouri,1829 Oak St
e0bf1313-ecf0-45c9-8b70-8ed121ec6a27,Brewery Faisan,planning,,Detroit,Michigan,48207,United States,,,5867032030,http://www.breweryfaisan.com,Michigan,
189be7db-796b-40db-87bf-daac88a4fac7,Brewery Ferment,micro,511 S Union St,Traverse City,Michigan,49684-3246,United States,-85.62353552,44.75888715,2317358113,http://www.breweryferment.com,Michigan,511 S Union St
3ec0ac7c-9ca0-43f3-ab7d-a8ac94b92794,Brewery Fire,micro,"4337 Old Taneytown Road, Suite B",Taneytown,Maryland,21787,United States,-77.155309,39.6467305,4103909016,http://www.breweryfire.com/,Maryland,"4337 Old Taneytown Road, Suite B"
ceef4d16-ba3c-42b7-8aa3-95fd477112f4,Brewery Het Anker,micro,49 Guido Gezellelaan,Mechelen,Vlaanderen,2800,Belgium,4.4729477,51.031813,+32 15 28 71 41,http://www.hetanker.be/,Vlaanderen,49 Guido Gezellelaan
46f3fd8a-7cf1-489d-a8e5-de47f92ac020,Brewery Legitimus,micro,283 Main St,New Hartford,Connecticut,06057-2750,United States,-72.962751,41.868445,8608108894,http://www.brewerylegitimus.com,Connecticut,283 Main St
bf531157-fee4-4afb-bde9-67506babe820,Brewery of the Lesse,micro,4 Rue du Treux,Rochefort,Région wallonne,5580,Belgium,5.1636141,50.1398958,+32 84 45 75 25,http://www.brasseriedelalesse.be/,Région wallonne,4 Rue du Treux
ece3c7b9-4049-4a2d-b24e-d805797f9c3b,Brewery Ommegang,regional,656 County Highway 33,Cooperstown,New York,13326-4737,United States,-74.855063,42.753418,8005441809,http://www.ommegang.com,New York,656 County Highway 33
cdc4b4be-ac3e-4ee8-8d93-87e0d8f14f0c,Brewery Resolute,planning,,Stevens Point,Wisconsin,54481-1843,United States,,,7153214617,,Wisconsin,
7086390e-9e2a-4730-a80c-0e4861967701,Brewery Rickoli,micro,4335 Wadsworth Blvd,Wheat Ridge,Colorado,80033-4621,United States,-105.0818046,39.7757286,3034316862,http://www.breweryrickoli.com,Colorado,4335 Wadsworth Blvd
3ca1f6ae-56f3-4445-9e58-bc3bae46d89f,Brewery Saint-Feuillien,micro,220 Rue d'Houdeng,Le Rœulx,Région wallonne,7070,Belgium,4.1275611,50.4978963,+32 64 31 18 18,https://st-feuillien.com/,Région wallonne,220 Rue d'Houdeng
e193cecd-958f-4820-97d3-df215dea84b5,Brewery Silvaticus,brewpub,9 Water St,Amesbury,Massachusetts,01913-2936,United States,-70.9295559,42.8573815,9785042337,http://www.silvaticusbeers.com,Massachusetts,9 Water St
b6de3e97-fdec-4ac0-924d-5775fa7006bf,Brewery Terra Firma,micro,2959 Hartman Rd,Traverse City,Michigan,49685-8838,United States,-85.63510581,44.71509875,2319291600,http://www.breweryterrafirma.com,Michigan,2959 Hartman Rd
3b19690b-d08f-4648-947e-d182ad865593,Brewery Twenty Five,micro,106 3rd St,Hollister,California,95023,United States,-121.4008369,36.85359382,8316367640,http://www.brewerytwentyfive.com,California,106 3rd St
6be8cb90-0919-46ce-af30-435d51aa06b8,Brewery Vivant,brewpub,925 Cherry St SE,Grand Rapids,Michigan,49506-1403,United States,-85.64683809,42.95961591,6167191604,http://www.breweryvivant.com,Michigan,925 Cherry St SE
f5876665-7981-4cf5-8a2e-400d7a05c29a,Brewfinity Brewing Co,brewpub,N58 W39800 Industrial Rd Ste D,Oconomowoc,Wisconsin,53066,United States,-88.537410730917,43.126758239323,2624562843,https://www.brewfinitybrewing.com,Wisconsin,N58 W39800 Industrial Rd Ste D
da86ddee-bb17-4143-a02e-195afa438c12,Brewhaha JBay,brewpub,20 Da Gama Road,Jeffreys Bay,Eastern Cape,6330,South Africa,24.9258,-34.0514,+27 63 884 4969,https://brewhahajbay.co.za/,Eastern Cape,20 Da Gama Road
4f9d7195-bc11-44ce-bf57-e95f243a7675,Brewheim Brewing Company,planning,,Anaheim,California,92806,United States,-117.911732,33.8347516,,http://www.brewheim.com,California,
7161fdb9-12ee-4062-bf83-1da557b5cab8,Brewhogs Micro Brewery,micro,Unit 5,Randburg,Gauteng,2196,South Africa,28.0305,-26.0245,+27 82 853 5255,https://www.brewhogs.co.za/,Gauteng,Unit 5
fe3c1834-e95f-4e16-bb58-56ffd676689c,Brewhouse & Kitchen,brewpub,East Street,Horsham,West Sussex,RH12 1HL,England,-0.327295,51.061642,2073543761,https://www.brewhouseandkitchen.com/,West Sussex,East Street
4012cd29-7e59-4c75-98ba-89ff53efe702,Brewing Academy Of Montana At FVCC,planning,,Kalispell,Montana,59901,United States,,,4067564359,http://www.fvcc.edu,Montana,
639813cf-a5a1-4209-8a21-6bb8fc99589f,Brewing Brothers Ltd,brewpub,Queens Road,Hastings,East Sussex,TN34 1RL,England,0.584234,50.860013,7985505810,https://brewingbrothers.org/,East Sussex,Queens Road
2a9b0d1d-2f41-4846-98d0-622097bdb900,Brewing Events,brewpub,14a Alter Kapellener Weg,Kevelaer,Nordrhein-Westfalen,47626,Germany,6.3418963,51.5777637,,http://www.schankanlagenservice-dahlmann.de,Nordrhein-Westfalen,14a Alter Kapellener Weg
b0c00edd-f8b2-430e-84ba-763823dcb731,Brewing Tree Beer Company,micro,9278 Rockfish Valley Hwy,Afton,Virginia,22920,United States,,,5403810990,,Virginia,9278 Rockfish Valley Hwy
970a920a-26a9-468b-b229-7f8c803f1a9f,Brewjeria Company,planning,,Hacienda Heights,California,91745-1620,United States,-117.9686755,33.9930677,,http://www.brewjeriacompany.com,California,
4cd2e7c4-0973-4e3a-9d8f-ef2f207b89ea,BrewLAB,micro,4191 Carpinteria Ave Ste 8,Carpinteria,California,93013-3302,United States,-119.5340743,34.40388565,,http://www.brewlabcraft.com/,California,4191 Carpinteria Ave Ste 8
92d42647-418c-42c1-bec1-495da2c78083,Brewmaltster / Braxar,micro,Hauptstr. 9,Buehlertann,Baden-Württemberg,74424,Germany,,,,http://www.brewmaltster.de,Baden-Württemberg,Hauptstr. 9
411eadd9-073f-4b6a-8f17-db0bc6b91708,Brewmanity Beer Co.,micro,50 Tope Street,South Melbourne,VIC,3205,Australia,144.9629367,-37.8305483,+61 3 8652 8325,https://brewmanity.com.au/,VIC,50 Tope Street
dc230b28-7686-4c2f-897c-fd54afd55e33,Brewmasters Tavern / Brewmasters Brewing Services,micro,4 Main St,Williamsburg,Massachusetts,01096-9428,United States,-72.7305059,42.3923659,4132682199,,Massachusetts,4 Main St
d4603870-fec1-49ce-9137-6c1e1f0efc2e,Brewmented,micro,900 S Hover St Ste C,Longmont,Colorado,80501-7941,United States,,,8772579956,http://www.brewmented.com,Colorado,900 S Hover St Ste C
91edce96-9b05-47fb-b160-efa8f5dfd2c2,"BrewPlan, Inc.",planning,,Onalaska,Wisconsin,54650,United States,,,6083869430,http://www.brewplan.com,Wisconsin,
2c81530e-f7b2-4d1c-85ae-c351b12b11fc,Brewpop Brewery,brewpub,2122 US Highway 92 W,Auburndale,Florida,33823-3962,United States,,,8636623864,http://www.brewpop.com,Florida,2122 US Highway 92 W
d67247b7-20ad-4f3a-aefb-b1f5097f6005,Brewport Brewing Co,brewpub,225 S Frontage Rd,Bridgeport,Connecticut,06604-5031,United States,-73.19238627,41.170877,2036124438,http://www.brewportct.com,Connecticut,225 S Frontage Rd
c8741305-1bbf-4318-a202-1f08584ff983,Brewpub Center Point,brewpub,2-5-8 Ukida,Osaka,Osaka,530-0021,Japan,135.5075634,34.70979002,81664508296,https://brewpub.co.jp/,Osaka,2-5-8 Ukida
241eadea-4c86-420f-9ce9-76eb2beed93c,Brewpub In Planning - Birmingham,planning,,Birmingham,Alabama,35222,United States,-86.8024326,33.5206824,2565854531,,Alabama,
3701ef02-81a2-4d59-99ae-8344dc8b530b,Brews Brothers,brewpub,2404 Strand St,Galveston,Texas,77550-1412,United States,,,4097632739,,Texas,2404 Strand St
f5406382-8474-463c-b420-f743a82d9dfa,BrewSA Brewing Co,micro,180 Woodcleft Ave,Freeport,New York,11520-6336,United States,-73.582368,40.635176,5163772751,http://www.brewsa.com,New York,180 Woodcleft Ave
66d3ce30-cb04-4340-85ec-f3ab90c47c76,Brewski Beers,micro,Cameron Street,Coburg,VIC,3058,Australia,144.9624512,-37.7534,,,VIC,Cameron Street
f3598750-c881-4e7c-a2d5-c978c56416da,Brewstel,micro,120 Davis Ave,Elkins,West Virginia,26241-3812,United States,-79.849588,38.923407,3049974769,http://www.brewstel.com,West Virginia,120 Davis Ave
9032a86f-4b3d-42a0-b8f8-c41a82b1d027,Brewster Bros Brewing Co,micro,402 W River St,Chippewa Falls,Wisconsin,54729-2355,United States,-91.39646593,44.93179462,7158615100,http://www.chippewariverdistillery.com/beer/,Wisconsin,402 W River St
79ccf31c-2e69-4b6b-b63c-5f84093a0050,Brewtality,contract,930 McLaughlin Ave,San Jose,California,95122-2611,United States,-121.8541694,37.3331712,3104023349,http://www.brewtality.com,California,930 McLaughlin Ave
ff3a7923-f6fe-42b4-ac50-1c84665cb147,BrewTous´ Microbrewery & Taproom,micro,1G Marktplatz,Bütgenbach,Région wallonne,4750,Belgium,6.2042244,50.4257183,+32 473 23 24 28,https://www.facebook.com/brewtous/,Région wallonne,1G Marktplatz
f208c762-c903-4be2-927b-47716692794d,Brewtus Brewing Co,micro,23 Chestnut Ave,Sharon,Pennsylvania,16146-,United States,-80.50749936,41.23267888,7243086293,http://www.brewtusbrewing.com,Pennsylvania,23 Chestnut Ave
0d045b05-7dbe-4eed-83a4-463235e042f6,Brewvado Taproom,closed,135 Lopez Rd B,Lopez Island,Washington,98261-8290,United States,-122.913356,48.523402,3602288214,https://www.facebook.com/Lopez-Island-Brewing-Company-and-Brewvado-Tap-Room-1507961149443612,Washington,135 Lopez Rd B
ff72584e-5eab-4569-8a39-9849f1a7841f,Brewyard Beer Company LLC,micro,906 Western Ave,Glendale,California,91201,United States,-118.3018112,34.159644,8184099448,http://www.brewyardbeercompany.com,California,906 Western Ave
a98d6d6b-24a8-4df1-93d5-3c4d7cc933bf,BREXX,brewpub,11-17 Brexbachstraße,Höhr-Grenzhausen,Rheinland-Pfalz,56203,Germany,7.6613335,50.4522206,+49 2624 105637,http://www.brexx-grenzau.de,Rheinland-Pfalz,11-17 Brexbachstraße
797d3752-6296-481b-882a-d12fe725f83f,Briar Common Brewery,brewpub,2298 N Clay St,Denver,Colorado,80211-5122,United States,,,7204703731,http://www.briarcommon.com,Colorado,2298 N Clay St
c6a922ef-6ab8-4a8a-a5a3-119a9ab17359,BriarBrothers Brewing Company,micro,50 Elk Street,Buffalo,New York,14210,United States,-78.8516267,42.8698783,7162170585,https://briarbrothersbrewing.com,New York,50 Elk Street
1c3dbf61-31ac-41fc-a21f-d29b9bb6a663,BriarScratch Brewing,micro,Highway 25,Cottontown,Tennessee,37048,United States,-86.53805,36.4514343,6153191563,http://www.briarscratchbrewing.com,Tennessee,Highway 25
943e18a6-f4e8-4651-b49e-1e0967cb687d,Brice's Brewing Company,micro,1822 Garner Station Blvd,Raleigh,North Carolina,27603-3643,United States,-78.65871577,35.72493108,9842001803,http://www.bricesbrewing.com,North Carolina,1822 Garner Station Blvd
eb63b691-1cd1-4bae-9ae7-e5d4e20259e5,Brick & Mortar Brewing Company,micro,212 E Washington St,Suffolk,Virginia,23434-4514,United States,-76.57994305,36.72740683,7575331173,,Virginia,212 E Washington St
6d20287b-6572-4b77-bb8d-97068a3ba8b1,Brick and Barrel,micro,1844 Columbus Rd,Cleveland,Ohio,44113-2412,United States,-81.7008861,41.4895629,5039270629,http://www.brickandbarrelbrewing.com,Ohio,1844 Columbus Rd
776e95e1-cb7b-4a88-89a6-9829bde7a4f2,Brick and Feather Brewery,micro,78 11th St,Turners Falls,Massachusetts,01376-1020,United States,,,4138632574,http://www.brickandfeatherbrewery.com,Massachusetts,78 11th St
41bd989c-397a-4327-9d06-b6ebd0428261,Brick House Brewery and Restaurant,brewpub,67 W Main St,Patchogue,New York,11772-3001,United States,-73.01556054,40.7657941,6314472337,http://www.brickhousebrewery.com,New York,67 W Main St
1175a260-0f9f-487f-be30-c8ea146908da,Brick Lane Brewing,micro,,Melbourne,VIC,3000,Australia,144.9564333,-37.8077895,+61 3 9525 0938,https://bricklanebrewing.com/pages/brick-lane-shed,VIC,
5db17581-4733-49e0-ac36-d6df692948de,Brick Oven Pizza Co / Brick & Forge Brewing,brewpub,814 US-62,Harrison,Arkansas,72601,United States,,,8702364200,,Arkansas,814 US-62
0bc7e210-353b-4a28-a801-58028431f2bc,Brick Oven Pizza Co / Brick & Forge Brewing,brewpub,2410 Linwood Dr,Paragould,Arkansas,72450-6122,United States,-90.52047972,36.03163581,8702364200,http://www.brickovenpizzacompany.com,Arkansas,2410 Linwood Dr
505fb24a-cf9f-4668-845c-6a7533b2f7a5,Brick Oven Pizza Co/ Brick & Forge Brewing,brewpub,4714 S 14th St,Abilene,Texas,79605-4733,United States,-99.78335777,32.42968055,8702364200,,Texas,4714 S 14th St
8652536e-e81b-446d-bd70-a7ed43b8898a,Brick Vault Brewery & BBQ,brewpub,102 NW 1st St Highway 90W,Marathon,Texas,79842,United States,,,4323864205,http://www.gagehotel.com,Texas,102 NW 1st St Highway 90W
fa8b32bf-0499-4fdb-990e-a2b1d1fead6c,Brick West Brewing Co,micro,1318 W 1st Ave,Spokane,Washington,99201,United States,-117.4318785,47.65762329,5092792982,https://www.brickwestbrewingco.com,Washington,1318 W 1st Ave
f86a5689-c7fb-4cf8-9966-053f968d65f3,Brick Works Brewing and Eats,brewpub,230 S Dupont Blvd,Smyrna,Delaware,19977-1573,United States,-75.60080124,39.29825995,3025082523,http://www.brickworksde.com,Delaware,230 S Dupont Blvd
3a4d9601-a590-40f3-b6ba-5551188fd6b3,BrickHaven Brewing Company,micro,200 E Jefferson St,Grand Ledge,Michigan,48837-1537,United States,-84.745273,42.752301,5179251319,,Michigan,200 E Jefferson St
c1923f43-b220-46ec-aa43-0a93cb4ebd07,Brickhouse Restaurant and Brewery,brewpub,241 Union Square,Milford,New Hampshire,03055,United States,,,6036722270,,New Hampshire,241 Union Square
df1088cc-00ba-4947-8239-a4b7ddcfb966,Brickside Brewery,micro,64 Gratiot Street,Copper Harbor,Michigan,49918,United States,,,9062894772,http://www.bricksidebrewery.com,Michigan,64 Gratiot Street
567ae586-5467-47bb-8ef1-9fdad82f5647,BrickStone Brewery,micro,572 Brewery Ln,Bourbonnais,Illinois,60914-2196,United States,,,8159369277,,Illinois,572 Brewery Ln
2c0d7a26-0890-40f6-8f9e-7b3bb1975f68,BrickStone Brewery Brewpub,brewpub,557 William Latham Dr,Bourbonnais,Illinois,60914-2319,United States,-87.881654,41.162675,8159369277,http://www.brickstonebrewery.com,Illinois,557 William Latham Dr
1d7e7d19-91e3-4752-9fb0-9454fad1aff8,Bricktown Brewery,brewpub,1 Remington Pl,Oklahoma City,Oklahoma,73111,United States,-97.471261,35.5277209,4054194449,http://www.bricktownbrewery.com,Oklahoma,1 Remington Pl
4468dae2-ef14-4570-af79-812226eaabd1,Bricktown Brewery,brewpub,1 N Oklahoma Ave,Oklahoma City,Oklahoma,73104-2413,United States,-97.510181,35.567702,4052322739,http://www.bricktownbrewery.com,Oklahoma,1 N Oklahoma Ave
433a8b85-87b2-4b73-87c9-c2c35570a544,Bricktowne Brewing Co,brewpub,111 E 8th St,Medford,Oregon,97501-7201,United States,-122.8721525,42.32544541,5419732377,http://www.bricktownebeer.com,Oregon,111 E 8th St
77565858-e764-4dfd-9657-1a21fc5f7eb5,Brickway Brewery and Distillery,micro,1116 Jackson St,Omaha,Nebraska,68102-2825,United States,-95.93090524,41.25449082,4029332613,http://www.drinkbrickway.com,Nebraska,1116 Jackson St
e3b138f0-4abd-4e23-b04d-4aac36e1c63d,Brickyard Brewing Company,brewpub,436 Center St,Lewiston,New York,14092-1604,United States,-79.04306419,43.1729222,7167547227,http://www.brickyardbrewingcompany.com,New York,436 Center St
1fe308b9-913a-4251-bd2c-b58b956258f1,Bridal Veil Brewing,closed,5040 Ca-140 Ste C,Mariposa,California,95338,United States,-119.9655984,37.4858541,2099667837,http://www.facebook.com/Bridal-Veil-Brewing-114925729113371,California,5040 Ca-140 Ste C
30077396-1359-483b-b4a5-e015ac0f60e2,Bridewell Brewery,micro,Bridewell Lane,Clifden,Galway,H71 AW08,Ireland,-10.02041542,53.4871487,353871279346,https://www.bridewellbrewery.ie/,Galway,Bridewell Lane
589c2190-6d97-4f2b-802d-2eaa6b282baf,Bridge 99 Brewery,micro,63063 Layton Ave,Bend,Oregon,97701-7087,United States,-121.2916707,44.09103738,5412801690,,Oregon,63063 Layton Ave
087e2086-aafc-4aa7-b97c-8703f89aa199,Bridge And Tunnel Brewery,micro,15-35 Decatur St,Ridgewood,New York,11385-5818,United States,-73.9017521,40.6943348,3473928593,http://www.bridgeandtunnelbrewery.com,New York,15-35 Decatur St
